song_name,start_time,end_time,duration,head_movement,facial_expression,intensity,mfcc_1_mean,mfcc_1_std,mfcc_2_mean,mfcc_2_std,mfcc_3_mean,mfcc_3_std,mfcc_4_mean,mfcc_4_std,mfcc_5_mean,mfcc_5_std,mfcc_6_mean,mfcc_6_std,mfcc_7_mean,mfcc_7_std,mfcc_8_mean,mfcc_8_std,mfcc_9_mean,mfcc_9_std,mfcc_10_mean,mfcc_10_std,mfcc_11_mean,mfcc_11_std,mfcc_12_mean,mfcc_12_std,mfcc_13_mean,mfcc_13_std,mfcc_delta_1_mean,mfcc_delta_1_std,mfcc_delta_2_mean,mfcc_delta_2_std,mfcc_delta_3_mean,mfcc_delta_3_std,mfcc_delta_4_mean,mfcc_delta_4_std,mfcc_delta_5_mean,mfcc_delta_5_std,mfcc_delta_6_mean,mfcc_delta_6_std,mfcc_delta_7_mean,mfcc_delta_7_std,mfcc_delta_8_mean,mfcc_delta_8_std,mfcc_delta_9_mean,mfcc_delta_9_std,mfcc_delta_10_mean,mfcc_delta_10_std,mfcc_delta_11_mean,mfcc_delta_11_std,mfcc_delta_12_mean,mfcc_delta_12_std,mfcc_delta_13_mean,mfcc_delta_13_std,mfcc_delta2_1_mean,mfcc_delta2_1_std,mfcc_delta2_2_mean,mfcc_delta2_2_std,mfcc_delta2_3_mean,mfcc_delta2_3_std,mfcc_delta2_4_mean,mfcc_delta2_4_std,mfcc_delta2_5_mean,mfcc_delta2_5_std,mfcc_delta2_6_mean,mfcc_delta2_6_std,mfcc_delta2_7_mean,mfcc_delta2_7_std,mfcc_delta2_8_mean,mfcc_delta2_8_std,mfcc_delta2_9_mean,mfcc_delta2_9_std,mfcc_delta2_10_mean,mfcc_delta2_10_std,mfcc_delta2_11_mean,mfcc_delta2_11_std,mfcc_delta2_12_mean,mfcc_delta2_12_std,mfcc_delta2_13_mean,mfcc_delta2_13_std,chroma_1_mean,chroma_1_std,chroma_2_mean,chroma_2_std,chroma_3_mean,chroma_3_std,chroma_4_mean,chroma_4_std,chroma_5_mean,chroma_5_std,chroma_6_mean,chroma_6_std,chroma_7_mean,chroma_7_std,chroma_8_mean,chroma_8_std,chroma_9_mean,chroma_9_std,chroma_10_mean,chroma_10_std,chroma_11_mean,chroma_11_std,chroma_12_mean,chroma_12_std,rms_mean,rms_std,spectral_centroid_mean,spectral_centroid_std,spectral_bandwidth_mean,spectral_bandwidth_std,zcr_mean,zcr_std,tempo
APT,0,8,8,none,neutral,0,-252.25978088378906,107.36590576171875,90.34839630126953,44.113426208496094,-54.23568344116211,38.897193908691406,6.418361663818359,26.762271881103516,-3.8302419185638428,19.656129837036133,-10.774174690246582,23.071277618408203,-24.820547103881836,21.11841583251953,0.06785446405410767,17.631885528564453,-13.039778709411621,12.204628944396973,-15.630867958068848,15.259033203125,3.975660562515259,14.400943756103516,-6.705585479736328,13.037491798400879,-14.162793159484863,11.900938987731934,0.7182360887527466,13.538986206054688,0.1424381285905838,5.516321659088135,-0.06359410285949707,5.439881801605225,0.11306791752576828,3.5775976181030273,0.008089165203273296,3.031946897506714,0.04507787898182869,2.461195707321167,-0.003393986029550433,2.7164688110351562,0.016239898279309273,2.1538405418395996,-0.0028079296462237835,1.8529515266418457,0.02001982368528843,1.5328155755996704,-0.014616838656365871,2.2063405513763428,0.00985388271510601,1.7028579711914062,-0.027097662910819054,1.4454962015151978,-0.09739931672811508,5.594911575317383,-0.010428215377032757,2.291128635406494,-0.00572400726377964,1.9632827043533325,-0.0012071713572368026,1.5593936443328857,0.000699378433637321,1.4700572490692139,0.0036573803517967463,1.11568284034729,-0.0030296214390546083,1.2794225215911865,0.006386095657944679,1.0010508298873901,0.0029799125622957945,0.989995002746582,0.005874271038919687,0.8361972570419312,0.004611759912222624,1.0514776706695557,-0.003164906520396471,0.9039139747619629,-0.0028206119313836098,0.7432229518890381,0.3626261055469513,0.31011834740638733,0.348248690366745,0.28906646370887756,0.3750428259372711,0.3021564781665802,0.3774500787258148,0.31332340836524963,0.38312578201293945,0.316345751285553,0.3934820592403412,0.3007410168647766,0.4032790958881378,0.3105038106441498,0.4129262864589691,0.32257866859436035,0.401108980178833,0.31684190034866333,0.3707304894924164,0.3124244511127472,0.3847455382347107,0.33139172196388245,0.40142565965652466,0.32411590218544006,0.08191123604774475,0.09841758757829666,3268.34251950238,1534.5602216146124,3023.8266829645163,962.8568068889937,0.09264535212862318,0.0659427464510384,73.828125
APT,8,12,4,nod,neutral,3,-119.94580841064453,85.4733657836914,118.79261779785156,23.831167221069336,-32.252044677734375,18.438762664794922,37.711830139160156,18.00119972229004,-12.436161041259766,14.526144981384277,16.117321014404297,14.529598236083984,-7.892251014709473,12.139606475830078,21.023082733154297,16.12445068359375,-3.6939914226531982,8.845660209655762,6.141045570373535,7.313329219818115,12.911540031433105,13.800668716430664,6.818032264709473,7.688498020172119,2.137237548828125,7.412003517150879,0.46676141023635864,19.50952911376953,0.044348474591970444,4.403713703155518,0.02074192650616169,3.1856203079223633,-0.06307213008403778,3.730766534805298,-0.0294024720788002,3.2325005531311035,-0.008309781551361084,2.539355993270874,0.012239323928952217,2.0190823078155518,0.015304593369364738,2.5168917179107666,0.01833771914243698,1.658013939857483,0.03145879879593849,1.3589774370193481,-0.06710055470466614,2.6145782470703125,-0.010369240306317806,1.5197229385375977,0.0022653539199382067,1.3839218616485596,-0.013919156044721603,8.590536117553711,-0.024529915302991867,2.379528045654297,0.04368092492222786,1.7134428024291992,0.015087839215993881,1.8566408157348633,0.02025807835161686,1.6510844230651855,0.011868642643094063,1.3263592720031738,-0.00167782511562109,1.2795430421829224,-0.0045979805290699005,1.2513753175735474,0.01166440173983574,1.1667910814285278,-5.7753273722482845e-05,0.8951449990272522,-0.011802508495748043,1.1791467666625977,0.017559699714183807,0.9209985136985779,0.012070424854755402,0.7257590889930725,0.4945525825023651,0.32408881187438965,0.4603009521961212,0.2763584554195404,0.4482860565185547,0.29204875230789185,0.3931507170200348,0.27925223112106323,0.44469380378723145,0.27843406796455383,0.539046049118042,0.2745386064052582,0.5354188084602356,0.31568530201911926,0.509983241558075,0.30731964111328125,0.5171291828155518,0.28758856654167175,0.5516927242279053,0.2575778663158417,0.669806182384491,0.2825376093387604,0.5408832430839539,0.29077622294425964,0.19524383544921875,0.1518215388059616,3500.5366370994134,1128.058137183531,3704.495562881549,599.1705969759312,0.08039232336956521,0.047302925489299666,99.38401442307692
APT,12,18,6,shake,smile,3,-111.64884948730469,81.38853454589844,119.2240982055664,27.930055618286133,-31.968210220336914,19.38829231262207,37.273277282714844,17.40284538269043,-12.154454231262207,14.835951805114746,17.4373836517334,14.184261322021484,-5.793873310089111,11.575324058532715,21.703540802001953,15.318233489990234,-2.345336437225342,8.979155540466309,6.16238260269165,8.1733980178833,13.00708293914795,13.355815887451172,6.293811798095703,7.345856666564941,1.844329833984375,7.388582706451416,-0.4038054347038269,18.49150276184082,0.09126898646354675,4.762473106384277,0.05639170855283737,3.2634928226470947,-0.11105915158987045,3.5145890712738037,0.008562992326915264,3.118584156036377,-0.07806793600320816,2.4295358657836914,-0.009476752020418644,1.9090162515640259,-0.03357121720910072,2.4896769523620605,-0.0055067832581698895,1.7055158615112305,-0.03482740372419357,1.4603006839752197,0.044276636093854904,2.6272788047790527,-0.002024455927312374,1.4928210973739624,0.02443801984190941,1.3785748481750488,0.13561411201953888,8.552759170532227,0.02474844641983509,2.3111166954040527,-0.016860460862517357,1.7176181077957153,-0.020770873874425888,1.7201051712036133,-0.011378699913620949,1.6155290603637695,-0.017914146184921265,1.208986520767212,-0.006054781377315521,1.1960501670837402,0.010049887001514435,1.268383264541626,0.009097298607230186,1.1554769277572632,-0.0016294604865834117,0.9023984670639038,0.004727318417280912,1.223756194114685,0.002287552459165454,0.8875657916069031,0.00346096302382648,0.745448648929596,0.5386589765548706,0.3144693672657013,0.47451600432395935,0.31141605973243713,0.45661571621894836,0.2983969449996948,0.41768679022789,0.2886908948421478,0.3766123652458191,0.2725200951099396,0.4437185823917389,0.28480973839759827,0.4949358403682709,0.28098779916763306,0.5068624019622803,0.32900530099868774,0.4948683977127075,0.288360595703125,0.5077106356620789,0.2885439991950989,0.6275290250778198,0.2798399329185486,0.6664355397224426,0.2763949930667877,0.20703274011611938,0.14907650649547577,3499.685312959107,1236.9943995534204,3725.329920786677,690.6874664759591,0.08151274631286266,0.052424541916482145,99.38401442307692
APT,18,25,7,nod,frown,3,-89.63971710205078,66.83582305908203,107.20989990234375,36.78973388671875,-27.84856605529785,22.45189094543457,47.33808898925781,19.030195236206055,-7.476135730743408,18.46080780029297,24.712135314941406,15.804252624511719,-8.12475872039795,12.751065254211426,23.082868576049805,12.620631217956543,-2.723987579345703,8.224539756774902,7.002894878387451,10.069690704345703,6.652651309967041,10.63111686706543,4.015774726867676,7.538425922393799,0.7268336415290833,8.322340965270996,-0.35097721219062805,14.486430168151855,-0.046234436333179474,6.131551742553711,0.0036381774116307497,4.247093200683594,0.009201359935104847,3.646501064300537,0.04200318828225136,3.388641595840454,-0.0016186999855563045,2.8669066429138184,-0.0025708877947181463,1.987884759902954,-0.024541908875107765,2.2082529067993164,-0.0020139655098319054,1.5122164487838745,-0.004109599161893129,1.9042716026306152,-0.00227544317021966,1.9955048561096191,-0.030471371486783028,1.5259920358657837,0.006187641993165016,1.3688914775848389,-0.030291341245174408,6.866841793060303,0.018887361511588097,2.826117992401123,0.01626863144338131,2.076946258544922,-0.03355306014418602,1.8295413255691528,0.008291248232126236,1.5536507368087769,-0.010508939623832703,1.241523027420044,-0.007780834101140499,1.0115394592285156,-0.03664914891123772,1.1991161108016968,-0.0032744924537837505,0.8869636654853821,0.00794671755284071,1.019365668296814,0.005173296667635441,1.0312601327896118,0.0044305697083473206,0.8666437864303589,-0.0027248079422861338,0.8544144630432129,0.5006082057952881,0.32036370038986206,0.49339210987091064,0.29738372564315796,0.5573899745941162,0.29328587651252747,0.6131734251976013,0.2907272279262543,0.571860134601593,0.2729575037956238,0.4850303828716278,0.2809388339519501,0.486117422580719,0.29236963391304016,0.5192588567733765,0.31746160984039307,0.4847188889980316,0.30017727613449097,0.5050408244132996,0.3065708577632904,0.5644780993461609,0.32587379217147827,0.5075306296348572,0.3073870837688446,0.24388529360294342,0.13601012527942657,3909.018005761009,1819.960663576801,3752.0258351090097,659.6339329538779,0.10066772258499171,0.09649899699384236,147.65625
APT,25,31,6,shake,smile,3,-87.05463409423828,64.53800201416016,115.10025024414062,33.39921188354492,-33.64603042602539,24.571382522583008,43.692745208740234,18.103891372680664,-5.737591743469238,16.449607849121094,22.903491973876953,14.853565216064453,-6.23843240737915,11.517931938171387,22.60034942626953,13.072530746459961,-2.887755870819092,10.19223690032959,7.4325361251831055,11.060395240783691,9.142576217651367,9.950554847717285,2.9476234912872314,7.8884148597717285,-1.2312763929367065,8.588301658630371,0.10637455433607101,13.952858924865723,-0.0035119380336254835,6.066120624542236,-0.013971703127026558,4.4286065101623535,0.12596343457698822,3.417492628097534,0.07182465493679047,2.90594220161438,-0.014777886681258678,2.7490766048431396,-0.05435621738433838,1.866902232170105,0.036331381648778915,2.1781325340270996,0.011268909089267254,1.8020075559616089,-0.004370344337075949,1.975242257118225,0.04059610143303871,2.032057762145996,0.016296513378620148,1.3972865343093872,0.05197928100824356,1.4831558465957642,-0.18167325854301453,6.781047344207764,-0.000925790867768228,2.9575319290161133,0.01894419826567173,2.3024635314941406,-0.022019362077116966,1.787583351135254,-0.00226966361515224,1.6261413097381592,-0.008640818297863007,1.3461261987686157,0.008387788198888302,1.1583651304244995,-0.021312355995178223,1.1666631698608398,-0.003778650425374508,1.0547895431518555,-0.014213304035365582,1.08082914352417,-0.012760326266288757,1.0972219705581665,-0.006876269355416298,0.8673872947692871,0.001670420984737575,0.8608930110931396,0.4789808690547943,0.31491705775260925,0.46926194429397583,0.2938069999217987,0.45562735199928284,0.2776074707508087,0.5425447225570679,0.30565521121025085,0.5199172496795654,0.292407363653183,0.3957025408744812,0.27052128314971924,0.3588331639766693,0.27790454030036926,0.43949562311172485,0.3127937614917755,0.4268872141838074,0.2951129972934723,0.4206332862377167,0.29944050312042236,0.5575010180473328,0.33957841992378235,0.5364845991134644,0.3057860732078552,0.25742149353027344,0.13049739599227905,3537.0321378622043,1547.5670994270624,3627.837965351977,673.345098135829,0.08320992504835589,0.06899670620169983,99.38401442307692
APT,31,45,14,nod,big smile,3,-90.13812255859375,71.2231674194336,125.78073120117188,35.07274627685547,-25.816442489624023,21.301050186157227,51.166259765625,16.92172622680664,0.7861855626106262,15.468329429626465,26.21660614013672,18.295238494873047,-6.647244930267334,13.20237922668457,19.418176651000977,10.031347274780273,1.9349040985107422,7.743468284606934,3.8065524101257324,12.483755111694336,4.866118431091309,8.94074535369873,4.126091480255127,7.863950252532959,0.9907407760620117,8.740777969360352,-0.06642988324165344,12.187859535217285,0.014517066068947315,5.941322326660156,0.0018179246690124273,3.5274651050567627,-0.040703997015953064,2.8568668365478516,-0.03086881898343563,2.9213783740997314,0.000466163270175457,2.2702300548553467,0.016979403793811798,1.9649606943130493,-0.0061411685310304165,1.5743564367294312,-0.002324130851775408,1.3716355562210083,-0.004090752452611923,1.5882537364959717,-0.005827024579048157,1.4015672206878662,-0.0019902100320905447,1.187188744544983,-0.017647460103034973,1.344739556312561,0.07997184991836548,5.60097599029541,0.024121657013893127,2.916905164718628,0.009720244444906712,1.7801532745361328,0.005551452282816172,1.4507038593292236,-0.005918876267969608,1.5658416748046875,-0.0008746996172703803,1.2107131481170654,0.0014074884820729494,1.0689984560012817,0.0006866938201710582,0.9155575037002563,-0.004569906275719404,0.8051652908325195,-0.013438746333122253,0.8552204966545105,-0.007569411303848028,0.7468469142913818,-0.007650930434465408,0.7060121893882751,-0.007040482480078936,0.7851085066795349,0.4716162085533142,0.3169209361076355,0.47332054376602173,0.29832419753074646,0.5557585954666138,0.3141162097454071,0.577785313129425,0.314384400844574,0.4795512855052948,0.28153762221336365,0.47052547335624695,0.31726425886154175,0.4410577416419983,0.273032009601593,0.5368546843528748,0.339739054441452,0.491325318813324,0.29787886142730713,0.4335603415966034,0.2738414406776428,0.42049694061279297,0.27964094281196594,0.4309365451335907,0.29043543338775635,0.3069291412830353,0.1016663908958435,2966.7466070817204,1369.5798592374974,3460.113889821882,723.3043663569662,0.053166783271144276,0.042798041121856194,147.65625
APT,45,57,12,shake,neutral,4,-103.16661834716797,80.32234191894531,121.50711822509766,27.713294982910156,-32.37838363647461,18.316158294677734,37.380245208740234,16.28493881225586,-9.403342247009277,14.563414573669434,18.94649314880371,13.985091209411621,-4.832058429718018,11.880364418029785,21.662233352661133,14.00833797454834,-1.5825666189193726,8.695879936218262,7.148764133453369,7.606196403503418,13.082650184631348,12.44714069366455,6.261472225189209,6.860030174255371,2.267801284790039,7.970240592956543,-0.16507220268249512,17.431350708007812,-0.002085187705233693,4.641854763031006,0.04562918841838837,2.9961466789245605,-0.013310974463820457,3.3158020973205566,0.01948997750878334,3.0572314262390137,-0.0018836340168491006,2.32535457611084,0.025022070854902267,1.9860713481903076,0.014720367267727852,2.2993083000183105,0.0220301765948534,1.5689667463302612,0.031082691624760628,1.2640994787216187,-0.015950029715895653,2.3724260330200195,-0.015094410628080368,1.3961340188980103,0.029132986441254616,1.3532034158706665,0.027426039800047874,8.079673767089844,0.0016860418254509568,2.2780961990356445,0.01553890947252512,1.6162242889404297,0.006506729405373335,1.6630849838256836,0.0011312362039461732,1.5966529846191406,0.007651116233319044,1.2088770866394043,0.0019604279659688473,1.2648870944976807,-0.0014880879316478968,1.2181159257888794,0.0033530534710735083,1.0958127975463867,-0.0032437194604426622,0.8426915407180786,-0.00870602484792471,1.1266868114471436,-0.0018730591982603073,0.8610464930534363,-0.005210681818425655,0.7521249651908875,0.5455080270767212,0.3158625066280365,0.495527446269989,0.27776843309402466,0.5007289052009583,0.29155975580215454,0.4557564854621887,0.2804633378982544,0.4770522713661194,0.28401023149490356,0.5332557559013367,0.2863597571849823,0.5336071252822876,0.307037353515625,0.5191712975502014,0.29892343282699585,0.5160655975341797,0.2829982042312622,0.5816075205802917,0.2649315893650055,0.6983299255371094,0.27742063999176025,0.5955421924591064,0.2879364490509033,0.2256641834974289,0.14734821021556854,3375.7690540258054,1206.2169753871306,3680.2505447835756,671.3461679049936,0.07465650311291103,0.05046117554977313,99.38401442307692
APT,57,63,6,none,"surprise, frown",3,-105.02091217041016,78.56536102294922,106.04600524902344,34.027801513671875,-29.077417373657227,23.075971603393555,36.23125457763672,22.91407585144043,-20.04911994934082,17.644987106323242,18.072240829467773,16.950912475585938,-9.049561500549316,11.450621604919434,9.852214813232422,14.895744323730469,-6.897651195526123,12.947216987609863,6.371468544006348,10.618095397949219,5.46108865737915,10.291868209838867,5.348505973815918,8.095602989196777,3.7687785625457764,7.835676670074463,-0.01626243069767952,17.1365966796875,-0.02864987775683403,6.022168159484863,0.0543413870036602,4.176964282989502,0.0465916283428669,3.6633450984954834,0.007209283299744129,3.410181760787964,0.038532283157110214,2.295722007751465,0.012656892649829388,1.9753124713897705,0.023167099803686142,2.2005269527435303,-0.019113164395093918,2.078803300857544,-0.004798601381480694,1.767247200012207,0.00045308383414521813,1.9270894527435303,-0.005533729214221239,1.559353232383728,0.0014798692427575588,1.4959557056427002,-0.28074875473976135,7.979176998138428,0.009211655706167221,2.7906503677368164,0.023062516003847122,2.155254602432251,-0.012856109999120235,1.8567689657211304,0.03420613333582878,1.8204751014709473,-0.0030396755319088697,1.204546332359314,0.012704330496490002,1.1997727155685425,-0.015590440481901169,1.1605793237686157,0.026364848017692566,1.1765028238296509,0.009940857999026775,1.126615047454834,0.035996127873659134,1.1151516437530518,-0.001745058922097087,0.9068980813026428,0.011649500578641891,0.9280718564987183,0.4979824125766754,0.35601815581321716,0.4875290095806122,0.32328322529792786,0.5389285087585449,0.31666845083236694,0.5313109755516052,0.32900989055633545,0.41521909832954407,0.29296842217445374,0.3766838312149048,0.2895672023296356,0.38714325428009033,0.2795547544956207,0.4448428750038147,0.33176764845848083,0.451779305934906,0.3187219500541687,0.5125619173049927,0.3237006366252899,0.5346761345863342,0.3364124298095703,0.47154563665390015,0.33870840072631836,0.21890029311180115,0.13293105363845825,3789.032060900944,1328.7149956720689,3861.7583251993256,530.5112256522472,0.0834120375967118,0.06300407385746494,147.65625
APT,63,70,7,sway,big smile,4,-76.71392822265625,61.74738693237305,113.74116516113281,31.85102653503418,-23.388975143432617,17.376619338989258,38.672447204589844,15.333037376403809,-11.302743911743164,16.952455520629883,24.7220401763916,11.611146926879883,-3.4610610008239746,10.120508193969727,15.638519287109375,10.42546558380127,-2.8718771934509277,9.43430233001709,9.239983558654785,9.25528335571289,0.377094566822052,8.352663040161133,5.2920989990234375,8.738083839416504,5.3349738121032715,10.53386116027832,0.2766159176826477,13.666884422302246,0.06704068183898926,5.35814094543457,0.02854236215353012,3.352853775024414,0.06746453791856766,3.002058982849121,0.028209492564201355,2.842223882675171,0.005208749324083328,1.9650200605392456,-0.011408819817006588,1.6462568044662476,-0.022682037204504013,1.7038248777389526,0.05242002755403519,1.6115329265594482,0.021252216771245003,1.6000109910964966,-0.05212123692035675,1.4168559312820435,-0.02429562620818615,1.5503273010253906,-0.017650099471211433,1.6322319507598877,-0.08328359574079514,6.280616760253906,0.027541304007172585,2.580962657928467,0.02825765870511532,1.796292781829834,-0.004443594254553318,1.45003080368042,0.01094572339206934,1.4145506620407104,0.013212138786911964,1.0369254350662231,0.015817923471331596,0.9502559900283813,-0.01012286264449358,0.9226710200309753,-0.013764388859272003,0.9381060600280762,-0.00602137902751565,0.9692012667655945,0.0173001978546381,0.8157297372817993,0.005517960991710424,0.9254944920539856,0.012845711782574654,0.927977979183197,0.47262850403785706,0.3347932696342468,0.49165767431259155,0.29064154624938965,0.6150460243225098,0.31592220067977905,0.536793053150177,0.2971910834312439,0.43738070130348206,0.28520333766937256,0.3942405879497528,0.29857486486434937,0.41958725452423096,0.31382250785827637,0.4350603222846985,0.3376554846763611,0.4204595386981964,0.3046172261238098,0.5161060690879822,0.33008113503456116,0.49959927797317505,0.3255302309989929,0.45560452342033386,0.33447396755218506,0.2595053017139435,0.12998396158218384,3561.758307293293,1314.4024285402716,3926.6820619392074,551.8820956142252,0.07108743392412935,0.061699609239755385,99.38401442307692
APT,70,83,13,shake,neutral,3,-64.33174133300781,54.800514221191406,121.49040222167969,25.379995346069336,-14.402753829956055,15.482815742492676,43.38315200805664,14.56584644317627,-5.738283634185791,13.28630542755127,29.10331916809082,13.047364234924316,-8.489116668701172,14.23664665222168,18.720720291137695,12.712506294250488,-1.047721028327942,9.099872589111328,10.031158447265625,9.287334442138672,-0.1847289800643921,8.653707504272461,6.184179782867432,9.368216514587402,2.0262115001678467,8.694816589355469,-0.13767634332180023,10.436396598815918,0.006630866788327694,4.784549713134766,-0.007876421324908733,2.931102991104126,-0.02463258057832718,2.5004935264587402,0.015002910979092121,2.2236218452453613,-0.038780830800533295,1.6825814247131348,-0.04913037270307541,1.9207051992416382,-0.031456463038921356,1.498777151107788,0.005775002762675285,1.4717880487442017,-0.010399917140603065,1.4015967845916748,0.0017682705074548721,1.157342553138733,-0.009676123037934303,1.3433465957641602,-0.007947595790028572,1.2190479040145874,0.019510652869939804,4.988319396972656,0.006282041780650616,2.4505183696746826,0.00833683367818594,1.5206760168075562,-0.005436289124190807,1.2923483848571777,0.006541174836456776,1.2429107427597046,0.004498708061873913,0.9308127760887146,0.014701194129884243,0.9792066216468811,0.003096529748290777,0.8982058763504028,0.007684408687055111,0.874087393283844,-0.007984109222888947,0.8090057969093323,0.004965672269463539,0.6912530660629272,0.006520829163491726,0.7498242855072021,0.00027597631560638547,0.7700917720794678,0.4534849524497986,0.3374721109867096,0.4515101909637451,0.31425783038139343,0.5302527546882629,0.3261224031448364,0.5576789975166321,0.33393892645835876,0.436021089553833,0.2738928496837616,0.4534095525741577,0.32208651304244995,0.44342586398124695,0.26836666464805603,0.5618744492530823,0.3388591408729553,0.49635833501815796,0.2915879189968109,0.4091653525829315,0.275208979845047,0.41125184297561646,0.29247239232063293,0.40785157680511475,0.30666255950927734,0.32532238960266113,0.09165667742490768,3210.489549110477,1027.3465778003217,3964.627903292418,506.8660320525501,0.048992483956473216,0.028461791055172516,99.38401442307692
APT,83,95,12,nod,big smile,5,-62.09947967529297,55.89040756225586,122.15412139892578,25.36371421813965,-19.7156925201416,17.006359100341797,36.813541412353516,14.303964614868164,-10.718133926391602,12.325546264648438,21.571672439575195,16.375808715820312,-4.399878025054932,17.92459487915039,20.375869750976562,13.890578269958496,-2.367663621902466,7.9159255027771,7.822164535522461,7.739885330200195,6.982114315032959,10.671360969543457,8.022927284240723,7.75145959854126,2.330749273300171,7.2306623458862305,0.10465113818645477,11.56083869934082,-0.009865550324320793,4.593780517578125,-0.0035062970127910376,2.6455562114715576,0.026885777711868286,1.8005051612854004,0.008267705328762531,2.5451433658599854,0.026345988735556602,1.9507899284362793,0.054405711591243744,1.3437418937683105,0.019413156434893608,1.6075096130371094,-0.002281581051647663,1.2647000551223755,0.01769694872200489,1.1582809686660767,0.019037524238228798,1.5098445415496826,0.013950193300843239,1.25589919090271,-0.0026085306890308857,0.9676564335823059,-0.0036800687666982412,5.179190158843994,0.008132134564220905,2.280747413635254,0.003708966774865985,1.2501498460769653,-0.00657415296882391,1.0096333026885986,-0.0048834229819476604,1.3844105005264282,-0.005848458036780357,0.993042528629303,0.004597687162458897,0.7831888794898987,0.0022716938983649015,0.8278841376304626,0.008868305943906307,0.7140904068946838,-0.003574362490326166,0.6775016188621521,0.004233803600072861,0.8039094805717468,-0.0013957449700683355,0.7546893954277039,-0.006036384031176567,0.6204289197921753,0.622123658657074,0.2970259189605713,0.5687757730484009,0.2662575840950012,0.6256527304649353,0.26175767183303833,0.625989556312561,0.2593676745891571,0.5609800219535828,0.2606717348098755,0.5892963409423828,0.2748141288757324,0.5710874199867249,0.26365557312965393,0.5434911251068115,0.2826443314552307,0.5151636004447937,0.2454410046339035,0.5577464699745178,0.24541328847408295,0.6807500123977661,0.27932795882225037,0.6537023782730103,0.27027180790901184,0.2963753044605255,0.09431560337543488,3269.3132770346247,1014.551970797352,3959.9117026279037,579.5795601158255,0.05066697140957447,0.029447471685918835,99.38401442307692
APT,95,100,5,none,"smile, frown",3,-74.8814468383789,54.6750602722168,121.98115539550781,24.569787979125977,-28.850671768188477,20.94249725341797,48.74443054199219,15.693215370178223,-6.8266921043396,15.961933135986328,26.32847785949707,15.429335594177246,-4.614526271820068,10.476171493530273,23.385908126831055,8.04892349243164,2.9890286922454834,7.65540885925293,13.6997652053833,8.081037521362305,9.37086009979248,8.511670112609863,6.827086925506592,5.249676704406738,4.980201721191406,6.662420749664307,0.11564907431602478,10.974123001098633,0.027077985927462578,4.529555797576904,-0.046472158282995224,2.745659589767456,-0.010369887575507164,2.6193056106567383,-0.043135304003953934,3.070704698562622,0.014772056601941586,2.4588284492492676,-0.049734633415937424,1.5478776693344116,0.012258737348020077,1.5020807981491089,0.012876859866082668,1.1837892532348633,0.06169334799051285,1.3469069004058838,0.017868533730506897,1.6574159860610962,-0.0016040558693930507,1.037332534790039,0.032847464084625244,1.0754996538162231,0.055093005299568176,5.376649856567383,-0.0720834955573082,2.2304389476776123,0.045820046216249466,1.5493272542953491,0.012659392319619656,1.3172227144241333,0.03596004843711853,1.442037582397461,-0.00834308285266161,1.1582489013671875,0.0053229122422635555,0.8662204742431641,-0.020102420821785927,0.8915708065032959,0.0027202386409044266,0.6541584730148315,-0.01794501580297947,0.7219333052635193,-0.026634477078914642,0.9441628456115723,-0.025130467489361763,0.6732529401779175,-0.000786447199061513,0.6192634701728821,0.5499087572097778,0.22049322724342346,0.5492741465568542,0.20901034772396088,0.6409227252006531,0.22931146621704102,0.7140399813652039,0.24210192263126373,0.6832872033119202,0.2409316897392273,0.6467642188072205,0.24214424192905426,0.6311445832252502,0.24047976732254028,0.6571957468986511,0.26845690608024597,0.6605046391487122,0.262365460395813,0.6517446041107178,0.25990644097328186,0.6687595248222351,0.2658134996891022,0.60793137550354,0.23916074633598328,0.24502763152122498,0.079926997423172,3344.221315928587,1054.3113977539585,3755.763870484403,659.8935532765531,0.0618055303799304,0.039555271670454674,147.65625
APT,100,129,29,nod,big smile,5,-14.896069526672363,28.877145767211914,106.72062683105469,14.13261604309082,-31.421810150146484,12.294140815734863,38.761173248291016,10.432452201843262,-7.04407262802124,10.84434700012207,20.205698013305664,9.00447940826416,-1.447211742401123,8.521160125732422,17.020523071289062,7.157022476196289,6.0854268074035645,6.895346641540527,16.0650577545166,7.827300071716309,8.026874542236328,7.0925445556640625,6.329322338104248,6.000352382659912,2.557405948638916,5.56258487701416,0.016320306807756424,5.916231155395508,0.008389448747038841,2.4860363006591797,-0.002180101117119193,1.8444936275482178,-0.00933980941772461,1.5713179111480713,0.0038661337457597256,1.701037049293518,0.010729491710662842,1.2497007846832275,0.014379933476448059,1.2638086080551147,-2.1879533960600384e-05,1.1061644554138184,0.004224671516567469,1.1221739053726196,0.0032720707822591066,1.0536035299301147,0.006492398679256439,1.1716200113296509,0.00651712017133832,0.9397809505462646,-0.007307443767786026,0.9216174483299255,0.007928206585347652,3.0040535926818848,-0.0007307414198294282,1.390981674194336,0.002198033267632127,1.1009072065353394,-0.009797465987503529,0.9194368124008179,-0.0020159834530204535,0.8567471504211426,-0.0029167309403419495,0.730449914932251,0.0040117185562849045,0.7565112113952637,-0.003983261063694954,0.7268563508987427,-0.0010824600467458367,0.695702314376831,-0.0013275955570861697,0.7307903170585632,0.002378867007791996,0.7311545610427856,-0.000559088890440762,0.6219765543937683,-0.0009941209573298693,0.6269343495368958,0.47567805647850037,0.3160809874534607,0.37713462114334106,0.23852597177028656,0.4048849046230316,0.2647017538547516,0.37322428822517395,0.25367724895477295,0.3806532621383667,0.25486689805984497,0.45305654406547546,0.29763662815093994,0.4190247654914856,0.25940918922424316,0.5628017783164978,0.33637532591819763,0.4689038395881653,0.2829456329345703,0.43557658791542053,0.2807575762271881,0.5413863062858582,0.3256373703479767,0.4542655050754547,0.26272594928741455,0.33773547410964966,0.08946587890386581,3749.195929977536,638.9936742348744,4096.622362758338,358.27536957740887,0.07636753934397518,0.02881463919775564,147.65625
APT,129,134,5,none,"smile, frown",3,-64.89311981201172,35.94826126098633,121.25192260742188,18.00963592529297,-23.38017463684082,12.07757568359375,47.384918212890625,16.9970760345459,-3.857818841934204,12.016940116882324,21.338829040527344,8.944326400756836,-7.160880088806152,13.16043472290039,18.932199478149414,10.641770362854004,-2.6390304565429688,8.608797073364258,11.15827751159668,7.7803168296813965,2.271467685699463,7.322747707366943,6.761392593383789,7.641247272491455,0.12355517596006393,5.662276744842529,0.03446197509765625,6.591225624084473,0.03721724823117256,3.0329489707946777,0.05041193217039108,1.9732694625854492,-0.006874640006572008,1.7507083415985107,-0.018663132563233376,1.7185194492340088,0.006438700016587973,1.4067118167877197,-0.04890894517302513,1.795416235923767,0.02929111383855343,1.4910308122634888,-0.022053398191928864,1.4818388223648071,-0.0022906726226210594,1.3308988809585571,-0.03363805264234543,1.1004743576049805,-0.005025963298976421,1.2890790700912476,-0.006704104598611593,0.9388310313224792,0.07966890186071396,3.344454050064087,0.006989885121583939,1.587950348854065,-0.004741108976304531,0.9653272032737732,-0.01192419696599245,0.8668162226676941,0.01521830540150404,0.8485972285270691,-0.019775353372097015,0.7000415325164795,0.00854431465268135,0.929472029209137,0.007642451673746109,0.8422707319259644,0.016951775178313255,0.8345664143562317,-0.0014635863481089473,0.8067042231559753,-0.0021554334089159966,0.690552830696106,0.0005720403860323131,0.7245911359786987,0.0015219449996948242,0.5680177807807922,0.3618212938308716,0.32632774114608765,0.34315618872642517,0.30616050958633423,0.4063420593738556,0.33249711990356445,0.4199007749557495,0.3311351239681244,0.34761008620262146,0.25945672392845154,0.4611191749572754,0.3641417920589447,0.40505215525627136,0.25484099984169006,0.5273737907409668,0.35785189270973206,0.4762493968009949,0.30580583214759827,0.3279537260532379,0.2688409388065338,0.28688833117485046,0.27059271931648254,0.300140380859375,0.28748905658721924,0.28839144110679626,0.07303288578987122,3165.1783481903317,708.4217824180763,3841.326653933911,364.9053781053601,0.057059799158932716,0.02699139617963614,156.60511363636363
APT,134,169,35,nod,big smile,5,-34.60346221923828,89.80362701416016,111.6655502319336,24.659828186035156,-18.131872177124023,10.577414512634277,32.663936614990234,15.197887420654297,-13.285890579223633,10.459813117980957,21.26607894897461,10.934861183166504,-4.500413417816162,7.847884654998779,19.3648681640625,7.930484771728516,-0.24948078393936157,6.019754409790039,12.684894561767578,6.33269739151001,7.672428131103516,7.5299859046936035,8.377745628356934,5.99424934387207,5.889832019805908,5.633370399475098,-0.1576058566570282,6.2134175300598145,-0.037415407598018646,2.643965005874634,0.00872753094881773,1.7295770645141602,-0.015636906027793884,1.4483861923217773,-0.004980168770998716,1.7563978433609009,-0.0036960982251912355,1.29026198387146,8.16443280200474e-05,1.2152568101882935,-0.007002734113484621,1.1339967250823975,-0.0018356356304138899,1.0338083505630493,-0.007908370345830917,1.029007077217102,-0.0017596578691154718,1.0559172630310059,-0.003046581754460931,0.9812344312667847,-0.0021126791834831238,0.9845050573348999,-0.0031109086703509092,3.0648725032806396,0.0010259192204102874,1.291739583015442,0.0023885525297373533,0.9267906546592712,-0.0007827891386114061,0.7810731530189514,0.001606072997674346,0.940861701965332,0.0004295964608900249,0.744441032409668,0.0009793133940547705,0.7337238788604736,0.0008274311549030244,0.6812599897384644,0.0006309517775662243,0.6407546401023865,0.00105593993794173,0.6384215950965881,0.0014201585436239839,0.6077949404716492,-5.220959792495705e-05,0.617743968963623,0.0011687558144330978,0.6118033528327942,0.5095377564430237,0.2883559763431549,0.4241005778312683,0.2276841253042221,0.5423821806907654,0.2733197510242462,0.5619889497756958,0.2841542065143585,0.4763617515563965,0.23968373239040375,0.5064730048179626,0.29027312994003296,0.4689289927482605,0.23158259689807892,0.5665830373764038,0.30044418573379517,0.4428381323814392,0.23167333006858826,0.48955661058425903,0.2566015124320984,0.5959987044334412,0.30100560188293457,0.49125611782073975,0.25363630056381226,0.3124661445617676,0.10020403563976288,3728.2864241688762,812.218947294032,4305.47130011304,517.7432651480058,0.066009146973466,0.028959685731772766,147.65625
Eine_Klein_Nachtmusik,0,8,8,none,neutral,0,-246.89698791503906,68.56863403320312,159.8392333984375,27.95418930053711,-17.90118980407715,17.768234252929688,33.94694900512695,13.051770210266113,10.852725982666016,15.856962203979492,8.905856132507324,8.664594650268555,-3.9107868671417236,9.262886047363281,4.737301826477051,7.532657146453857,1.458962321281433,7.203597545623779,6.600733757019043,8.403037071228027,-0.5632299184799194,6.390378952026367,-3.451625108718872,8.546855926513672,-6.959500789642334,8.701972007751465,0.6325128674507141,10.141477584838867,0.1658419668674469,4.2571563720703125,-0.10012491047382355,2.6339609622955322,0.033439621329307556,1.767722725868225,-0.0506291538476944,2.438671350479126,0.0006711835158057511,1.486458420753479,-0.03034575656056404,1.5493040084838867,-0.013288052752614021,1.3045673370361328,-0.031166808679699898,1.1682082414627075,-0.014327425509691238,1.0827995538711548,6.200817733770236e-05,0.9861357808113098,0.011907104402780533,1.0061395168304443,-0.007356827612966299,0.8982666730880737,-0.0705629214644432,3.0761659145355225,-0.04918396845459938,1.6858702898025513,0.038991644978523254,1.1434853076934814,-0.010913800448179245,0.8354063034057617,0.0016328154597431421,1.0319803953170776,0.00949898362159729,0.8206170201301575,0.017662538215517998,0.7461979389190674,0.001372580649331212,0.7317402958869934,0.0024122886825352907,0.7018849849700928,0.012772377580404282,0.632011353969574,0.02363497205078602,0.6640352606773376,0.0123909218236804,0.6693919897079468,-0.00020445464178919792,0.5840880274772644,0.3539206087589264,0.3498188257217407,0.28519853949546814,0.2033005952835083,0.4443833827972412,0.40374621748924255,0.2192198634147644,0.19847331941127777,0.10568317025899887,0.10737854242324829,0.10225832462310791,0.1253516674041748,0.2190479189157486,0.23098373413085938,0.37269437313079834,0.36317679286003113,0.2640632092952728,0.20586253702640533,0.30704939365386963,0.3090818524360657,0.2314789891242981,0.16546154022216797,0.33828115463256836,0.3183422386646271,0.07993447035551071,0.0414532795548439,2019.0327417312194,736.3023107994995,2765.1974148079503,585.3920567912071,0.04929022305253623,0.02381631393752246,92.28515625
Eine_Klein_Nachtmusik,8,20,12,nod,smile,3,-238.41395568847656,69.49320983886719,162.91952514648438,23.58932113647461,-26.0889892578125,14.25963020324707,32.37643814086914,11.529479026794434,1.0843442678451538,10.86591911315918,7.590250015258789,9.049264907836914,-12.003207206726074,8.528491973876953,0.4078625440597534,8.02614688873291,-7.285981178283691,8.026264190673828,-0.6545336842536926,11.444003105163574,-6.049533843994141,6.465373992919922,-5.501666069030762,7.738895893096924,-8.153167724609375,9.563490867614746,-0.07897035777568817,4.970376968383789,0.030330611392855644,3.2412688732147217,-0.011127744801342487,1.4429469108581543,-0.017603157088160515,1.2988479137420654,0.014034340158104897,1.683488130569458,-0.011008675210177898,1.273845911026001,-0.007609485648572445,1.305422067642212,-0.02228858694434166,1.199882984161377,-0.0053557720966637135,1.0532710552215576,-0.021947627887129784,1.0395392179489136,-0.012755496427416801,1.0104731321334839,-0.010420097969472408,0.9769208431243896,2.5024266506079584e-05,1.092958688735962,0.015883702784776688,2.2695677280426025,-0.011488137766718864,1.4347456693649292,0.006392133887857199,0.8776674866676331,-0.014967579394578934,0.7929966449737549,-0.0035970620810985565,0.8566588163375854,-0.01508662011474371,0.7178435921669006,0.003556858981028199,0.7735109925270081,0.00476735970005393,0.6933401226997375,-0.0006339710089378059,0.6759046912193298,-0.00242729764431715,0.6505983471870422,0.007790436502546072,0.6195142865180969,0.0018244556849822402,0.6289960741996765,-0.0005459734820760787,0.7036904096603394,0.4198709726333618,0.28713709115982056,0.3995739817619324,0.23604971170425415,0.6127744913101196,0.3623940348625183,0.2579362690448761,0.162393257021904,0.11412093788385391,0.11884446442127228,0.10845054686069489,0.12628762423992157,0.27738961577415466,0.252119243144989,0.3350048363208771,0.31052789092063904,0.23750334978103638,0.1824387013912201,0.3877500891685486,0.3508884310722351,0.25953948497772217,0.15977798402309418,0.47454461455345154,0.35052213072776794,0.08028107136487961,0.03843015804886818,2027.9740122103667,457.2792230730248,2793.0416873071435,400.2908050043186,0.047910590697533846,0.017644752332654993,139.6748310810811
Eine_Klein_Nachtmusik,20,24,4,none,surprise,4,-336.1526184082031,50.41242218017578,208.53030395507812,13.534331321716309,-5.654576301574707,19.33718490600586,22.830453872680664,11.222146987915039,23.635547637939453,11.031359672546387,9.433855056762695,5.9454264640808105,-4.191472053527832,6.1857099533081055,-0.5245509743690491,6.1748504638671875,-0.3635028898715973,5.780515193939209,-2.5854415893554688,4.986157417297363,-3.5875742435455322,7.3617353439331055,-5.495169162750244,6.168926239013672,-8.165865898132324,6.38475227355957,-0.21447621285915375,6.276845932006836,0.12752670049667358,2.3150808811187744,0.07288876175880432,2.6853909492492676,0.0002279419859405607,1.8495023250579834,0.05969644710421562,1.4244402647018433,0.03081064671278,1.0514558553695679,0.03932458162307739,1.0899677276611328,0.04820839688181877,1.033877968788147,0.0164257250726223,1.0160925388336182,0.0064359139651060104,0.8572096228599548,0.0015437596011906862,0.7833957672119141,-0.042763661593198776,0.9408863186836243,-0.04285872355103493,0.9979766011238098,0.05147671326994896,2.318464994430542,-0.07179625332355499,1.224652886390686,0.06281308829784393,1.1618760824203491,-0.03601279482245445,0.8891794085502625,0.008304514922201633,0.7406019568443298,-0.011279277503490448,0.6354379057884216,-0.0006713545881211758,0.6716930866241455,-0.005943663418292999,0.6496700644493103,-0.0020695452112704515,0.6133906841278076,0.014813804998993874,0.557572603225708,0.006279843859374523,0.5364540219306946,0.014878875575959682,0.5312744975090027,0.008659536018967628,0.6111283898353577,0.5652849674224854,0.3431801497936249,0.4290652871131897,0.2411627471446991,0.40273454785346985,0.31040939688682556,0.32025226950645447,0.2396380603313446,0.33111366629600525,0.3021850883960724,0.384168803691864,0.2883874475955963,0.481545090675354,0.3617512881755829,0.3809717893600464,0.25253185629844666,0.260730117559433,0.18372806906700134,0.37846219539642334,0.3291384279727936,0.28452613949775696,0.19288448989391327,0.46637994050979614,0.30730077624320984,0.05128319934010506,0.0230705589056015,1183.9084087674978,262.77666187114585,2322.6673337497655,374.66476264600146,0.021359827898550725,0.007415296192043392,132.51201923076923
Eine_Klein_Nachtmusik,24,50,26,nod,smile,3,-252.4913787841797,98.02554321289062,163.78701782226562,29.137094497680664,-25.85822296142578,24.323486328125,29.926551818847656,13.798924446105957,7.0165205001831055,15.73737621307373,8.599946022033691,8.771343231201172,-8.812456130981445,8.771936416625977,1.772612452507019,8.717766761779785,-4.873984336853027,8.276363372802734,-1.3113566637039185,9.386390686035156,-4.94579553604126,6.759828090667725,-2.7262415885925293,7.139240741729736,-2.901103973388672,7.958549499511719,-0.01796806789934635,5.468790054321289,-0.006394342053681612,2.5456438064575195,-0.0034791810903698206,1.867170810699463,-0.000541728746611625,1.447769284248352,0.007736958563327789,1.3832405805587769,0.004502963274717331,1.108930230140686,0.0031299761030822992,1.0854533910751343,0.00016271088679786772,1.0631810426712036,-0.001213242532685399,0.9998911023139954,0.004141440149396658,0.9195715188980103,0.005123745184391737,0.9875699877738953,0.0025806340854614973,0.990241527557373,0.003905787132680416,0.9751567840576172,0.0099361352622509,2.3815033435821533,-0.002451876876875758,1.3245948553085327,-0.0028416200075298548,0.9037303924560547,0.0006381261628121138,0.772260844707489,-0.0031237241346389055,0.7634738087654114,-0.001300075207836926,0.7192764282226562,-0.0018787147710099816,0.6596773266792297,-0.0034592426382005215,0.6603370308876038,-0.0010160785168409348,0.6432218551635742,-0.0004968218272551894,0.6207374930381775,-0.0026455693878233433,0.6147164106369019,-0.0016157543286681175,0.6268802881240845,-0.00010173719783779234,0.6291044354438782,0.33840739727020264,0.3037143349647522,0.33824384212493896,0.2769186496734619,0.3925827145576477,0.3310270309448242,0.22669801115989685,0.19415374100208282,0.2721673548221588,0.28348812460899353,0.2190711498260498,0.19849972426891327,0.3524983525276184,0.31569844484329224,0.3580407500267029,0.29932019114494324,0.3296002745628357,0.22893817722797394,0.4631810784339905,0.3671191930770874,0.2913416922092438,0.17112945020198822,0.42011284828186035,0.3630141317844391,0.0738244280219078,0.04597996547818184,2046.197864799114,659.2426244649893,2808.7168286638066,500.4488714044315,0.05118800571986607,0.02607981702928747,139.6748310810811
Eine_Klein_Nachtmusik,50,54,4,none,browraise,2,-336.8534851074219,67.32787322998047,182.01844787597656,28.37380599975586,-6.2003068923950195,24.584897994995117,27.6514892578125,13.530414581298828,15.821130752563477,9.61701774597168,10.447925567626953,7.771213531494141,-4.126460552215576,9.2391357421875,1.2220100164413452,5.776574611663818,-4.012417793273926,6.241574764251709,1.3546068668365479,5.914211273193359,-0.21506215631961823,6.139898777008057,-1.3359812498092651,5.320606708526611,-3.1667590141296387,5.5496978759765625,0.500110387802124,5.523637771606445,-0.03659966588020325,2.1061627864837646,-0.1455981433391571,2.176344633102417,0.04968145489692688,1.6920703649520874,-0.07609478384256363,1.2138862609863281,-0.05753530561923981,1.0036754608154297,-0.06376325339078903,0.9911292791366577,0.003940642345696688,0.8837948441505432,-0.003418073756620288,0.8529326319694519,0.009827223606407642,0.7279860973358154,-0.01125592365860939,0.8634935021400452,-0.026183076202869415,0.8783312439918518,0.0034032489638775587,0.8701614141464233,0.028309045359492302,1.615647792816162,-0.001793637522496283,0.897679328918457,-0.014224871061742306,0.8913043141365051,-0.03902816399931908,0.7570345997810364,-0.020874856039881706,0.6326414346694946,0.002075275406241417,0.6067197918891907,0.04243720322847366,0.6798492670059204,0.015381995588541031,0.5957804322242737,0.015710728242993355,0.5995959043502808,-0.0016110817668959498,0.5182817578315735,0.003165588481351733,0.5472702383995056,0.0028031556867063046,0.5656294226646423,0.008845760487020016,0.5689380764961243,0.28785455226898193,0.22418586909770966,0.4797395169734955,0.3274203836917877,0.47157636284828186,0.33374449610710144,0.4543459713459015,0.23904158174991608,0.5695990920066833,0.3952300548553467,0.4431692361831665,0.24119484424591064,0.38921549916267395,0.32447224855422974,0.3036172091960907,0.22877243161201477,0.21505290269851685,0.1994594782590866,0.2574436664581299,0.27759793400764465,0.2365151047706604,0.1900651454925537,0.2898079752922058,0.309187114238739,0.04320220276713371,0.027662375941872597,1600.2075737448167,525.5988914495513,2765.4803209446295,480.00102168243353,0.031425498188405794,0.016530132087204337,132.51201923076923
Eine_Klein_Nachtmusik,54,67,13,nod,smile,2,-330.9163818359375,44.76304244995117,170.33798217773438,30.3455810546875,-16.396093368530273,16.876766204833984,29.572906494140625,13.306761741638184,10.211080551147461,13.656695365905762,7.150782108306885,8.023995399475098,-3.116300582885742,7.84463357925415,4.871030330657959,7.828821182250977,2.49219012260437,7.6038713455200195,8.853490829467773,9.432575225830078,-0.3496462404727936,7.883992671966553,-6.5413594245910645,9.03678035736084,-10.041946411132812,8.546317100524902,-0.06517783552408218,7.838310241699219,-0.05645538866519928,3.7271080017089844,-0.0026720974128693342,2.3097259998321533,0.015158398076891899,1.9189891815185547,-0.0015464646276086569,1.8316782712936401,0.009121674112975597,1.4880748987197876,-0.004016568884253502,1.3995389938354492,-0.004318681545555592,1.1450047492980957,-0.011097955517470837,1.0883322954177856,0.008020620793104172,1.1673035621643066,0.002492463681846857,1.0196733474731445,0.006971739232540131,0.9857437014579773,0.0014678239822387695,1.001599907875061,0.05510863661766052,3.3905727863311768,-0.0257391519844532,1.8110111951828003,0.0031610620208084583,1.1212222576141357,0.0012622603680938482,0.9589487314224243,-0.0073898895643651485,0.9133660793304443,-0.0014744156505912542,0.7949565052986145,-0.00786131527274847,0.7951751351356506,-0.0003282761899754405,0.6863012313842773,-0.0008078700629994273,0.6400924921035767,0.0030642079655081034,0.6913662552833557,-0.003285895101726055,0.639119029045105,0.001227042987011373,0.6104394197463989,0.0013462684582918882,0.617284893989563,0.28799930214881897,0.20475848019123077,0.4783247709274292,0.32847246527671814,0.47316089272499084,0.3245912194252014,0.3708299398422241,0.2355908453464508,0.407661110162735,0.32991454005241394,0.30925795435905457,0.21533812582492828,0.31710511445999146,0.2533681392669678,0.31553372740745544,0.2584163248538971,0.3823629915714264,0.26794883608818054,0.5339470505714417,0.3421008884906769,0.31935521960258484,0.23040401935577393,0.35552242398262024,0.32747527956962585,0.033065930008888245,0.018297921866178513,1938.341436518372,700.2687011419147,2927.728501993841,471.0859142599281,0.045183018275669645,0.02758067751011002,139.6748310810811
Eine_Klein_Nachtmusik,67,74,7,nod,browraise,3,-205.72264099121094,71.71259307861328,159.83778381347656,30.300020217895508,-27.89942169189453,15.68044662475586,40.14116287231445,13.714044570922852,3.031829595565796,13.913573265075684,11.371611595153809,8.595937728881836,-9.893621444702148,9.881451606750488,3.8229684829711914,7.313652038574219,-2.5817697048187256,8.570502281188965,9.420144081115723,10.012028694152832,0.3342980146408081,6.12752628326416,3.037457227706909,9.095184326171875,-3.8356359004974365,9.477653503417969,0.030949227511882782,7.750756740570068,0.1485622227191925,4.171353340148926,0.009785880334675312,2.1648435592651367,-0.0013117118505761027,1.5192503929138184,0.03759211301803589,1.8913298845291138,-0.03062632493674755,1.3557006120681763,0.018782971426844597,1.2637032270431519,-0.02861952967941761,1.1328250169754028,-0.022298209369182587,1.0598212480545044,-0.026768863201141357,1.1503496170043945,0.01409093476831913,1.0882760286331177,0.029927391558885574,1.152862787246704,0.05162980034947395,0.9475967884063721,0.04299803823232651,3.007737398147583,-0.041841570287942886,1.752624750137329,-0.006114370189607143,1.0435985326766968,0.002539689652621746,0.850091814994812,0.009198295883834362,0.9180888533592224,0.00798886176198721,0.8021742701530457,0.004413281567394733,0.6880806684494019,0.016895214095711708,0.6732005476951599,0.008007907308638096,0.6269280910491943,0.01986353099346161,0.6986833214759827,0.00206455634906888,0.7081393599510193,-0.004187463782727718,0.7258188128471375,-0.013212813064455986,0.5872943997383118,0.23428189754486084,0.1862071007490158,0.3367334306240082,0.29858115315437317,0.41143471002578735,0.346017450094223,0.27811315655708313,0.2237991988658905,0.29525816440582275,0.3006916046142578,0.25509512424468994,0.2542310059070587,0.38881534337997437,0.3081057667732239,0.36769750714302063,0.3168669641017914,0.32958418130874634,0.2057207077741623,0.48138153553009033,0.3825923502445221,0.3183254301548004,0.18993408977985382,0.39062318205833435,0.33073389530181885,0.09644647687673569,0.04287838190793991,2206.1202933542527,735.6618293278185,2882.9772822975688,533.9461420549003,0.05187846574419569,0.02477907668830563,69.83741554054055
Eine_Klein_Nachtmusik,74,85,11,nod,smile,3,-282.2100830078125,82.34851837158203,162.25003051757812,27.696941375732422,-22.33819007873535,14.884626388549805,30.471521377563477,17.227415084838867,8.273537635803223,13.514548301696777,8.951289176940918,8.797980308532715,-6.229269504547119,9.507744789123535,2.340806722640991,6.852288246154785,-0.6675212979316711,9.00803279876709,7.5383620262146,7.61214542388916,-1.663346529006958,6.742127418518066,-4.349822044372559,10.93397331237793,-7.109784126281738,9.778108596801758,0.049498796463012695,8.075591087341309,-0.002630370669066906,3.0134360790252686,-0.005463209003210068,2.694530725479126,0.01024487055838108,1.8790552616119385,-0.00944063812494278,1.9428805112838745,-0.008530721999704838,1.4480010271072388,-0.015683911740779877,1.3117825984954834,0.004143028985708952,1.0316959619522095,0.00421970896422863,0.9406476616859436,0.0035684702452272177,1.0472126007080078,-0.008801380172371864,1.0109426975250244,0.007437724154442549,0.9654687643051147,0.010493483394384384,1.0260744094848633,-0.019910238683223724,3.5304501056671143,0.0017767429817467928,1.364061951637268,0.02104214020073414,1.322195053100586,-0.028982531279325485,0.9531505703926086,0.011712176725268364,1.0106843709945679,-0.0015971504617482424,0.7993675470352173,0.0031604887917637825,0.7252747416496277,-9.81499906629324e-05,0.6828071475028992,0.007273848634213209,0.6029011011123657,-0.01577744260430336,0.6940091848373413,-0.00038995369686745107,0.6304554343223572,-0.007463622372597456,0.6353345513343811,0.010169008746743202,0.6706236600875854,0.269514799118042,0.19454242289066315,0.4495415687561035,0.31404629349708557,0.5093762874603271,0.3370278775691986,0.39363008737564087,0.23202157020568848,0.4235357940196991,0.3332861363887787,0.3426458537578583,0.24893854558467865,0.38604608178138733,0.31843629479408264,0.30008211731910706,0.2503015697002411,0.26742619276046753,0.2027500569820404,0.4415595531463623,0.3387989103794098,0.27743545174598694,0.1925058215856552,0.339191734790802,0.3258454501628876,0.056084420531988144,0.04697829484939575,2087.861731918363,625.0518872350165,2971.5924645030195,488.78750367418036,0.04812609193697257,0.02280619512630094,143.5546875
Eine_Klein_Nachtmusik,85,87,2,nod,browraise,3,-175.67068481445312,54.50322341918945,152.78892517089844,30.667701721191406,-39.916648864746094,11.792030334472656,40.07489013671875,6.489885330200195,-10.814674377441406,9.446090698242188,10.186031341552734,7.35446834564209,-14.084702491760254,6.983617782592773,7.925820827484131,9.04517650604248,-1.9852566719055176,7.658609390258789,16.369815826416016,12.040499687194824,0.23082499206066132,5.57196569442749,3.0951855182647705,5.841770648956299,-4.660727024078369,7.571274280548096,-0.1181882992386818,9.402946472167969,0.14316026866436005,5.634001731872559,-0.15211863815784454,1.298553228378296,-0.0008196128183044493,1.110979676246643,-0.07837732881307602,1.4710122346878052,0.04503843933343887,1.5637719631195068,-0.04670042172074318,1.4785536527633667,0.024129630997776985,1.1065988540649414,0.023856405168771744,1.1195536851882935,-0.0023030517622828484,1.398698091506958,0.08239272981882095,1.137457013130188,0.035768602043390274,0.9889121651649475,0.01611018367111683,1.0251520872116089,0.20446456968784332,3.818540096282959,-0.16635724902153015,2.4092624187469482,0.08865770697593689,0.8593719601631165,-0.05861438810825348,0.8142675161361694,-0.07666601985692978,0.8382722735404968,-0.0014781804056838155,0.8566756844520569,-0.09277857840061188,0.9052513837814331,0.0005366622353903949,0.6656797528266907,0.011455301195383072,0.6379818916320801,0.026640495285391808,0.6786220073699951,0.01620081067085266,0.6786324381828308,-0.04935194179415703,0.7362254858016968,0.024963106960058212,0.7575563788414001,0.12027167528867722,0.07727794349193573,0.3718320429325104,0.21711713075637817,0.6692178249359131,0.35038846731185913,0.22281523048877716,0.1727801263332367,0.1991446316242218,0.2645111382007599,0.236932635307312,0.22771169245243073,0.4723626375198364,0.25332343578338623,0.5003052353858948,0.2734963297843933,0.368693470954895,0.20195333659648895,0.443432092666626,0.3428516983985901,0.2861243486404419,0.1697429120540619,0.376233845949173,0.31834596395492554,0.09972165524959564,0.0293919425457716,2541.309060156018,733.5294757147688,3017.4986071675958,530.4298093513963,0.06589538927023121,0.026389590992060244,93.96306818181819
Eine_Klein_Nachtmusik,87,133,46,nod,thoughtful,2,-263.0508728027344,76.99903106689453,161.4896697998047,28.418546676635742,-15.986462593078613,25.18687629699707,24.63990020751953,13.827542304992676,12.193650245666504,14.339466094970703,5.615305423736572,9.250029563903809,-6.8067545890808105,8.37984561920166,-1.1495978832244873,8.055124282836914,-2.940368890762329,7.595456123352051,-0.8186184763908386,10.413370132446289,-4.30052375793457,7.608386993408203,-3.6974165439605713,8.69609260559082,-4.56784725189209,9.0289945602417,0.0008025842253118753,6.293519496917725,0.00831687543541193,3.078920602798462,-0.0030135526321828365,2.272096633911133,0.0008574444218538702,1.5618269443511963,0.001499928766861558,1.744850516319275,-0.0018159905448555946,1.3539297580718994,0.0029116899240761995,1.2475875616073608,4.350660674390383e-05,1.0732134580612183,0.0002528269251342863,1.0141714811325073,-0.002116633113473654,1.0390452146530151,0.0006797098903916776,0.9624741077423096,-0.00236260867677629,0.997810423374176,-0.0023905851412564516,1.0052262544631958,-0.0066331010311841965,2.503079891204834,0.006900099106132984,1.3790404796600342,0.00019742357835639268,1.0551267862319946,-0.000805807183496654,0.8519967794418335,0.0005526352324523032,0.8857626914978027,0.0004183705314062536,0.7224032282829285,0.0010054191807284951,0.7232760787010193,-0.0007335835252888501,0.6503128409385681,5.496682206285186e-06,0.6431618332862854,-0.0024785895366221666,0.6275128126144409,0.0004938383353874087,0.612566351890564,9.26462234929204e-05,0.6127836108207703,0.00037738634273409843,0.6186226010322571,0.4011774957180023,0.3141590356826782,0.3316138684749603,0.24349521100521088,0.45090770721435547,0.37983861565589905,0.23399102687835693,0.1899958848953247,0.18640641868114471,0.23870696127414703,0.173409566283226,0.19147732853889465,0.3157302141189575,0.28805357217788696,0.3491535484790802,0.3148677945137024,0.24941597878932953,0.2012154906988144,0.3313339948654175,0.3351271152496338,0.26868319511413574,0.19181901216506958,0.4699268341064453,0.3576817512512207,0.06642986834049225,0.039685774594545364,1906.5802831199242,653.0965064038081,2736.2249348935616,572.8691356444006,0.04388654132759273,0.022029217049635025,135.99917763157896
Eine_Klein_Nachtmusik,133,190,57,nod,smile,4,-249.8456268310547,85.20552062988281,157.13780212402344,24.77364158630371,-16.65644645690918,23.039255142211914,29.00391387939453,15.685734748840332,7.782656669616699,14.716816902160645,7.0120720863342285,8.833051681518555,-6.337270736694336,9.475366592407227,2.0112338066101074,7.3460516929626465,-1.162222981452942,8.735634803771973,4.8553853034973145,9.007250785827637,-0.9319924712181091,7.470803737640381,-2.2278130054473877,9.509288787841797,-4.486351013183594,9.173194885253906,-0.02982674352824688,6.5744829177856445,0.004726607818156481,2.9655749797821045,0.00811417680233717,2.5153157711029053,-0.0023291525430977345,1.7164289951324463,0.00673554977402091,1.7425732612609863,-0.0029770266264677048,1.3114606142044067,0.003669541096314788,1.1923305988311768,-0.0012795295333489776,1.0124849081039429,0.002389818662777543,1.032719373703003,0.0030785626731812954,1.0284525156021118,0.0030261718202382326,1.0018136501312256,3.620213828980923e-05,1.0362896919250488,-0.0034065041691064835,0.9942340850830078,0.0011679338058456779,2.750455379486084,-0.0007900584605522454,1.4038537740707397,-0.0002329804265173152,1.1610661745071411,0.0007103737443685532,0.8788021206855774,-0.0015966338105499744,0.8871353268623352,-0.0011343267979100347,0.7597448229789734,1.2571020306495484e-05,0.6879472136497498,0.0005472056218422949,0.6378563642501831,0.000452778534963727,0.6487256288528442,-0.0003535447467584163,0.6508335471153259,0.0001405923831043765,0.6340259313583374,1.6107578630908392e-06,0.634022057056427,0.0006045664194971323,0.6364163160324097,0.22554484009742737,0.197995126247406,0.3940340280532837,0.3205243647098541,0.45694294571876526,0.34969672560691833,0.3168623149394989,0.23692579567432404,0.3510691821575165,0.3251991868019104,0.2828576862812042,0.23334307968616486,0.3575247526168823,0.31279510259628296,0.31879812479019165,0.27223891019821167,0.31640738248825073,0.22122560441493988,0.5097869038581848,0.3741670250892639,0.3119230270385742,0.21130137145519257,0.31124159693717957,0.31745386123657227,0.07218422740697861,0.05000601336359978,2055.7722522144686,667.9200100415234,2860.556520728791,471.1107333840239,0.04929761090249491,0.023815394640159842,139.6748310810811
Eine_Klein_Nachtmusik,190,202,12,nod,thoughtful,2,-284.19305419921875,89.18054962158203,173.3828582763672,28.432308197021484,-8.483909606933594,24.312002182006836,31.1451473236084,17.328067779541016,16.477174758911133,13.1019868850708,8.983504295349121,8.761929512023926,-4.22161865234375,8.13354778289795,1.0994638204574585,6.826908588409424,-2.2006962299346924,6.240463733673096,0.6337789297103882,8.417891502380371,-1.7176729440689087,7.563803195953369,0.2426016479730606,7.458446502685547,-0.6982210278511047,7.021006107330322,-0.10202782601118088,8.318984031677246,-0.0002477856178302318,3.504979133605957,0.055251166224479675,2.464606761932373,-0.007946725003421307,1.6795485019683838,-0.0060587250627577305,1.7561894655227661,0.014603279531002045,1.3834854364395142,0.0013970009749755263,1.391420602798462,-0.0015574555145576596,1.0684345960617065,-0.007640426512807608,1.0827386379241943,-0.016026072204113007,1.0284656286239624,-0.003223075997084379,1.0346803665161133,0.014747547917068005,0.943801760673523,0.020041633397340775,1.0519710779190063,0.037623725831508636,2.9796862602233887,-0.014443375170230865,1.4575221538543701,0.001014114124700427,1.136487603187561,0.005280067212879658,0.8318048119544983,-0.009244872257113457,0.8437730073928833,-0.002754315035417676,0.7656939625740051,-0.0053796954452991486,0.7434191703796387,-0.0021936458069831133,0.606320858001709,0.003460032632574439,0.6432524919509888,0.0036919177509844303,0.6045493483543396,-0.0021114926785230637,0.6424272656440735,-0.005565098021179438,0.6394819617271423,-0.004938541445881128,0.6186070442199707,0.2378067970275879,0.23374387621879578,0.29137343168258667,0.26299601793289185,0.4039042294025421,0.42021411657333374,0.27204784750938416,0.2371111363172531,0.2265338897705078,0.2236430048942566,0.1874101608991623,0.17270630598068237,0.26968422532081604,0.28891587257385254,0.21880348026752472,0.21257926523685455,0.27285096049308777,0.20369817316532135,0.4816889464855194,0.37891119718551636,0.31409144401550293,0.19071514904499054,0.3209410309791565,0.36393383145332336,0.07311473041772842,0.05277174338698387,1703.0525583041074,636.9343896669405,2690.01541162778,656.5454828317926,0.037207125695116056,0.0193637032698471,90.66611842105263
Eine_Klein_Nachtmusik,202,220,18,nod,frown,2,-312.75604248046875,53.65400695800781,168.00067138671875,28.062129974365234,-21.33118438720703,14.136343955993652,28.347599029541016,13.3699369430542,6.442451000213623,13.611184120178223,6.146564960479736,7.301941394805908,-7.225030422210693,10.645112037658691,2.7125401496887207,8.217416763305664,-3.5473670959472656,7.844502925872803,7.187328338623047,9.982118606567383,2.917569875717163,7.540866374969482,-0.8227370381355286,7.784934043884277,-4.081112384796143,9.281621932983398,0.08456647396087646,8.09793472290039,0.015028286725282669,3.6064345836639404,-0.04080300033092499,2.5629944801330566,0.005538511089980602,1.873297929763794,-0.007658704649657011,1.8003143072128296,-0.011645933613181114,1.3611030578613281,-0.0030838686507195234,1.427388310432434,0.005003971979022026,1.1212705373764038,-0.0027983682230114937,1.2377392053604126,-0.003923255484551191,1.0651692152023315,0.0008258562884293497,1.0310636758804321,0.001081030466593802,1.0427614450454712,-0.007832453586161137,1.0140832662582397,0.0025163735263049603,3.4727439880371094,-0.01969568058848381,1.7113994359970093,0.01314017828553915,1.2105052471160889,0.00409911060705781,0.97259122133255,-0.002852439181879163,0.8989387154579163,-0.0023588372860103846,0.7603644728660583,-0.0034531340934336185,0.7686148285865784,0.004361608065664768,0.6586695313453674,0.00011657730647129938,0.7357415556907654,-0.0045515005476772785,0.6246289610862732,-0.0016480230260640383,0.6232305765151978,0.0026179447304457426,0.6403790712356567,0.007649736944586039,0.6083118915557861,0.5359321236610413,0.33330294489860535,0.4572193920612335,0.28188979625701904,0.43759995698928833,0.3246714770793915,0.32378748059272766,0.2703353464603424,0.23937931656837463,0.2228342592716217,0.18481206893920898,0.1803637593984604,0.27072733640670776,0.27024349570274353,0.34810638427734375,0.29653817415237427,0.22931547462940216,0.2096855491399765,0.3196607232093811,0.29312199354171753,0.3518196940422058,0.2575993537902832,0.5161033868789673,0.3479893207550049,0.03766075149178505,0.019649529829621315,2008.3249750177656,619.5707115737093,2919.3970924788177,449.67157505528803,0.04809113827772405,0.023395761428431906,139.6748310810811
Eine_Klein_Nachtmusik,220,230,10,none,browraise,3,-279.4898376464844,61.03529357910156,155.350830078125,37.79604721069336,-38.16672897338867,12.623023986816406,26.526092529296875,11.67236042022705,0.9551540017127991,13.740639686584473,6.6480817794799805,8.48426628112793,-10.753447532653809,8.118852615356445,0.4272770285606384,6.601995468139648,-5.329894542694092,7.988203048706055,0.0005972523940727115,8.066935539245605,-6.867449760437012,9.357315063476562,-8.824069023132324,9.749855995178223,-5.0959906578063965,7.333615303039551,0.1747148334980011,3.4727673530578613,-0.04068669304251671,1.7691653966903687,-0.0002662809274625033,1.5837209224700928,0.0025388768408447504,1.3357822895050049,-0.02989960089325905,1.0633647441864014,0.008392752148211002,1.0258314609527588,-0.010417896322906017,1.0029209852218628,0.007779475301504135,0.9411319494247437,-0.008471204899251461,1.097536325454712,0.021124528720974922,0.94672691822052,-0.0076172491535544395,0.9928171038627625,-6.833596125943586e-05,0.8932690024375916,0.004246628377586603,0.9813686013221741,-0.0010252853389829397,1.428055763244629,-0.014496466144919395,0.8486653566360474,0.006332917604595423,0.829099714756012,-0.006520597729831934,0.7590072751045227,0.007218601182103157,0.6504237055778503,-0.005169333424419165,0.6765156388282776,0.0068588522262871265,0.6325681805610657,0.0038661120925098658,0.6177239418029785,0.007579261902719736,0.6383591294288635,-0.0052084238268435,0.5646946430206299,-0.002537852618843317,0.6002576947212219,-0.004890741780400276,0.5751899480819702,-0.011153417639434338,0.6211768984794617,0.35373765230178833,0.3333899974822998,0.3333808183670044,0.2962302565574646,0.3614344000816345,0.35259389877319336,0.16772422194480896,0.19778408110141754,0.1746213585138321,0.2753128111362457,0.16449891030788422,0.19774915277957916,0.25421130657196045,0.31367456912994385,0.2506084740161896,0.316057026386261,0.21091029047966003,0.21001102030277252,0.3132646381855011,0.3508465588092804,0.28626900911331177,0.2624514400959015,0.39465558528900146,0.35875174403190613,0.05811488628387451,0.0351412408053875,2190.634853377026,650.9748753222234,2818.969135556269,477.3192053380675,0.05506985480713457,0.023710709970587267,135.99917763157896
Eine_Klein_Nachtmusik,230,248,18,nod,thoughtful,2,-219.63633728027344,59.89891815185547,168.2224578857422,26.507394790649414,-24.32038116455078,12.738222122192383,36.914554595947266,10.465003967285156,4.268119812011719,12.879314422607422,8.949895858764648,8.602624893188477,-9.035545349121094,9.349983215332031,3.7664406299591064,7.446193695068359,-5.647068023681641,8.980223655700684,4.608250141143799,8.44898796081543,-4.307069301605225,7.1196465492248535,-4.148147106170654,8.526259422302246,-7.967278480529785,9.27979564666748,-0.14269883930683136,7.235305309295654,-0.0010670822812244296,4.16197395324707,0.005582316312938929,1.585519552230835,-0.006262129172682762,1.3834736347198486,0.0018377433298155665,1.8660659790039062,-0.015623042359948158,1.4106025695800781,0.0002553141675889492,1.3383015394210815,-0.01513142604380846,1.284704327583313,-0.001776103745214641,1.2273470163345337,0.003974988125264645,1.1488585472106934,0.013657559640705585,1.0830758810043335,-0.0005276678130030632,0.9979604482650757,-2.7647332899505273e-05,1.0636539459228516,0.0022465442307293415,2.8615946769714355,0.004046358168125153,1.7630786895751953,0.006916535086929798,0.9327980279922485,-0.00620252313092351,0.7693688273429871,-7.794950215611607e-05,0.8912791609764099,-0.0015982382465153933,0.7845847010612488,0.0023576999083161354,0.7176777124404907,-0.0015428316546604037,0.6869733929634094,0.002014357130974531,0.7033782005310059,-0.004608735907822847,0.6935285329818726,-0.0009558596066199243,0.6609669923782349,0.004048132803291082,0.6384188532829285,0.007162612862884998,0.6405206322669983,0.41114452481269836,0.32666468620300293,0.38046994805336,0.21923092007637024,0.5755927562713623,0.37295228242874146,0.30279266834259033,0.20652078092098236,0.12052491307258606,0.1224135234951973,0.09409216791391373,0.09279131889343262,0.27179786562919617,0.2620986998081207,0.41738495230674744,0.3542034924030304,0.2624557316303253,0.19332198798656464,0.3429040014743805,0.327578067779541,0.23779794573783875,0.18858429789543152,0.3429962396621704,0.3197796940803528,0.09568696469068527,0.038087472319602966,2002.0146610422828,634.1528585760217,2726.315789858181,495.48566374903027,0.04954150044326241,0.022890595907846794,139.6748310810811
Eine_Klein_Nachtmusik,248,260,12,none,thoughtful,3,-347.99444580078125,56.411739349365234,180.90496826171875,37.329551696777344,-16.638813018798828,30.052371978759766,22.55000877380371,11.55217456817627,19.22796058654785,12.924327850341797,4.691669940948486,7.294365882873535,-3.6878387928009033,6.740592002868652,-1.9706337451934814,6.804291725158691,-4.41159725189209,8.356818199157715,-5.947324275970459,9.481283187866211,-4.555837631225586,6.648401737213135,-5.880404949188232,7.662916660308838,-3.3609330654144287,9.68398666381836,0.01331079937517643,5.1774797439575195,0.042732998728752136,1.9820502996444702,0.030114687979221344,2.6175005435943604,-0.0013625764986500144,1.7681057453155518,0.019211404025554657,1.3086987733840942,-0.004203056916594505,1.0153429508209229,-0.0003461588639765978,0.9527190923690796,0.0013437113957479596,1.0143024921417236,-0.012510327622294426,0.956691563129425,-0.01630096323788166,0.8717118501663208,-0.009729219600558281,0.88322913646698,0.0038700702134519815,0.911562442779541,-0.0016252717468887568,0.915372908115387,0.008121351711452007,1.849352478981018,0.002309568226337433,0.9772771000862122,0.00869906134903431,1.1229997873306274,-0.013406920246779919,0.847512423992157,-0.009309121407568455,0.6765601634979248,0.0016529522836208344,0.6197463274002075,0.0007551799062639475,0.6018093824386597,-0.007166552823036909,0.6337135434150696,-0.006806811783462763,0.5871012806892395,-4.758456634590402e-05,0.5635184049606323,-0.005114532075822353,0.5825705528259277,-0.002056690864264965,0.5849161744117737,0.0023792588617652655,0.5790073871612549,0.5904850363731384,0.3338911533355713,0.3766138255596161,0.20678086578845978,0.4238899052143097,0.3361857831478119,0.2982102036476135,0.22138476371765137,0.32801830768585205,0.32188594341278076,0.27190276980400085,0.25304219126701355,0.3162122070789337,0.3150385916233063,0.276973158121109,0.28256088495254517,0.22039960324764252,0.23827442526817322,0.27917250990867615,0.30981898307800293,0.25998422503471375,0.18119756877422333,0.5704769492149353,0.31534987688064575,0.040081411600112915,0.02249257266521454,1554.4972836403288,548.1640338790223,2580.8704583122726,539.1231393387338,0.0317496146639265,0.01595997618431425,129.19921875
Eine_Klein_Nachtmusik,260,278,18,nod,smile,2,-245.4666290283203,94.35443878173828,168.14297485351562,22.378578186035156,-16.671398162841797,28.572092056274414,25.6010684967041,15.977513313293457,9.64727783203125,18.14083480834961,5.399144172668457,9.07721996307373,-7.336900234222412,8.104094505310059,2.041243553161621,8.400940895080566,-4.848973751068115,6.106447696685791,0.4973286986351013,9.116582870483398,-2.4118640422821045,6.081463813781738,-2.319141149520874,6.436484336853027,-4.3359055519104,6.9479756355285645,-0.06674842536449432,4.8234543800354,-0.024020230397582054,2.2286148071289062,0.03478794917464256,2.144056797027588,0.005490429233759642,1.324263334274292,0.003693795297294855,1.204361081123352,0.02069876343011856,1.0315219163894653,0.011924411170184612,1.0031489133834839,0.005643984768539667,1.0679906606674194,0.00920707918703556,0.9643116593360901,0.004102984443306923,0.9713801741600037,0.001969971926882863,0.9380344748497009,0.006551406811922789,0.8874713778495789,0.002608007751405239,0.9232955574989319,0.0033684447407722473,2.206437587738037,-0.0015304062981158495,1.2753040790557861,0.00015335710486397147,1.0233311653137207,0.002076314762234688,0.7360221147537231,-0.0028021158650517464,0.7243941426277161,-0.0007597667863592505,0.6364713907241821,-0.001441159751266241,0.656436562538147,-0.0029809093102812767,0.6911911964416504,-0.0036012150812894106,0.6445590853691101,-0.001788184279575944,0.6533176898956299,0.0005221206811256707,0.6493970155715942,-0.00025880313478410244,0.5873059630393982,0.0005834419280290604,0.6151579022407532,0.3413678705692291,0.27656757831573486,0.400636225938797,0.28211885690689087,0.48892349004745483,0.3784843683242798,0.2729606032371521,0.20844534039497375,0.2256108820438385,0.23692931234836578,0.19614924490451813,0.17494948208332062,0.3663397431373596,0.3000778555870056,0.3974322974681854,0.3242262899875641,0.3139663636684418,0.22024084627628326,0.40919503569602966,0.3492080271244049,0.25307056307792664,0.17934449017047882,0.38575226068496704,0.3655030429363251,0.0806654542684555,0.04959451034665108,1839.703609120162,666.0129908642713,2650.404118513572,440.93551256767853,0.04413451754916183,0.02394218182923558,139.6748310810811
Eine_Klein_Nachtmusik,278,293,15,none,thoughtful,3,-325.0140380859375,46.241729736328125,173.12794494628906,19.28704833984375,-5.518204212188721,20.74807357788086,24.773582458496094,14.219927787780762,17.184110641479492,12.669445037841797,3.2367801666259766,7.346582412719727,-4.4455108642578125,7.16663932800293,-1.5191388130187988,6.754524230957031,-4.02109432220459,7.036986827850342,-3.4799680709838867,7.691387176513672,-3.6762547492980957,6.146081924438477,-4.148355960845947,8.028667449951172,-1.0365058183670044,8.322458267211914,0.030969206243753433,6.230701923370361,-0.01235546451061964,2.2995171546936035,-0.030731162056326866,3.0254228115081787,-0.004257879685610533,2.027512311935425,-0.004235066007822752,1.559049367904663,-0.0011580492136999965,1.2288167476654053,-0.0010298487031832337,1.0805795192718506,-0.00122030358761549,0.9891571402549744,-0.0034995912574231625,0.9707490801811218,-0.005370755679905415,0.9875171184539795,-0.003714863443747163,0.9260062575340271,0.009194578975439072,1.0376211404800415,0.003770124865695834,0.9720006585121155,0.03325903043150902,2.768944263458252,-0.014867043122649193,1.2098267078399658,-0.019094135612249374,1.378535509109497,0.01566256769001484,1.0342220067977905,-0.006089875474572182,0.88802570104599,-0.003291820175945759,0.7002627849578857,0.0052711437456309795,0.7199505567550659,0.0008652361575514078,0.6391512155532837,-7.911049760878086e-05,0.6183860898017883,0.005216442048549652,0.6247772574424744,0.002290935954079032,0.5990828275680542,0.0035046793054789305,0.5919312834739685,-0.0019874521531164646,0.5947279930114746,0.4653821587562561,0.3229421079158783,0.3308396339416504,0.24585478007793427,0.41121789813041687,0.3439236581325531,0.23960070312023163,0.18725062906742096,0.23711444437503815,0.25947046279907227,0.23950238525867462,0.20634226500988007,0.4008793830871582,0.3249503970146179,0.38977089524269104,0.31253817677497864,0.30706119537353516,0.2661900222301483,0.3622499406337738,0.31572088599205017,0.322020560503006,0.2050059735774994,0.5334703326225281,0.33505815267562866,0.03676247224211693,0.01957188919186592,1651.0944418936388,457.28025961208914,2686.8411408314773,329.58157779519075,0.03662751850328947,0.01732489991808187,139.6748310810811
Eine_Klein_Nachtmusik,293,328,35,sway,thoughtful,2,-272.75518798828125,77.6083984375,174.0780487060547,25.280895233154297,-21.00946617126465,21.205663681030273,26.28374481201172,14.20116138458252,15.540631294250488,14.666688919067383,4.017275810241699,9.035196304321289,-7.191657066345215,8.513557434082031,-1.9268345832824707,8.725579261779785,-4.402243137359619,7.1206159591674805,-2.562335252761841,9.772791862487793,-4.0435709953308105,8.546743392944336,-2.9808852672576904,7.962811470031738,-2.147948980331421,9.174299240112305,0.09682364016771317,6.553789138793945,0.0024983305484056473,2.528137445449829,-0.014075505547225475,2.767178535461426,0.00040705857099965215,1.7534645795822144,-0.0112039465457201,1.6900224685668945,0.0026499563828110695,1.2613080739974976,-0.001394660328514874,1.2363955974578857,0.00771549716591835,1.0590072870254517,-0.0024065154138952494,0.9630396962165833,0.0018227269174531102,0.9912829995155334,-0.0021854685619473457,1.0268234014511108,0.0017163840821012855,0.9956434369087219,0.0008445706334896386,1.0123335123062134,-0.01663156785070896,2.7219839096069336,9.927630890160799e-05,1.1489777565002441,0.007588696666061878,1.2635395526885986,-0.004633867647498846,0.9060986042022705,0.0035446735564619303,0.8488284945487976,0.0031968236435204744,0.7088574171066284,0.0019509493140503764,0.710752546787262,0.0036937438417226076,0.6204211115837097,0.0023265874478965998,0.6102314591407776,0.0020037859212607145,0.6013206839561462,0.0030977276619523764,0.6173210144042969,0.0008082247222773731,0.6279654502868652,0.0012750346213579178,0.606523334980011,0.47016268968582153,0.3471178412437439,0.33249151706695557,0.24381430447101593,0.4273994565010071,0.36123862862586975,0.28706395626068115,0.22005228698253632,0.29295358061790466,0.3154726028442383,0.2220320701599121,0.20233120024204254,0.3240959048271179,0.30418598651885986,0.3439550995826721,0.3102673590183258,0.2643539011478424,0.23792536556720734,0.3064323365688324,0.30032604932785034,0.25518620014190674,0.18389417231082916,0.48136720061302185,0.3362301290035248,0.06719845533370972,0.04590489715337753,1734.273407541145,538.1301111331115,2564.891259629044,438.65366941884366,0.04015696258291874,0.019163005349562116,143.5546875
Eine_Klein_Nachtmusik,328,339,11,nod,frown,4,-185.87413024902344,56.018890380859375,189.98394775390625,26.406953811645508,-24.931995391845703,13.72887134552002,29.413753509521484,12.072216987609863,13.294964790344238,14.433904647827148,3.9623658657073975,9.596141815185547,-7.61677360534668,9.01480484008789,1.0894614458084106,7.790255546569824,-4.536336421966553,6.66949462890625,-1.7165307998657227,6.4949798583984375,-4.746980667114258,6.558217525482178,-3.691544771194458,5.783392906188965,-4.172466278076172,5.79684591293335,-0.19962528347969055,7.509485244750977,0.03897339850664139,4.111338138580322,0.07567646354436874,2.049417018890381,-0.012128867208957672,1.9879333972930908,0.04000585526227951,2.112492561340332,-0.007992999628186226,1.7338111400604248,0.0020878470968455076,1.6349964141845703,-0.016666674986481667,1.1624912023544312,0.008049944415688515,1.0804200172424316,0.0004277339903637767,1.0221093893051147,0.012432992458343506,1.048203468322754,0.002466982463374734,0.9042180180549622,0.005894115660339594,0.9554992318153381,0.016734018921852112,2.9799323081970215,-0.017222726717591286,1.8662667274475098,0.005562933627516031,1.175577163696289,0.007049421779811382,1.1066193580627441,-0.002801714465022087,1.002305507659912,0.0048222108744084835,0.8737841844558716,0.004020523279905319,0.8078291416168213,-0.009868716821074486,0.7143922448158264,-0.002698417752981186,0.6353830695152283,-0.003530556568875909,0.6306253671646118,-0.0007537498022429645,0.6753674149513245,-7.963457028381526e-05,0.5780819654464722,-0.0007267511100508273,0.5987779498100281,0.3945847153663635,0.24240516126155853,0.27803295850753784,0.19762323796749115,0.5331350564956665,0.3473743200302124,0.3436506390571594,0.21714389324188232,0.13492973148822784,0.0875503420829773,0.13522686064243317,0.09700154513120651,0.31750860810279846,0.2126946747303009,0.5023112297058105,0.34476983547210693,0.3520900309085846,0.23278571665287018,0.31852731108665466,0.24820291996002197,0.2881196141242981,0.13568207621574402,0.613619863986969,0.38031241297721863,0.14129993319511414,0.05873344838619232,1625.7909290478035,600.618052116611,2305.8190354904154,563.5313425954424,0.036939403678797465,0.018301562813501263,143.5546875
Eine_Klein_Nachtmusik,339,343,4,none,neutral,0,-536.8026123046875,78.30401611328125,118.33729553222656,57.831295013427734,39.95222854614258,13.966288566589355,22.27167510986328,10.819197654724121,24.94858169555664,6.654144763946533,16.49983787536621,5.329176902770996,10.955479621887207,6.70390510559082,9.44193172454834,5.362017631530762,6.947812080383301,5.169304847717285,4.350188255310059,5.097124099731445,5.1391921043396,5.257343292236328,3.580306053161621,5.625483989715576,2.6780436038970947,6.122868537902832,-0.956479012966156,2.7588417530059814,-0.42871296405792236,1.401938796043396,0.0620792880654335,1.618873119354248,0.02373288944363594,1.0238150358200073,-0.03110247664153576,0.829512357711792,0.06092620640993118,0.8251577019691467,0.033689726144075394,0.8129450678825378,0.026048487052321434,0.7582055330276489,0.013535347767174244,0.6905977129936218,0.00828514900058508,0.7238885760307312,-0.011291458271443844,0.8152296543121338,0.004254667088389397,0.8167873620986938,0.014345268718898296,0.6869809031486511,0.16057993471622467,2.360116720199585,-0.14152464270591736,1.6141654253005981,0.06815879791975021,1.3382811546325684,0.05533552169799805,0.8169018626213074,-0.02891811728477478,0.7914074063301086,0.032408878207206726,0.6431328058242798,0.0034743903670459986,0.5205639004707336,-0.011244319379329681,0.4815501570701599,-0.02308027073740959,0.4966002106666565,-0.020911144092679024,0.5129056572914124,-0.028092874214053154,0.601239025592804,-0.010186582803726196,0.5719638466835022,-0.008563881739974022,0.5153836607933044,0.43812140822410583,0.3433397114276886,0.5089703798294067,0.34966033697128296,0.6285275220870972,0.3427320122718811,0.6329633593559265,0.3591987192630768,0.5900733470916748,0.38924935460090637,0.604777455329895,0.36604589223861694,0.7224363684654236,0.22038587927818298,0.917357325553894,0.10271785408258438,0.7920042872428894,0.10172349959611893,0.5637857913970947,0.21296977996826172,0.426125168800354,0.2608185410499573,0.3910992741584778,0.29502150416374207,0.015403577126562595,0.021985618397593498,2654.927873388795,1487.138130563074,4919.754707162307,1663.247833512506,0.016237828351449275,0.010498879688933586,93.96306818181819
Humble,0,7,7,none,neutral,0,-169.3633575439453,84.48414611816406,171.4497833251953,44.868408203125,-36.786502838134766,31.802448272705078,21.79271697998047,20.171428680419922,2.226283073425293,17.773826599121094,6.069375514984131,14.558436393737793,-8.196976661682129,12.599879264831543,-2.674274206161499,8.254091262817383,3.1231260299682617,7.148000240325928,-3.386770248413086,6.78174352645874,-3.8371708393096924,6.575377464294434,-1.2004411220550537,7.539769172668457,0.36547842621803284,8.46145248413086,0.7956891059875488,13.3092679977417,0.3115042746067047,6.053056240081787,-0.14461244642734528,4.808145523071289,0.0156034454703331,2.6852383613586426,-0.09192319959402084,2.2287259101867676,-0.014985483139753342,1.5273345708847046,-0.04103085398674011,1.5219264030456543,-0.02667119912803173,1.4579893350601196,0.006733930669724941,1.3285340070724487,-0.023328518494963646,1.25041925907135,-0.0026175940874964,1.147957444190979,0.03694731742143631,1.3908026218414307,0.02012888714671135,1.280321478843689,-0.13462911546230316,5.45402717590332,-0.10372238606214523,2.5477850437164307,0.0067900693975389,2.2064223289489746,-0.02089628577232361,1.2731883525848389,-0.025982243940234184,1.2942503690719604,0.006416499614715576,0.8736642003059387,0.007901759818196297,0.7472953796386719,-0.007385033182799816,0.8424128890037537,-0.004313983954489231,0.8445647358894348,-0.004394610412418842,0.7539287209510803,-0.0005778546910732985,0.7018707990646362,-0.004545906092971563,0.808948814868927,0.001471894676797092,0.7567956447601318,0.38598790764808655,0.2820213735103607,0.3791649639606476,0.24837128818035126,0.5998780131340027,0.3115461468696594,0.6806994676589966,0.3307066857814789,0.49881047010421753,0.28643113374710083,0.3600824177265167,0.24999088048934937,0.3108767569065094,0.2210972160100937,0.29069334268569946,0.23364460468292236,0.2586556673049927,0.20930732786655426,0.370460569858551,0.26205363869667053,0.44058677554130554,0.3161259591579437,0.3278476297855377,0.2379944920539856,0.14666879177093506,0.06303205341100693,2152.5472791403768,1777.5005928164853,2354.7472004481588,932.272023286656,0.06326845589759536,0.0982573252314302,135.99917763157896
Humble,7,33,26,nod,frown,3,-124.02474975585938,78.15663146972656,114.32917785644531,44.34502410888672,0.5355862379074097,27.822181701660156,45.942447662353516,21.614652633666992,0.34410497546195984,21.990150451660156,28.667699813842773,16.94708251953125,3.7529001235961914,12.252907752990723,20.997604370117188,11.42276382446289,10.12307071685791,9.226618766784668,16.403074264526367,10.010119438171387,5.2484002113342285,9.375223159790039,11.023111343383789,9.229923248291016,6.4980268478393555,10.468748092651367,-0.027304109185934067,16.064380645751953,-0.03202775865793228,7.426126480102539,0.006838871631771326,5.632582187652588,0.014056464657187462,4.037657737731934,0.028184523805975914,3.997652530670166,0.008258520625531673,3.1379590034484863,-0.0013505449751392007,2.3679027557373047,0.005327280610799789,2.015212059020996,-0.002087649190798402,1.677088975906372,0.021084463223814964,1.555092692375183,-0.0032193600200116634,1.8260146379470825,-0.010042342357337475,1.6440221071243286,0.002456932794302702,1.9119406938552856,0.02791585586965084,7.737754821777344,0.007208508439362049,3.7768845558166504,-0.0010472366120666265,2.811279296875,-0.002711652545258403,2.002763271331787,-0.004005501978099346,2.194045066833496,0.0014153561787679791,1.805492639541626,0.0002299384359503165,1.3403512239456177,-0.0030363008845597506,1.2072678804397583,-0.0023272933904081583,1.0213162899017334,0.0014959701802581549,0.9767066836357117,-0.001197688514366746,1.1487034559249878,-0.005036656279116869,0.9762646555900574,-0.0023580605629831553,1.1733285188674927,0.6658306121826172,0.22231239080429077,0.6626577973365784,0.23387451469898224,0.679797351360321,0.22990740835666656,0.714123010635376,0.22661377489566803,0.7350123524665833,0.22593508660793304,0.7478720545768738,0.2242765873670578,0.7669757008552551,0.20457415282726288,0.7674093246459961,0.19941724836826324,0.7505093216896057,0.22035779058933258,0.761913001537323,0.22702443599700928,0.7356133460998535,0.20915916562080383,0.6723713278770447,0.2009943723678589,0.3712596297264099,0.12474881112575531,2847.2762253707338,1590.167223888475,3663.162471426954,1157.766413089246,0.03823220389229911,0.03227422912821688,147.65625
Humble,33,43,10,shake,frown,3,-136.494140625,81.9542236328125,111.11015319824219,48.7464485168457,4.093954086303711,29.823162078857422,47.08230209350586,20.17452621459961,2.648514986038208,21.736778259277344,27.256031036376953,17.019044876098633,4.557926177978516,14.1450777053833,23.740148544311523,11.06494140625,14.210137367248535,9.423903465270996,21.308874130249023,9.254281997680664,8.992900848388672,10.06195068359375,11.162609100341797,7.908504009246826,5.242197036743164,9.242844581604004,-0.22026093304157257,17.054349899291992,0.1018059179186821,8.223381042480469,0.007928348146378994,5.707895278930664,-0.029980402439832687,4.1047234535217285,0.03130634129047394,4.034290790557861,-0.07865769416093826,3.216338872909546,0.05876513198018074,2.438631057739258,0.03840877488255501,1.870620608329773,0.0021512547973543406,1.7833964824676514,-0.004386636428534985,1.5347989797592163,0.03926612064242363,2.0094006061553955,-0.00691085634753108,1.3954368829727173,-0.003742431290447712,1.8322845697402954,0.05408414825797081,8.235782623291016,-0.04193366691470146,4.286468982696533,0.010126248933374882,2.9931132793426514,0.007583461701869965,2.1866655349731445,-0.013535354286432266,2.130845308303833,0.0015577063895761967,1.7955492734909058,-0.011017095297574997,1.3785922527313232,-0.005518696270883083,1.112147569656372,0.006417719181627035,1.0457496643066406,-0.0028344925958663225,1.0232012271881104,-0.003052301937714219,1.2261972427368164,0.006113520823419094,0.93986976146698,0.005048386752605438,1.1323919296264648,0.728884220123291,0.18127624690532684,0.7464265823364258,0.1918777972459793,0.756050705909729,0.18234708905220032,0.7812860608100891,0.17075121402740479,0.7985580563545227,0.16955581307411194,0.8166421055793762,0.1787116825580597,0.8156114220619202,0.16979360580444336,0.7974607944488525,0.17122860252857208,0.7982244491577148,0.19112253189086914,0.80572509765625,0.1885741949081421,0.7715601325035095,0.15123629570007324,0.7026344537734985,0.1456894725561142,0.3798508644104004,0.11904529482126236,2835.460081338419,1780.3240643917616,3589.715973151413,1350.6180932303955,0.037947156866299306,0.0362424435017055,151.99908088235293
Humble,43,84,41,nod,frown,2,-135.56614685058594,88.20048522949219,109.65174865722656,46.97997283935547,-11.721785545349121,35.14860153198242,37.989017486572266,26.42786979675293,-8.195555686950684,23.15355682373047,20.638015747070312,20.910167694091797,1.2744752168655396,16.467960357666016,15.740513801574707,16.55788230895996,6.849800109863281,13.254552841186523,9.84528636932373,14.927727699279785,1.9347132444381714,12.970375061035156,9.983850479125977,10.406231880187988,4.746490001678467,10.354216575622559,0.007626962382346392,14.451396942138672,-0.020255735144019127,6.830525875091553,-0.01622903160750866,5.518389701843262,-0.011083717457950115,3.8873400688171387,-0.008295747451484203,4.028842926025391,0.0074457130394876,3.1197023391723633,-0.0001380035828333348,2.383045196533203,0.0036333187017589808,2.158031702041626,0.0037958533503115177,1.7205451726913452,0.005301236640661955,1.538867473602295,0.001547392224892974,1.7354837656021118,0.00707251438871026,1.7919670343399048,0.00341714802198112,1.8657712936401367,0.015433631837368011,6.649072647094727,7.510644354624674e-05,3.423098087310791,-0.0008193858084268868,2.727797031402588,0.0006389906629920006,1.9196275472640991,-0.001483291038312018,2.0820915699005127,0.0015588956885039806,1.7136108875274658,-0.0015911537921056151,1.2618376016616821,-0.003490885952487588,1.1596518754959106,-0.0010634169448167086,0.9530673623085022,-0.0011936721857637167,0.9080396890640259,-0.0030527482740581036,0.9875777363777161,-0.0014148484915494919,1.0245039463043213,0.0005399530055001378,1.1394832134246826,0.6000918745994568,0.27875828742980957,0.6062077879905701,0.28413233160972595,0.6027349829673767,0.29345470666885376,0.6371654272079468,0.2896345257759094,0.659932553768158,0.2960495352745056,0.6264583468437195,0.2970961928367615,0.6265950798988342,0.2942020893096924,0.6419652700424194,0.28598278760910034,0.6450409889221191,0.28983014822006226,0.6329553127288818,0.28684863448143005,0.5717779397964478,0.2678927481174469,0.5820202827453613,0.27589935064315796,0.3157486617565155,0.16321907937526703,2994.8992567049595,1534.6650856306253,3576.782543669916,1096.7995402407144,0.05060941149667327,0.046698841227024994,151.99908088235293
Humble,84,98,14,nod,surprise,4,-130.48300170898438,80.88724517822266,108.68536376953125,47.45097351074219,-1.2562012672424316,34.66651153564453,38.260520935058594,19.205345153808594,-1.9027433395385742,23.55865478515625,30.0382137298584,16.384519577026367,1.2315590381622314,15.906713485717773,22.779394149780273,13.543339729309082,13.508499145507812,11.042411804199219,20.268314361572266,10.402515411376953,5.033106327056885,10.739114761352539,11.40243148803711,9.755765914916992,7.365499973297119,10.29498291015625,-0.15319611132144928,15.34286880493164,-0.15290570259094238,7.054509162902832,-0.06719671189785004,6.220050811767578,-0.013182887807488441,3.5513365268707275,0.020195944234728813,3.90609073638916,-0.02761763706803322,3.098207950592041,-0.014998040162026882,2.5571653842926025,-0.021516645327210426,1.9456552267074585,-0.022427165880799294,1.7908395528793335,-0.007057266775518656,1.6503989696502686,0.0023849005810916424,1.9707063436508179,-0.0013246689923107624,1.626364827156067,-0.0034876763820648193,1.8892947435379028,0.018580032512545586,7.1939544677734375,-0.020762618631124496,3.6265149116516113,0.018062693998217583,2.790870189666748,0.0001822846388677135,1.8138172626495361,-0.01061012502759695,2.020848035812378,0.010322220623493195,1.7226914167404175,-0.008923023007810116,1.285110354423523,-0.007114470470696688,1.0111931562423706,-0.007070962805300951,0.9995125532150269,-0.00593800051137805,0.9877955913543701,-0.0005038965027779341,1.0999391078948975,-0.004201301373541355,0.9102962613105774,-0.010251495987176895,1.1514137983322144,0.7130886316299438,0.2214268147945404,0.6748438477516174,0.23617851734161377,0.6563317775726318,0.259628027677536,0.6801838278770447,0.26149702072143555,0.7106412053108215,0.24611526727676392,0.6999915838241577,0.2758636176586151,0.6991870403289795,0.2539691627025604,0.7518452405929565,0.22338156402111053,0.7085791230201721,0.25708234310150146,0.6683620810508728,0.2870895564556122,0.6439689993858337,0.2548881769180298,0.6139122247695923,0.22014804184436798,0.36484426259994507,0.13243085145950317,3014.9245479314277,1762.045268984812,3745.5983293166632,1275.0668472473544,0.046292382488598675,0.06158648238543816,151.99908088235293
Humble,98,100,2,none,surprise,3,-237.83058166503906,101.10029602050781,72.40608215332031,55.53352737426758,-45.981258392333984,36.60710525512695,22.488868713378906,27.0665283203125,-13.959471702575684,26.848085403442383,15.26383113861084,17.870481491088867,-18.012155532836914,14.0154390335083,1.2076889276504517,16.973480224609375,-16.923311233520508,12.340340614318848,0.4718092978000641,15.380789756774902,-23.4810848236084,13.130792617797852,-5.205635070800781,14.323626518249512,-7.024658203125,7.615630626678467,-0.16959528625011444,22.90862464904785,-0.5520570874214172,10.043760299682617,-0.45985764265060425,7.206815719604492,0.26705217361450195,3.4407293796539307,0.14910458028316498,4.769007682800293,-0.11830069869756699,2.9802370071411133,0.08760533481836319,3.1236867904663086,-0.045867931097745895,2.7650744915008545,-0.19756823778152466,2.4566822052001953,-0.020560622215270996,2.047391414642334,0.06192382052540779,2.788635730743408,-0.05246574804186821,2.1207900047302246,0.006916438229382038,1.3866609334945679,-0.25590378046035767,11.982665061950684,-0.21432508528232574,4.6587724685668945,0.20421521365642548,3.9771628379821777,-0.008175494149327278,2.1683998107910156,0.09815113246440887,2.3636600971221924,0.0837450623512268,2.07611346244812,0.004939978010952473,1.775107979774475,-0.06144563481211662,1.5644726753234863,-0.07487379759550095,1.8344964981079102,0.015743110328912735,1.1605764627456665,0.11927156895399094,1.6871116161346436,-0.03522872552275658,1.1796497106552124,-0.04657799378037453,1.0363370180130005,0.42495331168174744,0.2873811423778534,0.36594709753990173,0.3141566514968872,0.34399741888046265,0.32713478803634644,0.36353906989097595,0.342012882232666,0.33067792654037476,0.2958534359931946,0.26363852620124817,0.2561398148536682,0.38346773386001587,0.2722690999507904,0.5125938057899475,0.36417651176452637,0.365432471036911,0.28982701897621155,0.4214879870414734,0.3066810369491577,0.49048760533332825,0.3038219213485718,0.42823874950408936,0.31008607149124146,0.08926738053560257,0.0654994323849678,4428.164916974609,2222.6352947791784,3814.282143618127,710.2940045782428,0.12480807442196531,0.11960626859250399,97.50884433962264
Humble,100,162,62,nod,smile,3,-126.69557189941406,85.80191802978516,111.95050048828125,44.096893310546875,-8.760212898254395,32.544410705566406,41.248287200927734,24.247047424316406,-5.102646350860596,22.605697631835938,24.781906127929688,17.884029388427734,2.5612070560455322,14.400705337524414,16.985979080200195,14.684673309326172,8.062583923339844,12.495237350463867,13.677453994750977,14.263152122497559,3.733283042907715,12.10619068145752,9.717781066894531,10.050617218017578,4.893630027770996,10.094667434692383,-0.01728150248527527,16.432615280151367,-0.0024960783775895834,6.880263805389404,0.025403428822755814,6.129408359527588,0.001204588683322072,3.819361448287964,-0.006576737854629755,3.904418468475342,0.005086847115308046,3.0376970767974854,0.011841144412755966,2.455113649368286,0.006648129317909479,1.9839283227920532,0.008877092972397804,1.7162292003631592,0.009395068511366844,1.5397717952728271,0.002739998511970043,1.8067735433578491,0.005207207053899765,1.6666994094848633,0.007128296419978142,1.818376898765564,-0.014731869101524353,7.910327434539795,-0.008769087493419647,3.588902711868286,0.0014954967191442847,3.027489423751831,0.006847147364169359,1.9569103717803955,0.0005999693530611694,2.0899882316589355,-0.0031737899407744408,1.7198787927627563,0.0051467688754200935,1.3151912689208984,0.0039618127048015594,1.103144645690918,-3.9023823774186894e-05,0.9996623396873474,-0.0019558044150471687,0.9106802940368652,-0.003196601988747716,1.0419886112213135,-0.0018656033789739013,1.0081442594528198,-0.00011769097181968391,1.1495004892349243,0.6200557351112366,0.25190064311027527,0.6521033048629761,0.2586214244365692,0.6407849788665771,0.2690107822418213,0.6387245059013367,0.2801128625869751,0.6703822612762451,0.2768999934196472,0.6970707774162292,0.27330881357192993,0.6720598340034485,0.2777947783470154,0.6733662486076355,0.27332252264022827,0.6841127276420593,0.2706785798072815,0.6658592820167542,0.28438040614128113,0.6607027649879456,0.27207663655281067,0.6101484894752502,0.24364455044269562,0.34005895256996155,0.15367712080478668,2946.866629936197,1522.2634978194376,3591.698445823949,1085.0564635430221,0.04614152677986332,0.04080323515783204,151.99908088235293
Humble,162,177,15,none,smile,3,-227.2158966064453,127.23075866699219,101.68783569335938,59.228633880615234,20.59908676147461,31.307144165039062,40.89955520629883,23.086809158325195,6.658803939819336,25.344072341918945,22.470378875732422,16.274154663085938,15.266849517822266,12.422296524047852,24.4840030670166,10.320825576782227,17.486835479736328,9.697961807250977,20.06007194519043,8.860209465026855,14.650837898254395,9.503802299499512,13.332852363586426,8.273466110229492,6.820285320281982,10.37199592590332,-0.40838050842285156,15.203275680541992,-0.04840710386633873,7.8919291496276855,0.031076310202479362,5.553689956665039,-0.005511832889169455,4.116573810577393,0.03322204202413559,4.274799823760986,-0.014599272049963474,3.1219377517700195,0.0044925399124622345,1.7998942136764526,-0.030986271798610687,1.3541368246078491,-0.004416448995471001,1.238716721534729,-0.015412779524922371,1.0028947591781616,-1.5703148164902814e-05,1.3643465042114258,-0.017800427973270416,1.0816636085510254,-0.00045772528392262757,1.4864587783813477,-0.03758537396788597,7.71872091293335,0.0026735521387308836,4.07914924621582,0.014291844330728054,2.563541889190674,0.008696891367435455,1.905934453010559,-0.002369603607803583,2.3249082565307617,0.002337127225473523,1.764100432395935,0.003587178885936737,1.1030036211013794,-0.0016951037105172873,0.7310324311256409,0.00195241195615381,0.6817329525947571,-0.0019832823891192675,0.6731772422790527,0.0007193105411715806,0.9214228391647339,-0.0009582492057234049,0.6368643641471863,-0.0026389651466161013,0.8745070695877075,0.7092887163162231,0.19665130972862244,0.7624876499176025,0.16641291975975037,0.8274316191673279,0.13103146851062775,0.8493617177009583,0.1135120689868927,0.8522781133651733,0.18525616824626923,0.858066737651825,0.19719214737415314,0.8387511372566223,0.1961536556482315,0.8212081789970398,0.2004041075706482,0.8199997544288635,0.20847226679325104,0.7859817147254944,0.19468164443969727,0.7186965346336365,0.16487853229045868,0.6656323075294495,0.16522948443889618,0.3215157389640808,0.15794384479522705,2508.8873158683973,3088.856761836719,3048.030899876392,1770.3884708714286,0.05099213307856037,0.13753105162845017,147.65625
Mi_gente,0,37,37,nod,smile,4,-159.7850799560547,85.50371551513672,112.976806640625,45.092803955078125,-24.6431884765625,31.066328048706055,18.373674392700195,23.069499969482422,-13.113635063171387,16.754770278930664,22.08185386657715,16.096721649169922,-28.251924514770508,18.666513442993164,-5.10969352722168,17.060495376586914,-7.343704700469971,13.862712860107422,-5.91839599609375,18.37696647644043,-14.870861053466797,14.130491256713867,-1.5704929828643799,13.142569541931152,-1.1602596044540405,10.688922882080078,0.14691348373889923,11.964163780212402,0.02379574440419674,6.12513542175293,-0.002201247261837125,3.9465038776397705,0.019457340240478516,3.0119733810424805,-0.0008769907872192562,2.510780096054077,0.013867040164768696,2.2579376697540283,-0.0023063195403665304,2.5557777881622314,0.0063115195371210575,2.321589946746826,0.0011455987114459276,2.0980560779571533,0.005897182505577803,1.8562873601913452,0.001474736025556922,1.6421973705291748,0.008925145491957664,1.7900025844573975,0.00554698146879673,1.6796883344650269,-0.004293533973395824,6.610754489898682,0.00038531405152752995,3.7228472232818604,-0.001132390578277409,2.1984310150146484,-0.0028596902266144753,1.6937017440795898,-0.00017536422819830477,1.3405516147613525,-0.0023976813536137342,1.2138862609863281,-0.0008541257120668888,1.356102705001831,-0.0021667147520929575,1.2701283693313599,0.0003098926099482924,1.129229187965393,-0.002422981197014451,0.9811716079711914,-0.0017163424054160714,0.9500035643577576,-0.0024166100192815065,0.8960953950881958,-0.0008477962692268193,0.9176173806190491,0.26553070545196533,0.28439974784851074,0.28015682101249695,0.26671457290649414,0.3400549590587616,0.3249524235725403,0.35825514793395996,0.3106955289840698,0.497873991727829,0.36826908588409424,0.41138365864753723,0.2923372983932495,0.4682609438896179,0.3583082854747772,0.41190677881240845,0.3396666944026947,0.27892768383026123,0.2653186619281769,0.3002670705318451,0.32709914445877075,0.30070266127586365,0.29547959566116333,0.3537156283855438,0.35463935136795044,0.21187081933021545,0.1292707771062851,2977.4398629342663,1302.0557351024463,3530.6463569293123,769.0639905778229,0.0551569363821776,0.04068534009681573,139.6748310810811
Mi_gente,37,52,15,shake,smile,3,-63.43844985961914,56.30021286010742,83.59434509277344,26.187774658203125,-17.685775756835938,18.789745330810547,52.81624984741211,11.238510131835938,-11.042309761047363,9.378973960876465,40.280059814453125,10.435138702392578,-6.606882095336914,7.575280666351318,21.33632469177246,5.856907844543457,4.859421253204346,7.3609395027160645,11.020042419433594,6.555208206176758,-4.8673529624938965,5.946036338806152,13.749261856079102,8.533550262451172,4.562335014343262,6.731194496154785,-0.033037394285202026,12.493422508239746,-0.0009187633404508233,4.6936798095703125,-0.008280467242002487,3.5120351314544678,-0.003335687331855297,2.132810592651367,-0.005775919649749994,1.5495716333389282,0.005064454860985279,1.8299684524536133,3.0314589821500704e-05,1.3594331741333008,0.012784342281520367,1.0181009769439697,0.009444629773497581,1.3144949674606323,0.0037449514493346214,1.1101936101913452,-0.004397863522171974,1.0031766891479492,-0.007839687168598175,1.3765116930007935,-0.011177095584571362,1.275545358657837,-0.0023182095028460026,7.803284168243408,0.011668013408780098,2.084230899810791,0.023681726306676865,2.006190776824951,-0.014452588744461536,1.4056065082550049,-0.006529462523758411,1.1006031036376953,0.0018251232104375958,1.1055179834365845,0.012454063631594181,0.9806820154190063,-0.002948021749034524,0.691448986530304,0.00786268338561058,0.8358294367790222,-0.003940609749406576,0.6888723969459534,-0.007996019907295704,0.7651537656784058,-0.00844363123178482,0.7264401912689209,0.0015222954098135233,0.8533750176429749,0.7145490646362305,0.26308971643447876,0.7183269262313843,0.2522360384464264,0.7491316795349121,0.1916043609380722,0.7815280556678772,0.15177196264266968,0.7660924196243286,0.18854711949825287,0.6928037405014038,0.1854378879070282,0.6397721171379089,0.2069980353116989,0.6183778047561646,0.22856685519218445,0.5493507981300354,0.21001170575618744,0.5206438899040222,0.19116702675819397,0.5576439499855042,0.20040708780288696,0.6550889015197754,0.24770505726337433,0.4283345341682434,0.10750226676464081,4044.9165628058404,1106.2779395230802,4336.838608110733,567.7189320829042,0.04737499697658669,0.03651482848863247,105.46875
Mi_gente,52,56,4,nod,surprise,3,-83.81417846679688,52.133663177490234,101.03221130371094,34.69341278076172,-18.24148178100586,24.096797943115234,40.85558319091797,18.808271408081055,-15.96098804473877,15.680036544799805,29.788768768310547,12.060033798217773,-15.666272163391113,12.025581359863281,15.326908111572266,10.38597583770752,-1.5502499341964722,11.006254196166992,7.799330711364746,8.011127471923828,-6.200927257537842,9.52885627746582,10.451892852783203,10.059271812438965,8.16042709350586,12.544527053833008,-0.3015589118003845,10.413891792297363,0.13515301048755646,4.900996208190918,-0.0900268703699112,3.7192583084106445,-0.006814365275204182,2.849297523498535,0.04889483377337456,2.2619333267211914,-0.016022630035877228,1.7865307331085205,-0.04407724365592003,1.915675401687622,-0.012893925420939922,1.426602840423584,-0.036426179111003876,1.6249629259109497,-0.017056144773960114,1.2524827718734741,-0.005482831038534641,1.3626713752746582,-0.050664022564888,1.3115272521972656,-0.026995927095413208,1.648285150527954,-0.11434100568294525,6.378133773803711,0.04583126679062843,2.910654306411743,0.07828008383512497,2.038963556289673,0.008129921741783619,1.567009449005127,0.06296571344137192,1.313567876815796,-0.0030925979372113943,1.053621768951416,-0.010018467903137207,1.2988216876983643,-0.03662857040762901,0.8153682947158813,0.042653314769268036,1.0335021018981934,-0.015052463859319687,0.7745164632797241,0.004854782018810511,0.8204247951507568,-0.03958812355995178,0.8146563768386841,-0.0032302842009812593,1.0040464401245117,0.41845080256462097,0.3523111343383789,0.42954182624816895,0.33435487747192383,0.46050578355789185,0.3245374858379364,0.4946279227733612,0.3291473388671875,0.5304879546165466,0.31945982575416565,0.581178605556488,0.29107865691185,0.5870234370231628,0.3058476746082306,0.40910661220550537,0.27830684185028076,0.34120669960975647,0.28240638971328735,0.35243383049964905,0.31264498829841614,0.3882562518119812,0.324698269367218,0.4291561543941498,0.3611603081226349,0.34443554282188416,0.14436447620391846,3598.5666219998125,1355.9289163947708,4034.682881259146,623.2760056244565,0.05735110960144928,0.060826026194535185,139.6748310810811
Mi_gente,56,82,26,sway,smile,3,-110.18557739257812,72.98617553710938,98.08487701416016,43.492156982421875,-19.851112365722656,26.826040267944336,34.536712646484375,20.491222381591797,-5.9618425369262695,20.351072311401367,32.80199432373047,18.828060150146484,-20.796648025512695,14.085371017456055,7.238059043884277,13.993844985961914,-2.616974353790283,13.95931625366211,-1.7428672313690186,13.48963737487793,-13.46119213104248,10.091508865356445,4.351346969604492,13.099343299865723,0.9300554394721985,11.753043174743652,0.029107073321938515,11.503671646118164,-0.006827130448073149,6.462625503540039,0.0022468685638159513,4.415522575378418,-0.024909963831305504,3.1880791187286377,-0.0275677852332592,3.293238401412964,-0.004736537579447031,2.9141056537628174,-0.009250850416719913,2.2460055351257324,-0.0014305481454357505,2.1274032592773438,-0.0008503356366418302,2.0847866535186768,0.0026193594094365835,2.124149799346924,-0.0030056177638471127,1.5092488527297974,0.007150306832045317,1.9331790208816528,-0.007208157330751419,1.696260929107666,-0.030666301026940346,6.378149032592773,0.021513309329748154,3.4256839752197266,0.001674252562224865,2.4499242305755615,-0.007217710372060537,1.6838629245758057,0.008527222089469433,1.680713176727295,0.0010409904643893242,1.4045659303665161,0.010083208791911602,1.3065508604049683,-0.007154715713113546,1.1684892177581787,0.005617815535515547,1.1268165111541748,-0.001582091674208641,1.0699591636657715,0.007658773567527533,0.9050297141075134,0.0013067284598946571,0.8894778490066528,0.000809483346529305,0.9069721102714539,0.35553109645843506,0.28052717447280884,0.41570642590522766,0.3050297200679779,0.45888596773147583,0.3132135570049286,0.47053757309913635,0.31010380387306213,0.5587069988250732,0.33351439237594604,0.4760359525680542,0.2817437946796417,0.5291209816932678,0.3298719525337219,0.4643394351005554,0.30885472893714905,0.3628775477409363,0.2710614800453186,0.36429256200790405,0.2988276481628418,0.3960384428501129,0.29686835408210754,0.41735467314720154,0.3287762403488159,0.2467806190252304,0.15243881940841675,3969.261896063704,1630.1883271338563,4009.372581625059,813.4542436031613,0.08575177873883928,0.07341888616186396,139.6748310810811
Mi_gente,82,90,8,nod,smile,3,-143.79925537109375,59.357215881347656,122.06397247314453,37.50175476074219,-39.85981750488281,22.828630447387695,15.360111236572266,19.214797973632812,-28.085247039794922,15.86802864074707,6.030671119689941,16.5839900970459,-36.610477447509766,12.769153594970703,-14.152852058410645,11.765645980834961,-15.14059066772461,9.320206642150879,-6.057346820831299,11.676512718200684,-17.607091903686523,10.309441566467285,-2.935253858566284,8.50440788269043,1.6792696714401245,11.865431785583496,-0.1895361840724945,8.875535011291504,-0.018690263852477074,7.322216510772705,0.023725362494587898,4.017585754394531,0.04070613160729408,2.7935140132904053,0.007218930404633284,2.3695428371429443,-0.02408098429441452,2.972567319869995,-0.014684137888252735,2.149278163909912,-0.029134683310985565,1.6607850790023804,-0.014711834490299225,1.6502515077590942,0.014708992093801498,1.7013516426086426,0.015993807464838028,1.634039282798767,-0.016947392374277115,1.3181085586547852,0.035503000020980835,1.5663044452667236,0.048197727650403976,4.751779079437256,0.018878474831581116,4.154150009155273,0.013432975858449936,2.177734613418579,-0.003890539286658168,1.5047358274459839,-0.004704388789832592,1.2788164615631104,-0.022995971143245697,1.4778894186019897,0.019987037405371666,1.2504935264587402,0.009580451995134354,0.9388533234596252,0.008961069397628307,0.9571143984794617,-0.0018997990991920233,0.9817236065864563,0.008909439668059349,0.8977131843566895,0.015054089017212391,0.7890831828117371,-0.002381318947300315,0.8816914558410645,0.23044493794441223,0.2463853508234024,0.2133353352546692,0.23514336347579956,0.3553312420845032,0.36001285910606384,0.3021749258041382,0.289870023727417,0.4026029407978058,0.3695918023586273,0.3270725607872009,0.2750946879386902,0.426461398601532,0.38306766748428345,0.33044788241386414,0.3326261341571808,0.1910286545753479,0.2280440628528595,0.16231361031532288,0.23301272094249725,0.1639767587184906,0.18971827626228333,0.31590506434440613,0.35363247990608215,0.20671643316745758,0.10769128054380417,2925.812629013681,1135.6973278558416,3318.2953489822175,728.3856849032788,0.06295360620471015,0.037743103482452266,105.46875
Mi_gente,90,110,20,nod,big smile,4,-68.45948028564453,57.30202102661133,87.98020935058594,27.427003860473633,-23.01890754699707,22.727336883544922,45.16713333129883,21.3989315032959,-15.573243141174316,14.572749137878418,33.931331634521484,17.921159744262695,-10.565524101257324,11.14516830444336,16.572587966918945,12.226370811462402,0.7814497351646423,11.293644905090332,8.765974998474121,8.089874267578125,-5.842413425445557,7.536099433898926,12.63467025756836,9.210143089294434,6.022712230682373,8.597124099731445,0.1211838573217392,11.970086097717285,0.0031932834535837173,4.53089714050293,-0.03211269900202751,3.4558169841766357,0.02640537917613983,2.4015541076660156,-0.006348725408315659,1.6061307191848755,0.004913405515253544,1.9290674924850464,0.001767954439856112,1.4061832427978516,0.0014288111124187708,1.1984246969223022,-0.0017921865219250321,1.429505705833435,-0.008274800144135952,1.1980299949645996,-0.007736457511782646,1.2245604991912842,2.611174750200007e-05,1.3631527423858643,-0.016244126483798027,1.3618662357330322,0.02403070405125618,7.332787036895752,0.013490600511431694,2.165489912033081,-0.008863013237714767,1.9132366180419922,-0.0037828648928552866,1.4136203527450562,-0.00403850432485342,1.077669382095337,-0.0035606168676167727,1.0996670722961426,-0.0015919404104351997,0.9790390729904175,0.00015157333109527826,0.737995445728302,-0.0010927808471024036,0.8857300281524658,-0.0001998884545173496,0.727803111076355,0.003986021503806114,0.802353024482727,0.0035192605573683977,0.7118080854415894,0.0024859767872840166,0.8737280964851379,0.5943373441696167,0.3294852077960968,0.6308184266090393,0.2996971309185028,0.6870630383491516,0.27402815222740173,0.6805360317230225,0.28326717019081116,0.6556955575942993,0.26662135124206543,0.6238172054290771,0.2366260439157486,0.6121016144752502,0.25731658935546875,0.5130283832550049,0.26511716842651367,0.45809057354927063,0.24016688764095306,0.47212135791778564,0.250374436378479,0.5290860533714294,0.2912091314792633,0.5924621224403381,0.3315945267677307,0.39423269033432007,0.12622635066509247,3916.0339512712153,1100.5226202067793,4218.428611576648,598.8737824065524,0.049977272108966915,0.03509379702660273,139.6748310810811
Mi_gente,110,143,33,shake,disgust,3,-118.52473449707031,59.082489013671875,122.58869171142578,36.59878921508789,-20.801651000976562,24.07229232788086,25.58938980102539,19.977880477905273,-15.910100936889648,20.327247619628906,15.140351295471191,16.947856903076172,-27.228961944580078,14.722784042358398,-3.988544464111328,12.92023754119873,-11.272998809814453,12.210240364074707,0.5915955901145935,14.162947654724121,-14.145915031433105,12.134760856628418,-1.0868662595748901,12.171236038208008,-3.2819528579711914,11.740317344665527,-0.045594774186611176,10.032583236694336,-0.008122172206640244,6.3646135330200195,0.02393280901014805,4.127822399139404,-0.0078100841492414474,2.7267282009124756,-0.0011988769983872771,2.989217758178711,0.0008905120776034892,2.860926866531372,-0.009016931056976318,1.9573255777359009,-0.012208602391183376,1.9829652309417725,-0.011728078126907349,1.8548693656921387,-0.018128136172890663,1.8092774152755737,-0.0077421655878424644,1.6676198244094849,-0.0039075021632015705,1.602531909942627,0.0019755868706852198,1.6332749128341675,0.008474416099488735,5.548155307769775,-0.002399005927145481,3.8218994140625,-0.007652302738279104,2.3193042278289795,0.002267609816044569,1.5171890258789062,0.0065242876298725605,1.5867125988006592,0.00705752894282341,1.6412386894226074,0.003633837914094329,1.2289283275604248,0.002546044997870922,1.1609127521514893,0.0057134684175252914,1.0832196474075317,0.0015063764294609427,0.9612212181091309,0.003461517859250307,0.9814116358757019,0.0026438343338668346,0.9332742094993591,-0.00020601654250640422,0.9853413105010986,0.337737500667572,0.28231048583984375,0.34493711590766907,0.2844465970993042,0.3714473843574524,0.3164139986038208,0.35977694392204285,0.2931458353996277,0.4957384169101715,0.36441969871520996,0.3877519965171814,0.276738703250885,0.39382755756378174,0.31469637155532837,0.4033139646053314,0.3128963112831116,0.35341283679008484,0.2576153576374054,0.4727649688720703,0.37160614132881165,0.4430971145629883,0.31327176094055176,0.44509050250053406,0.3343895673751831,0.2537056803703308,0.12593750655651093,3006.35715859802,1281.941360019841,3641.46723582976,734.2776504834609,0.05546277314896236,0.041789928610746194,105.46875
Mi_gente,143,180,37,sway,smile,3,-131.9707489013672,91.16928100585938,99.83306121826172,39.30010986328125,-21.339303970336914,25.536529541015625,33.76841354370117,24.504602432250977,-7.982656002044678,20.973779678344727,31.070404052734375,17.75519561767578,-16.302230834960938,16.656700134277344,8.583734512329102,16.277416229248047,4.409824848175049,15.731451034545898,0.8382488489151001,13.239211082458496,-8.894447326660156,10.476868629455566,6.125301361083984,12.986124992370605,7.160375595092773,11.877345085144043,0.009360704571008682,13.16380500793457,0.0014775566523894668,6.089675426483154,-0.011831981129944324,4.060444355010986,0.005592827219516039,2.8657469749450684,0.008455286733806133,2.5400071144104004,0.0005879038362763822,2.1963839530944824,0.0016356122214347124,2.155092477798462,0.014658758416771889,1.9042580127716064,0.005794953554868698,2.1668572425842285,0.01013085339218378,1.4948171377182007,0.0024656509049236774,1.4311292171478271,0.00455764913931489,1.6254158020019531,0.004403145518153906,1.7285523414611816,0.0202036015689373,7.929557800292969,0.005097484216094017,3.5611281394958496,0.000747119018342346,2.1459801197052,0.0004121980455238372,1.6116065979003906,-0.002114723902195692,1.4260823726654053,-0.006958697456866503,1.2497872114181519,0.0038928212597966194,1.1931490898132324,0.0028442838229238987,1.0518423318862915,-0.0006625214009545743,1.1468803882598877,0.004289897624403238,0.7844540476799011,0.003586970502510667,0.8726338744163513,0.0014778830809518695,0.7250126004219055,-0.0034710022155195475,1.0016289949417114,0.47895196080207825,0.35152414441108704,0.5080031156539917,0.3344680666923523,0.570921003818512,0.33167314529418945,0.5896522998809814,0.32389163970947266,0.618350625038147,0.3175789713859558,0.5459322333335876,0.2829417288303375,0.5740485191345215,0.32296305894851685,0.48278623819351196,0.3130907416343689,0.3723047971725464,0.28009966015815735,0.36224502325057983,0.2838965654373169,0.40255850553512573,0.3065352737903595,0.47126808762550354,0.3540922701358795,0.3080020248889923,0.15844137966632843,3292.412982714698,1489.4316105317343,3718.413174232487,902.4972900980564,0.049094404514433636,0.04289318761273397,139.6748310810811
Mi_gente,180,189,9,nod,neutral,2,-398.6513366699219,119.0348129272461,33.06929397583008,41.12409591674805,-19.658937454223633,28.59419059753418,-1.6043130159378052,14.021201133728027,-3.718348979949951,12.40212631225586,4.92365026473999,12.352410316467285,-16.42998695373535,21.919448852539062,-7.3327956199646,12.929189682006836,-1.9846893548965454,9.139578819274902,-9.672189712524414,14.94990348815918,-11.532691955566406,15.574226379394531,-4.06420373916626,7.682992935180664,1.3899221420288086,6.340884208679199,-0.3804868459701538,7.256042003631592,-0.1714419573545456,2.3913958072662354,0.04759513586759567,2.446779727935791,-0.011613808572292328,1.41326904296875,0.003573769237846136,1.4801597595214844,-0.03167849779129028,1.2302182912826538,0.04625594615936279,1.4897676706314087,0.008303883485496044,1.0198417901992798,-0.019920319318771362,1.1636605262756348,0.01060859952121973,0.8865615129470825,0.01720508560538292,0.8528114557266235,-0.005684257950633764,0.75550776720047,-0.019635090604424477,0.9795919060707092,0.0187506303191185,4.056654930114746,0.029249466955661774,1.6209824085235596,0.01635891944169998,1.4501813650131226,-0.0018681964138522744,0.8426727056503296,-0.006788645405322313,0.8344107866287231,-0.010663434863090515,0.7207165956497192,-0.007588043808937073,0.77133709192276,-0.003774294164031744,0.6184357404708862,0.003671593265607953,0.6818159222602844,0.010104218497872353,0.42309197783470154,0.009489638730883598,0.5418630242347717,0.0037959045730531216,0.399141788482666,-0.006242021452635527,0.6083887815475464,0.2670941948890686,0.20797958970069885,0.4458387792110443,0.25522008538246155,0.5859468579292297,0.3971641957759857,0.5580276250839233,0.4103891849517822,0.33396849036216736,0.23050007224082947,0.30706483125686646,0.19865186512470245,0.5211839079856873,0.36989259719848633,0.3792877495288849,0.26313748955726624,0.20609690248966217,0.16452427208423615,0.19014044106006622,0.17028604447841644,0.2122591882944107,0.19373726844787598,0.24038639664649963,0.2226925641298294,0.040481146425008774,0.0738709568977356,8065.162998708747,4741.35130898268,4972.505626662971,1452.4057336782137,0.3753322326030928,0.30259855234167415,139.6748310810811
Waltz_Op64_No2,0,55,55,none,thoughtful,3,-352.8974304199219,53.97477340698242,180.0967254638672,45.03555679321289,56.159889221191406,18.246931076049805,-8.740012168884277,18.40569305419922,-7.100731372833252,8.538415908813477,2.0022852420806885,8.535774230957031,-4.283514022827148,8.197168350219727,-10.935928344726562,7.725586414337158,-10.227009773254395,6.599539279937744,-8.687911033630371,7.483102798461914,-10.09700870513916,8.38863754272461,-10.708636283874512,9.764036178588867,-7.994413375854492,9.189576148986816,0.050170041620731354,3.225144386291504,0.04406348615884781,2.659666061401367,0.003104821313172579,1.338333010673523,-0.006020468659698963,1.238053560256958,0.0008091916679404676,0.9076937437057495,0.0004243385628797114,0.8003354668617249,-0.0008771871216595173,0.7875176072120667,-0.00012010156933683902,0.7856214642524719,-0.0019377891439944506,0.6751006841659546,-0.0017936202930286527,0.7036353349685669,0.002173665212467313,0.7730777859687805,0.0036031962372362614,0.7979572415351868,0.0015482890885323286,0.7460178732872009,0.0012649990385398269,1.6316850185394287,0.00043366255704313517,1.323048710823059,-0.0009681647061370313,0.6882314085960388,-0.0002743202494457364,0.7050957679748535,0.0005345675745047629,0.5162158608436584,0.0006294118938967586,0.44910261034965515,0.0008145361789502203,0.44458112120628357,0.0010516137117519975,0.4185941815376282,0.0012621665373444557,0.38147491216659546,0.0010490334825590253,0.3770867884159088,0.0001318380527663976,0.41043731570243835,-0.00036945866304449737,0.42571327090263367,-0.00017205164476763457,0.39730358123779297,0.21694429218769073,0.24123193323612213,0.3030391037464142,0.36789825558662415,0.2083972692489624,0.2313658595085144,0.2870316505432129,0.3274436891078949,0.2878517508506775,0.33545389771461487,0.18897134065628052,0.2405148297548294,0.17461903393268585,0.2717065215110779,0.23008692264556885,0.25039583444595337,0.3989463448524475,0.3870217502117157,0.34242209792137146,0.34039178490638733,0.19061854481697083,0.21172426640987396,0.19391292333602905,0.2841770648956299,0.08867698907852173,0.06787773221731186,627.9281248531413,172.00637245446353,678.3376264326864,164.09100358539632,0.022811329279231744,0.0063864066924762255,99.38401442307692
Waltz_Op64_No2,55,65,10,none,smile,3,-271.0081787109375,18.305274963378906,254.10275268554688,14.883625030517578,30.568668365478516,15.262675285339355,-31.73026466369629,7.737765312194824,2.6068809032440186,7.406363010406494,3.0468013286590576,10.594132423400879,-13.714508056640625,7.141637325286865,-13.407221794128418,6.618412971496582,-10.542858123779297,6.742526054382324,-9.919270515441895,7.220797061920166,-8.02405071258545,8.865983963012695,-5.6785664558410645,9.39496898651123,-0.9839107990264893,8.017528533935547,0.014801934361457825,2.4665260314941406,-0.023951921612024307,1.5342012643814087,-0.005960274022072554,1.6817737817764282,-0.013520981185138226,0.9987489581108093,-0.027492115274071693,0.935263454914093,-0.005931226070970297,1.1915099620819092,-0.008917161263525486,0.9477387070655823,-0.0245792455971241,0.93639075756073,-0.016980690881609917,0.9605441093444824,-0.008031011559069157,0.828740656375885,-0.007917151786386967,0.9680989980697632,0.0015390466433018446,0.9013882279396057,0.01573238894343376,0.8401124477386475,0.022183213382959366,1.54362154006958,-0.03572908788919449,0.843479573726654,-0.028115930035710335,0.9704298377037048,0.00598180154338479,0.5720571279525757,0.002024040324613452,0.5413967370986938,0.00351508567109704,0.6809535622596741,0.01140291802585125,0.4839479327201843,0.009297366254031658,0.4976617395877838,0.010163819417357445,0.5089523792266846,0.014863815158605576,0.46856582164764404,0.010075073689222336,0.4687262773513794,0.003682502778246999,0.46857476234436035,-0.00025226178695447743,0.45766153931617737,0.24297387897968292,0.26577693223953247,0.36890584230422974,0.37874647974967957,0.24267765879631042,0.1960345208644867,0.38066762685775757,0.3578169345855713,0.30840492248535156,0.3019537627696991,0.13642089068889618,0.1493789255619049,0.15836095809936523,0.20736265182495117,0.24046626687049866,0.22200950980186462,0.48420006036758423,0.41211414337158203,0.3048894703388214,0.271871417760849,0.08873753994703293,0.11957493424415588,0.08259883522987366,0.1292017251253128,0.20614899694919586,0.058422479778528214,703.4623854142684,106.13229824108701,628.4729943365446,135.89691995470545,0.02635415911397912,0.005514359097215442,114.84375
Waltz_Op64_No2,65,80,15,none,close eyes,3,-288.0186462402344,47.54615020751953,213.78848266601562,31.911226272583008,30.901790618896484,22.79765510559082,-28.26658058166504,13.74949836730957,-4.969526767730713,15.680347442626953,1.2139225006103516,12.201478958129883,-7.262404918670654,11.757756233215332,-8.300127029418945,11.14869213104248,-8.03543472290039,9.833839416503906,-8.4598970413208,10.22275447845459,-6.6114959716796875,11.133187294006348,-3.875746011734009,10.487277030944824,-2.240415096282959,9.033149719238281,-0.09454020112752914,3.5041894912719727,-0.04087783023715019,2.3451647758483887,0.02257394604384899,2.051581382751465,-0.0035642189905047417,1.3919686079025269,-0.02655622735619545,1.1163017749786377,-0.017358243465423584,1.049160122871399,0.005507804919034243,1.068597674369812,0.018196402117609978,1.0060832500457764,0.027532512322068214,0.951775848865509,0.026319866999983788,0.9817847013473511,0.007098382338881493,1.0486937761306763,-0.014327043667435646,1.1214011907577515,-0.018391476944088936,1.020154595375061,0.00656779995188117,2.136519432067871,-0.016756338998675346,1.37520170211792,0.00011551564966794103,1.2158236503601074,0.012459961697459221,0.8647756576538086,0.0007730589713901281,0.605411946773529,0.005895774345844984,0.6286883354187012,0.005660876631736755,0.6067711114883423,-0.00295046903192997,0.5244800448417664,-0.004676892887800932,0.5260675549507141,-0.005268495064228773,0.4931821823120117,-0.00514397444203496,0.5270584225654602,0.0009359511896036565,0.6032549738883972,0.005972040817141533,0.5511927008628845,0.18620450794696808,0.22778721153736115,0.2791629135608673,0.3618372976779938,0.2056327760219574,0.23600295186042786,0.2893058955669403,0.33787351846694946,0.26973527669906616,0.3095327615737915,0.14625318348407745,0.1959226280450821,0.15735118091106415,0.23620587587356567,0.24238520860671997,0.2169853001832962,0.4860352873802185,0.40681126713752747,0.3146313428878784,0.2995387613773346,0.09660910815000534,0.11324192583560944,0.12703543901443481,0.22072555124759674,0.14887680113315582,0.08959557116031647,780.7647814637788,181.10946625559913,697.7154151597871,178.1343485863073,0.029818791723103717,0.010971956413073594,99.38401442307692
Waltz_Op64_No2,80,124,44,none,thoughtful,3,-326.0230407714844,45.76350021362305,200.31201171875,29.268980026245117,39.799922943115234,19.583818435668945,-20.711318969726562,14.332499504089355,-6.086675643920898,10.939041137695312,1.993912696838379,11.41572380065918,-6.9717206954956055,9.931199073791504,-11.930880546569824,10.980603218078613,-9.158754348754883,8.014541625976562,-8.467680931091309,8.922499656677246,-11.56436538696289,10.276902198791504,-11.389507293701172,10.834503173828125,-7.156643867492676,10.223860740661621,0.013790269382297993,4.085792064666748,0.014933297410607338,2.490600109100342,0.008153646253049374,1.940618634223938,0.003979209810495377,1.3279763460159302,0.008142596110701561,0.9752359986305237,0.007700888905674219,0.9541195034980774,-8.359269850188866e-05,0.8816559910774231,-0.006944288499653339,0.8842921853065491,-0.009582983329892159,0.7646682858467102,-0.008676687255501747,0.760258138179779,-0.006242932286113501,0.8539013862609863,-0.0034301248379051685,0.8844907283782959,-0.0013606582069769502,0.8206904530525208,0.015079358592629433,2.148442268371582,-0.004499548114836216,1.2651430368423462,-0.0076112584210932255,1.0946018695831299,0.002792236628010869,0.7915796041488647,0.002072408329695463,0.5137644410133362,0.0016481219790875912,0.5303175449371338,0.0020869311410933733,0.5059417486190796,0.0011649348307400942,0.4601842164993286,-0.0004160313110332936,0.4322287440299988,-0.00043558934703469276,0.4321032762527466,0.00032336587901227176,0.4494430422782898,0.0005129821947775781,0.4596433639526367,0.00023098388919606805,0.44481027126312256,0.24719174206256866,0.2956216037273407,0.3318297564983368,0.3581202030181885,0.1939694881439209,0.1955306977033615,0.2354334145784378,0.3279915750026703,0.18965832889080048,0.20440515875816345,0.2832637429237366,0.3308525085449219,0.2725995182991028,0.31297439336776733,0.20836052298545837,0.23734264075756073,0.2820286750793457,0.36170294880867004,0.24724246561527252,0.23535437881946564,0.2837429940700531,0.339322030544281,0.188538059592247,0.20759806036949158,0.10195803642272949,0.06661500781774521,747.3293574738645,140.28793980276188,735.2550924255604,167.5030226185442,0.028188644046833772,0.00841247322249444,79.50721153846153
Waltz_Op64_No2,124,163,39,none,smile,3,-318.3153381347656,63.855979919433594,187.53274536132812,53.736244201660156,45.0612907409668,17.401426315307617,-19.67641830444336,16.583972930908203,-10.211965560913086,13.0277099609375,-0.13594621419906616,12.714406967163086,-6.340011119842529,10.452227592468262,-9.792211532592773,11.447945594787598,-8.428030967712402,9.389608383178711,-7.82368278503418,9.220206260681152,-6.856364727020264,9.93740463256836,-4.266459941864014,10.61081600189209,-1.9056507349014282,10.503625869750977,-0.04197053611278534,3.1781129837036133,-0.017570653930306435,2.564342498779297,0.008181431330740452,1.7039649486541748,0.006201580632477999,1.3403756618499756,0.004332361742854118,1.0477368831634521,0.0043799313716590405,0.9270856380462646,0.006286563351750374,0.8570930361747742,0.005658324342221022,0.8480380773544312,0.004692623857408762,0.8559092879295349,0.004967625718563795,0.8424888253211975,0.005289547611027956,0.8783469796180725,0.004476921167224646,0.9415706992149353,0.0034048373345285654,0.9087562561035156,0.010025165975093842,1.8099416494369507,-0.00510576693341136,1.3731623888015747,-0.003524742554873228,0.9545342326164246,0.004165468271821737,0.8384261727333069,0.0013209620956331491,0.6118987202644348,-0.00046934167039580643,0.5276463627815247,-3.530886897351593e-05,0.4812066853046417,0.00019262819841969758,0.47045212984085083,-0.0005287606036290526,0.477729856967926,-0.000440960779087618,0.4502268433570862,-8.535060624126345e-05,0.4658578038215637,-0.00022045544756110758,0.5054925084114075,-0.0003371887723915279,0.4925607740879059,0.22403939068317413,0.2773699164390564,0.32153722643852234,0.37456196546554565,0.21372728049755096,0.22433529794216156,0.300685316324234,0.33239609003067017,0.27821680903434753,0.31245848536491394,0.14966686069965363,0.18170835077762604,0.18674439191818237,0.2462371438741684,0.2776041626930237,0.24826765060424805,0.46833786368370056,0.40956732630729675,0.2690441906452179,0.2586967349052429,0.10595525056123734,0.1620357632637024,0.11809810250997543,0.19501027464866638,0.11344631761312485,0.0896080806851387,733.9131545245473,160.844664512542,720.0275740332994,211.20066427129407,0.028635951450892858,0.01039934520091403,77.1338619402985
Waltz_Op64_No2,163,204,41,none,neutral,0,-334.94775390625,56.35608673095703,175.3850860595703,43.12051010131836,54.55574035644531,19.55017852783203,-6.335408687591553,19.15726661682129,-5.484569549560547,9.020499229431152,1.4389421939849854,10.000919342041016,-4.395187854766846,8.804853439331055,-10.540471076965332,7.708116054534912,-10.891884803771973,6.414577007293701,-10.052496910095215,6.6652703285217285,-10.926624298095703,7.666718006134033,-10.962275505065918,9.35410213470459,-7.730340480804443,9.42192268371582,0.031186727806925774,3.1246144771575928,0.0275178961455822,2.4773359298706055,-0.001279128366149962,1.3624523878097534,-0.010869511403143406,1.2138440608978271,-0.0021863700821995735,0.8779518604278564,0.0028009426314383745,0.8438339233398438,-0.0017815229948610067,0.8228945136070251,-0.00478336913511157,0.7483285069465637,-0.0029104934073984623,0.6873717308044434,-0.003024459583684802,0.6938604116439819,-0.0055895112454891205,0.7814782857894897,-0.004537865985184908,0.8048543334007263,-5.090007107355632e-05,0.7523077726364136,0.0006658586207777262,1.5587280988693237,0.0006794540677219629,1.2072781324386597,0.0001641492999624461,0.7040048837661743,8.842933311825618e-05,0.6724710464477539,0.000663720304146409,0.5148568749427795,0.0008740108460187912,0.45689624547958374,-4.6637494961032644e-05,0.4487462043762207,-0.0010120260994881392,0.41137364506721497,-0.0006953476695343852,0.39587563276290894,0.00032701677992008626,0.3803609311580658,0.0007623568526469171,0.4107145667076111,0.0004904901143163443,0.4239111542701721,6.128781933512073e-06,0.39569348096847534,0.23253171145915985,0.26186901330947876,0.3012053072452545,0.3485376834869385,0.209804967045784,0.20888370275497437,0.3088138997554779,0.3333703279495239,0.30528679490089417,0.33454930782318115,0.1896468549966812,0.2431037724018097,0.16324682533740997,0.2549239695072174,0.21256564557552338,0.25209885835647583,0.3681149184703827,0.3703000247478485,0.36448976397514343,0.3584146499633789,0.2248743325471878,0.24690642952919006,0.2042197734117508,0.28740185499191284,0.09879893064498901,0.08283001184463501,637.1687454700387,118.64538433546812,700.6348373462015,159.58262784635156,0.0229470068304077,0.005757149274397744,139.6748310810811
Waltz_Op64_No2,204,229,25,look up,neutral,3,-333.7425231933594,65.7527847290039,207.360595703125,49.78401184082031,47.66362762451172,25.41783905029297,-16.64808464050293,23.937570571899414,-2.5955145359039307,10.199941635131836,5.083580493927002,11.76722240447998,-4.549492359161377,10.45443344116211,-9.104837417602539,10.449185371398926,-7.610477447509766,8.033839225769043,-7.0989203453063965,8.585076332092285,-7.657680034637451,9.625236511230469,-6.336667537689209,9.927080154418945,-4.022620677947998,8.750175476074219,0.0026595895178616047,2.8337085247039795,-0.007232749368995428,2.04471755027771,0.006178367882966995,1.567922830581665,0.01695880852639675,1.1205170154571533,0.0026137069799005985,0.9472120404243469,-0.006511824671179056,0.8773107528686523,-0.0009388874750584364,0.8528829216957092,0.00453729834407568,0.8224108815193176,0.0024377291556447744,0.7730545997619629,0.0021309643052518368,0.8145999312400818,0.004714934155344963,0.8023214936256409,0.003638493362814188,0.8343290090560913,3.8120408135000616e-05,0.8134710192680359,0.018597915768623352,1.653242826461792,0.003542711492627859,1.087736964225769,-0.005119550973176956,0.9144856333732605,0.0020908082369714975,0.6601210236549377,0.0017056424403563142,0.5314804315567017,-0.0017090884502977133,0.5051687955856323,-0.0032472917810082436,0.4509713649749756,-0.0005187601782381535,0.42219334840774536,0.002017141552641988,0.42106470465660095,0.0014192083617672324,0.4249614477157593,-0.0004253922088537365,0.42751988768577576,-9.904232865665108e-05,0.468754380941391,0.0006823159055784345,0.4403504729270935,0.2124975174665451,0.2263418436050415,0.3459985554218292,0.38223519921302795,0.2243921309709549,0.21624960005283356,0.2991865575313568,0.3260420262813568,0.2800480127334595,0.31993353366851807,0.1762884259223938,0.2061617076396942,0.18422125279903412,0.21648971736431122,0.30716389417648315,0.22447353601455688,0.5719702243804932,0.4037121534347534,0.3199295103549957,0.26184341311454773,0.10713474452495575,0.11366230994462967,0.1289880871772766,0.20568197965621948,0.11336053907871246,0.07563825696706772,669.4422015682322,165.0697817436184,706.9030369904682,181.63251004765826,0.02517731364612349,0.00954084002183514,112.34714673913044
Waltz_Op64_No2,229,245,16,none,smile,3,-317.67327880859375,68.18450927734375,200.7104034423828,50.796146392822266,39.70497512817383,23.09657859802246,-21.031017303466797,16.00672721862793,-7.587960720062256,17.133150100708008,-2.0590527057647705,11.66556167602539,-6.6287312507629395,12.934077262878418,-5.996756076812744,14.140532493591309,-6.187474727630615,11.438544273376465,-7.148497581481934,10.81639575958252,-5.601288318634033,11.407221794128418,-3.1799368858337402,10.555841445922852,-1.2205750942230225,9.266671180725098,-0.0984744280576706,3.1147334575653076,-0.08238692581653595,2.30027437210083,-0.03579593449831009,1.82002854347229,-0.0352228619158268,1.54204523563385,-0.022678682580590248,0.9506809115409851,9.509772098681424e-06,0.9676854610443115,0.016620028764009476,0.9216342568397522,0.015358364209532738,0.8846694231033325,0.003155831480398774,0.8906456232070923,0.0013586657587438822,0.874029815196991,0.013661505654454231,0.9737970232963562,0.017982568591833115,0.9383590817451477,0.003940311726182699,0.8847931623458862,0.02589767798781395,1.8070614337921143,0.001897452399134636,1.2037798166275024,-0.01258705835789442,1.0517910718917847,0.002513723913580179,0.9283512830734253,0.0027283623348921537,0.550435483455658,-0.0036947340704500675,0.5529603362083435,-0.007722399663180113,0.5385844707489014,-0.005970326717942953,0.4938947558403015,-0.001250484143383801,0.4879412353038788,0.0020496859215199947,0.46738970279693604,0.0010623432463034987,0.504933774471283,-0.0024754460901021957,0.5200709104537964,-0.004998650401830673,0.49661946296691895,0.1716099977493286,0.21711403131484985,0.2871112823486328,0.3614044189453125,0.23724894225597382,0.2631339728832245,0.3220846354961395,0.35342031717300415,0.29081130027770996,0.3313053846359253,0.1522533893585205,0.20252792537212372,0.16810330748558044,0.2249419242143631,0.24363164603710175,0.23637254536151886,0.46962007880210876,0.41001132130622864,0.2906588912010193,0.2871253192424774,0.08933091908693314,0.10992798209190369,0.10520998388528824,0.20658831298351288,0.12559811770915985,0.09588354080915451,768.6051603569517,199.24095780488915,706.3953347564808,175.21972919413292,0.03154707611947063,0.01281133400817523,86.1328125
Waltz_Op64_No2,245,251,6,none,close eyes,3,-710.3402709960938,99.54723358154297,117.39459991455078,100.21829986572266,45.642215728759766,38.01502990722656,4.6152238845825195,20.844877243041992,3.83298659324646,6.657409191131592,12.006339073181152,10.367944717407227,9.237451553344727,7.62377405166626,0.6930667161941528,5.979759216308594,-2.8602349758148193,7.214838027954102,-0.6073482036590576,5.216226100921631,0.6891793608665466,4.20686674118042,-1.8165439367294312,5.950697422027588,-3.584705352783203,6.4320149421691895,-0.5267338752746582,1.9485529661178589,-0.3680902123451233,1.7870794534683228,0.04958739131689072,1.030839443206787,0.07521239668130875,0.7344828844070435,0.006810828577727079,0.5867591500282288,-0.035519327968358994,0.536365270614624,-0.04909857362508774,0.4461323916912079,-0.030734652653336525,0.4722333252429962,0.011532849632203579,0.4010264575481415,0.030976485460996628,0.5099301934242249,-0.004022637382149696,0.46109527349472046,-0.028066465631127357,0.6623563766479492,0.009496595710515976,0.5031597018241882,0.060611411929130554,1.1657391786575317,-0.015401705168187618,0.819427490234375,-0.04162148758769035,0.6147065162658691,0.011742631904780865,0.3916546404361725,0.014778371900320053,0.35194453597068787,0.016373880207538605,0.33880650997161865,-0.001260608434677124,0.27169936895370483,-0.02467600628733635,0.37316539883613586,-0.016672782599925995,0.31413671374320984,0.004220404662191868,0.30266574025154114,0.0007966011762619019,0.2713710367679596,-0.014122609980404377,0.3950291574001312,-0.005961257964372635,0.2941041886806488,0.2544589340686798,0.28551599383354187,0.3329068720340729,0.3901750445365906,0.2788338363170624,0.2868669927120209,0.33171769976615906,0.2985212504863739,0.29383957386016846,0.28030160069465637,0.1951986700296402,0.2011234611272812,0.18335095047950745,0.18604929745197296,0.3432703912258148,0.2475808560848236,0.6845586895942688,0.4023423194885254,0.4785494804382324,0.30952516198158264,0.1916656494140625,0.1708138883113861,0.181939959526062,0.2023831456899643,0.004565217532217503,0.006475331261754036,1229.7041350932338,1527.7769153312722,2056.3294596933633,2077.411900628288,0.012337365510154739,0.010676889833526404,120.18531976744185
back_to_black,0,15,15,sway,smile,3,-188.6768798828125,77.70844268798828,169.2652587890625,50.65525436401367,-8.254590034484863,11.645276069641113,25.027565002441406,16.907716751098633,-5.1921234130859375,14.085113525390625,3.2504875659942627,9.665249824523926,8.266425132751465,8.7745361328125,10.312981605529785,8.221402168273926,-6.401695251464844,9.013248443603516,13.997401237487793,7.643909931182861,3.299448013305664,6.182636737823486,2.312929391860962,10.416218757629395,3.6919105052948,5.629324436187744,0.2400195151567459,11.712808609008789,0.14433425664901733,6.018177032470703,0.002722372068092227,1.547623872756958,-0.0009367379825562239,2.124268054962158,-0.012759659439325333,1.6335864067077637,-0.0057804579846560955,1.5017380714416504,0.0025310723576694727,1.286433458328247,-0.0014346952084451914,1.3888274431228638,-0.0006500008748844266,1.3566782474517822,0.00910686980932951,1.2916146516799927,0.011040723882615566,1.0580589771270752,0.005211175419390202,1.5507125854492188,0.003157234052196145,0.8482280373573303,0.0009224016685038805,5.466057300567627,-0.012477172538638115,2.8141791820526123,0.005898529663681984,0.8864843845367432,-0.0005567570333369076,0.9428030252456665,0.0045418087393045425,0.8125770092010498,-0.0013176689390093088,0.7863752245903015,-6.54420000500977e-05,0.6215206384658813,0.0038567937444895506,0.7401442527770996,0.00030093788518570364,0.6430666446685791,0.0002702173951547593,0.6854431629180908,0.00044661975698545575,0.587500810623169,0.0006802579155191779,0.6719110012054443,-0.0022928710095584393,0.5009756088256836,0.39599865674972534,0.27717873454093933,0.4438363313674927,0.25960999727249146,0.5900170803070068,0.2973831295967102,0.4727824926376343,0.2803517282009125,0.49037614464759827,0.32193583250045776,0.4728825092315674,0.2816888093948364,0.4068548083305359,0.24836218357086182,0.45401889085769653,0.3194235563278198,0.42676717042922974,0.1939169317483902,0.6481621265411377,0.2872488796710968,0.5459384918212891,0.2595563530921936,0.43055829405784607,0.27254518866539,0.1427556574344635,0.09048911929130554,2399.3825029867207,1881.3195399091785,3160.0873806714194,1254.941292125332,0.051743583977434254,0.05621201571712719,125.0
back_to_black,15,20,5,none,surprise,3,-146.146728515625,55.09455490112305,175.912109375,38.00783920288086,-18.085073471069336,18.404441833496094,34.46747970581055,18.470386505126953,-3.5089104175567627,13.368742942810059,9.818076133728027,9.767313003540039,2.6127264499664307,11.516083717346191,4.3935017585754395,9.613506317138672,2.5931971073150635,13.610359191894531,9.90551471710205,9.467445373535156,-0.8524044156074524,9.774002075195312,2.8811755180358887,9.601152420043945,0.9406797289848328,7.424269676208496,-0.00534831965342164,8.99225902557373,0.07036519050598145,5.596270561218262,0.012505236081779003,2.2396953105926514,0.025840532034635544,2.416464328765869,0.05027368292212486,2.06669020652771,0.030460797250270844,1.3650683164596558,0.0027656147722154856,1.503193736076355,-0.002593186916783452,1.751144528388977,0.008534030988812447,1.9451109170913696,-0.008148299530148506,1.4997034072875977,-0.00890269037336111,1.1834259033203125,-0.007971086539328098,1.369964361190796,0.0033844320569187403,1.0496021509170532,0.043764472007751465,4.211517810821533,-0.062312379479408264,2.84792423248291,0.019258935004472733,1.0802463293075562,0.004752872511744499,0.9590019583702087,-0.00196209573186934,1.0381180047988892,0.001566207269206643,0.7631561756134033,-0.0016198025550693274,0.7720049619674683,0.0048109921626746655,0.9119064807891846,0.010071511380374432,0.8754416704177856,0.006684982217848301,0.7153905034065247,0.0020927172154188156,0.5975421071052551,0.002364615211263299,0.6475352644920349,-0.0073229181580245495,0.5596345663070679,0.5414962768554688,0.3053174614906311,0.6512970328330994,0.28043147921562195,0.6888434290885925,0.2855631709098816,0.47486165165901184,0.2886878252029419,0.37032678723335266,0.27804702520370483,0.33113276958465576,0.24593830108642578,0.31978458166122437,0.2406311333179474,0.27682018280029297,0.24741560220718384,0.3198242783546448,0.20886452496051788,0.582308292388916,0.3264801502227783,0.3925881087779999,0.21977603435516357,0.4101831018924713,0.25182878971099854,0.21329735219478607,0.0918591096997261,2220.3393706449424,1498.176373072559,2972.639069539718,1031.8701174018586,0.04587240971481876,0.04373489562653963,61.81318681318681
back_to_black,20,27,7,none,smile,3,-140.85780334472656,51.63389587402344,169.23684692382812,38.674598693847656,-23.068151473999023,22.452001571655273,39.80166244506836,18.233322143554688,-4.850424766540527,16.737247467041016,13.370728492736816,9.626639366149902,0.21510590612888336,10.533287048339844,-2.6658358573913574,14.041252136230469,3.6621651649475098,13.75972843170166,11.052511215209961,9.46167278289795,-0.1752520054578781,7.109196662902832,2.9338972568511963,9.98363971710205,1.4718058109283447,7.371114730834961,0.1867959052324295,8.813191413879395,-0.1593446433544159,5.323483467102051,-0.022581428289413452,2.559990167617798,0.152846559882164,2.355480670928955,-0.10122385621070862,2.2197537422180176,0.024518227204680443,1.342791199684143,0.013458293862640858,1.5024261474609375,-0.0177895650267601,2.172273635864258,0.024491116404533386,1.9962269067764282,-0.010682504624128342,1.5452271699905396,0.020699599757790565,1.1317235231399536,0.01696816459298134,1.4097490310668945,-0.010602911002933979,1.0584542751312256,-0.013076153583824635,4.318252086639404,-0.02711988426744938,2.7188408374786377,0.026752442121505737,1.053784728050232,-0.02708030678331852,1.0052309036254883,0.020787032321095467,1.0269078016281128,-0.006688324268907309,0.7042616009712219,0.005735077429562807,0.7027568221092224,-0.00818262156099081,0.9677634239196777,0.001284391968511045,0.8559305667877197,0.02050388976931572,0.7493332624435425,0.005446258932352066,0.6081158518791199,0.0031034653075039387,0.6869966387748718,0.00025933553115464747,0.5626749992370605,0.4433797597885132,0.28857871890068054,0.5347649455070496,0.27388593554496765,0.7505053877830505,0.2661294937133789,0.507407546043396,0.2603331506252289,0.34769317507743835,0.2624311149120331,0.3718562722206116,0.2868711054325104,0.34863579273223877,0.24847589433193207,0.3855613172054291,0.30384546518325806,0.3495517373085022,0.24096110463142395,0.5148759484291077,0.30191662907600403,0.5340589880943298,0.2999586760997772,0.42528143525123596,0.27420368790626526,0.20269213616847992,0.0942433774471283,2480.5104031853584,1589.1785902457316,3055.5286759231635,1033.767372384981,0.05895568754756469,0.05677104712657412,61.81318681318681
back_to_black,27,30,3,none,frown,3,-135.6221923828125,59.2747917175293,170.96499633789062,38.812007904052734,-28.27445411682129,22.980484008789062,39.78068161010742,18.537723541259766,-1.5313280820846558,13.319918632507324,15.697522163391113,8.768488883972168,-6.0875067710876465,11.266435623168945,1.418639898300171,12.1159086227417,4.161519527435303,15.315421104431152,11.528271675109863,9.769649505615234,-2.3726232051849365,8.603765487670898,-0.8051831126213074,10.260780334472656,4.826916217803955,6.272387504577637,0.3980577886104584,9.529711723327637,-0.26779913902282715,5.616745471954346,-0.02376176230609417,2.1392877101898193,-0.3634054660797119,2.4118287563323975,0.22749793529510498,1.5568255186080933,-0.05752493068575859,1.1925647258758545,-0.12021361291408539,1.2409591674804688,0.17827108502388,2.0302822589874268,-0.1749340146780014,2.0767173767089844,0.10669862478971481,1.659368872642517,-0.10519207268953323,1.2750989198684692,0.08427618443965912,1.441930890083313,-0.0029991501942276955,0.9607971906661987,0.3289438486099243,4.305705547332764,-0.20507988333702087,2.5503952503204346,-0.036610253155231476,0.9059373140335083,-0.036011677235364914,1.2234370708465576,0.0032064628321677446,0.7738325595855713,-0.009995906613767147,0.7229061722755432,0.0017601886065676808,0.5831629037857056,0.033058762550354004,0.9099428057670593,-0.023742903023958206,0.8941949605941772,-0.00266561028547585,0.7278002500534058,-0.03799796476960182,0.6159767508506775,0.01113542728126049,0.6512916684150696,-0.002002514898777008,0.5363755822181702,0.5075786709785461,0.24754281342029572,0.5904427766799927,0.27592089772224426,0.4124992787837982,0.20759758353233337,0.3647642731666565,0.21776144206523895,0.459735244512558,0.29202789068222046,0.40475353598594666,0.2514788508415222,0.3578926920890808,0.23069122433662415,0.3485259413719177,0.20564526319503784,0.5270194411277771,0.28615549206733704,0.6864069104194641,0.32664328813552856,0.5863244533538818,0.33067116141319275,0.5446226596832275,0.2515372037887573,0.19829685986042023,0.08296748250722885,2490.4719911590905,1527.020644357753,3131.9744531072283,1067.3669316289527,0.0515863946143617,0.04104223030344975,122.28260869565217
back_to_black,30,45,15,none,"smile, frown",3,-135.4924774169922,49.82405471801758,174.8568572998047,37.04469299316406,-28.87276840209961,20.520736694335938,30.266746520996094,15.322745323181152,-3.623631238937378,13.81263542175293,12.087571144104004,9.743483543395996,5.322108745574951,12.559496879577637,2.324802875518799,12.867209434509277,3.444793939590454,13.338062286376953,12.376021385192871,10.418137550354004,-0.44406408071517944,8.90084171295166,1.6922246217727661,9.373502731323242,1.6820896863937378,7.3818678855896,-0.07348229736089706,8.521961212158203,0.0838296040892601,5.256356239318848,-0.020973140373826027,2.280583620071411,-0.010721179656684399,1.8178744316101074,-0.005399022251367569,1.4922980070114136,0.004486492834985256,1.3428666591644287,0.010745428502559662,1.460341215133667,-0.032138243317604065,1.9323316812515259,0.010394654236733913,1.736384391784668,-0.009000090882182121,1.6263976097106934,0.02636904828250408,1.191693902015686,-0.016744596883654594,1.3781722784042358,0.0028357976116240025,0.9544845819473267,0.009228376671671867,4.12758207321167,-0.012587237171828747,2.520967960357666,0.0047132340259850025,0.9618965983390808,0.00018717221973929554,0.9266963005065918,0.00549950310960412,0.7311527729034424,-0.002158690709620714,0.7126225829124451,-0.0015284932451322675,0.6747868061065674,-0.004151954781264067,0.8949933052062988,0.00297345407307148,0.7979249358177185,-0.0009422054863534868,0.7554686069488525,-0.00010930771532002836,0.6044735312461853,-0.0006360395927913487,0.6560340523719788,-0.0006765878642909229,0.5274889469146729,0.41903796792030334,0.2825002670288086,0.614830493927002,0.29614153504371643,0.6614013910293579,0.3036283254623413,0.4240853786468506,0.2841866612434387,0.3417298495769501,0.2639992833137512,0.3225111961364746,0.2371523082256317,0.30103227496147156,0.22723248600959778,0.30588772892951965,0.26316723227500916,0.3824428915977478,0.23525084555149078,0.5729362964630127,0.3132585287094116,0.4305832087993622,0.2681940495967865,0.3671676218509674,0.2456485778093338,0.21110500395298004,0.09124910831451416,2329.9592197332736,1431.2276503946368,2951.1717162933332,1054.5698667403772,0.0504921680659204,0.040094951132845245,61.81318681318681
back_to_black,45,67,22,none,frown,2,-122.99568176269531,46.00271987915039,184.93545532226562,37.28853225708008,-23.70748519897461,19.42028045654297,30.242252349853516,16.030902862548828,-10.675725936889648,13.972216606140137,5.079599857330322,11.69260311126709,1.5928457975387573,10.623455047607422,5.910116672515869,12.131624221801758,1.9017401933670044,12.639225006103516,6.578136444091797,10.737199783325195,-4.3304266929626465,8.374634742736816,2.9333083629608154,9.368186950683594,1.263724684715271,7.465341091156006,0.060686416923999786,8.05724811553955,-0.031251441687345505,5.618530750274658,-4.604263813234866e-05,2.0423812866210938,0.003492406103760004,2.09802508354187,0.017099635675549507,1.8300323486328125,0.0028736796230077744,1.5059921741485596,-0.015115979127585888,1.3205920457839966,0.009768071584403515,1.6864012479782104,-0.008663670159876347,1.7227259874343872,0.014678080566227436,1.6727137565612793,-0.01386234350502491,1.128414273262024,0.013710252940654755,1.3237501382827759,6.248670251807198e-05,0.9764266610145569,-0.028639283031225204,3.8642663955688477,0.011632997542619705,2.6881251335144043,-0.007082917727530003,0.9408887028694153,-0.006018612068146467,0.9911750555038452,-0.01286771334707737,0.9598767757415771,-0.002244028262794018,0.8036744594573975,-0.0023162285797297955,0.6450650095939636,-0.0039026064332574606,0.7795143127441406,0.001565067796036601,0.8204638361930847,-0.0014956678496673703,0.8310768008232117,0.00027687515830621123,0.6139108538627625,-0.0015502329915761948,0.6597936749458313,-0.0013100247597321868,0.5717872977256775,0.43815040588378906,0.29981619119644165,0.6572466492652893,0.29526373744010925,0.6491689682006836,0.2882688343524933,0.36920756101608276,0.2502271831035614,0.29625990986824036,0.2385869026184082,0.3299247622489929,0.27445849776268005,0.2524760663509369,0.2107791006565094,0.2362046092748642,0.22625766694545746,0.2979806661605835,0.20841023325920105,0.5129532217979431,0.31650251150131226,0.37506088614463806,0.2647871971130371,0.3249465525150299,0.25123801827430725,0.2438824623823166,0.0777037963271141,2175.2817600465632,1360.4868247536024,2951.502134446454,989.3151887389257,0.04599287483337373,0.0387280431881554,61.81318681318681
back_to_black,67,76,9,nod,big smile,3,-119.93798828125,48.54943084716797,174.31033325195312,33.080257415771484,-35.79208755493164,20.427963256835938,35.86470031738281,12.545952796936035,-6.654025077819824,13.391509056091309,12.058030128479004,10.880941390991211,4.653975963592529,11.728531837463379,1.1749502420425415,12.555931091308594,3.600087881088257,13.126534461975098,13.0896635055542,9.734711647033691,0.42127686738967896,9.378951072692871,2.8267152309417725,9.276067733764648,0.27795907855033875,8.15899658203125,-0.043911729007959366,8.454906463623047,-0.021682491526007652,4.553049564361572,0.030891770496964455,2.3138866424560547,0.036203254014253616,1.9875953197479248,0.024578997865319252,1.9571971893310547,0.010911941528320312,1.5983363389968872,-0.01289728470146656,1.3123449087142944,-0.0038386452943086624,1.9222755432128906,0.011588635854423046,1.9236114025115967,-0.009360902942717075,1.4053003787994385,0.011394046247005463,1.1525212526321411,-0.05889255926012993,1.261146903038025,0.008090018294751644,1.0268428325653076,0.027446597814559937,4.074506759643555,0.0063263410702347755,2.165438175201416,0.022968465462327003,1.0506049394607544,-0.005437271203845739,0.9515455961227417,-0.0001258465927094221,0.9319875240325928,0.0055527822114527225,0.8038474321365356,0.0009570115944370627,0.7019935846328735,8.34594975458458e-05,0.9142276644706726,-0.0022408165968954563,0.9317774176597595,-0.007218633312731981,0.6817119121551514,-0.01015881821513176,0.613338828086853,-0.007623106241226196,0.6866253614425659,0.0009955306304618716,0.556758463382721,0.38247188925743103,0.23972812294960022,0.5274339914321899,0.309621125459671,0.5899556875228882,0.2747995853424072,0.3920840620994568,0.2619270980358124,0.2973560094833374,0.23821806907653809,0.3114241361618042,0.24462053179740906,0.31267768144607544,0.22875404357910156,0.346072256565094,0.296194463968277,0.4365936517715454,0.26360076665878296,0.6319558620452881,0.3130089342594147,0.5232607126235962,0.2941627502441406,0.41202616691589355,0.251076877117157,0.22141627967357635,0.08250367641448975,2373.276849467405,1193.8202676347967,2943.4260226867177,934.122935915201,0.052360643142772514,0.03516772054355568,61.81318681318681
back_to_black,76,82,6,none,smile,3,-107.09366607666016,56.71937561035156,177.48052978515625,38.031795501708984,-35.352542877197266,17.4234561920166,40.92833709716797,19.767133712768555,-3.8540403842926025,14.114079475402832,12.5384521484375,10.069162368774414,1.274449110031128,9.496074676513672,2.1733148097991943,10.036669731140137,3.487084150314331,12.993701934814453,8.714305877685547,9.658560752868652,2.7335758209228516,7.959427356719971,3.6342933177948,9.490967750549316,0.5528500080108643,6.623061180114746,0.18547113239765167,8.661080360412598,-0.007961571216583252,5.120070934295654,-0.06649426370859146,2.0898005962371826,0.0029908514115959406,1.923927903175354,-0.021040944382548332,1.5515106916427612,-0.02460969239473343,1.3572888374328613,-0.009241078980267048,1.1165449619293213,-0.005809172987937927,1.5291615724563599,-0.028234213590621948,1.6563751697540283,-0.023554567247629166,1.3793091773986816,-0.021957464516162872,1.1365277767181396,0.03255872055888176,1.2792314291000366,-0.007191886659711599,0.9206767082214355,0.04162593185901642,3.861142158508301,-0.03569949418306351,2.2453718185424805,0.045251112431287766,1.096757411956787,-0.03824235126376152,0.9565566778182983,0.022840654477477074,0.8252056837081909,-0.011356997303664684,0.7807185649871826,0.014082085341215134,0.5902407765388489,-0.006965387146919966,0.798675537109375,-0.0006745238788425922,0.7689335346221924,0.0017169589409604669,0.7957138419151306,1.997634353756439e-05,0.6752374768257141,0.0038824572693556547,0.6687759757041931,-0.005866779014468193,0.5732883214950562,0.4566042125225067,0.272537499666214,0.49409931898117065,0.2845253050327301,0.5474146604537964,0.2934074103832245,0.4916945695877075,0.2610704302787781,0.5766652226448059,0.29732176661491394,0.573578417301178,0.28913724422454834,0.4508254826068878,0.260561466217041,0.40690121054649353,0.3079378306865692,0.4262624979019165,0.26279696822166443,0.5697118043899536,0.3160693645477295,0.4130408763885498,0.23574405908584595,0.4423704743385315,0.267537385225296,0.2605609893798828,0.07960813492536545,2322.4623397573873,1251.4788896745838,2896.3912219006024,880.8435478064448,0.050211443994227355,0.04063000943526656,61.81318681318681
back_to_black,82,87,5,none,"thoughtful, frown",3,-94.57286071777344,44.36699295043945,184.03721618652344,33.06210708618164,-42.46800994873047,16.65866470336914,33.8440055847168,13.491592407226562,-4.502317428588867,14.207376480102539,11.429807662963867,9.825368881225586,-1.9541914463043213,9.519967079162598,-1.1465078592300415,9.957305908203125,-3.5447309017181396,11.163376808166504,6.844233989715576,10.10332202911377,1.394531011581421,7.669096946716309,3.1526057720184326,8.239399909973145,2.680781602859497,9.006508827209473,-0.12504224479198456,7.555675983428955,0.08710086345672607,5.237851142883301,-0.04753267392516136,2.5459539890289307,0.0056465305387973785,2.073293447494507,0.02455165609717369,1.9747248888015747,0.03590996935963631,1.6791768074035645,-0.01739957556128502,1.1987313032150269,-0.027346713468432426,1.7009285688400269,0.05399112030863762,1.5800583362579346,-0.01262156292796135,1.6287226676940918,-0.017128819599747658,1.1846415996551514,-0.046872932463884354,1.2718806266784668,-0.014163319952785969,1.1629704236984253,0.018975606188178062,3.4846625328063965,-0.04141030088067055,2.4340686798095703,0.06878253817558289,1.4554554224014282,-0.04464566335082054,1.0499582290649414,0.025977913290262222,1.082304835319519,-0.015763312578201294,0.7990443110466003,0.005602792836725712,0.7053930759429932,-0.007884732447564602,0.8818560242652893,-0.008412259630858898,0.8091360926628113,-0.007085657678544521,0.7666066288948059,0.014033286832273006,0.6950457692146301,-0.015497173182666302,0.7091014385223389,-0.01422020886093378,0.6388647556304932,0.3214587867259979,0.23762553930282593,0.26606085896492004,0.2136402130126953,0.41402652859687805,0.2767481505870819,0.32834890484809875,0.24557435512542725,0.3660234212875366,0.27279138565063477,0.4970462918281555,0.3086565136909485,0.334683358669281,0.2565166652202606,0.35270172357559204,0.26564928889274597,0.3772580027580261,0.24321019649505615,0.6113287210464478,0.24185751378536224,0.7594044208526611,0.2701718509197235,0.4693601429462433,0.20678210258483887,0.2640696167945862,0.0713837668299675,2261.410040192382,1035.6809660571776,2834.273021650448,868.104064318328,0.05092284115138593,0.0276466583156293,61.81318681318681
back_to_black,87,97,10,nod,frown,2,-112.71713256835938,58.49273681640625,166.06533813476562,33.05952453613281,-44.157344818115234,20.318485260009766,40.36638259887695,17.01124382019043,-9.240408897399902,14.29694652557373,11.54418659210205,14.104669570922852,2.5769667625427246,10.260501861572266,2.329465627670288,12.236647605895996,5.664385795593262,12.739424705505371,8.094184875488281,10.760672569274902,1.1909037828445435,8.612421989440918,2.454214572906494,10.154071807861328,0.6186171770095825,9.277324676513672,-0.06448116153478622,6.168125152587891,0.009380881674587727,4.4005584716796875,0.001268206862732768,2.4898922443389893,0.00022658813395537436,1.9300907850265503,-0.011839202605187893,1.923316240310669,-0.04518171772360802,1.5097827911376953,-0.00040663915569894016,1.2459105253219604,0.019098591059446335,1.7788299322128296,-0.0011997955152764916,1.5552787780761719,0.009538767859339714,1.496295690536499,0.012952298857271671,1.1365503072738647,0.030527252703905106,1.1728589534759521,0.04469233751296997,1.0743950605392456,0.0005775916506536305,2.9272189140319824,-0.0006169929401949048,2.112152576446533,0.019312052056193352,1.2920958995819092,-0.020630136132240295,0.9104285836219788,0.011168752796947956,0.913103461265564,-0.011404819786548615,0.8092547059059143,-0.0029403686057776213,0.6441541910171509,-0.009755846112966537,0.8397216796875,-0.01392594538629055,0.8150287866592407,0.0007159613305702806,0.7777512669563293,0.0026223664171993732,0.6705263257026672,-0.0026398503687232733,0.6316121220588684,0.007508445996791124,0.584344744682312,0.353596568107605,0.25153347849845886,0.45600250363349915,0.31766462326049805,0.48369717597961426,0.3272547125816345,0.33621537685394287,0.25697100162506104,0.43678802251815796,0.3312082886695862,0.42920994758605957,0.3197762966156006,0.29996177554130554,0.23683509230613708,0.280379980802536,0.2450259029865265,0.40669018030166626,0.2868225872516632,0.5257756114006042,0.30695414543151855,0.38958388566970825,0.25132644176483154,0.44871652126312256,0.3376937508583069,0.2437228560447693,0.08325665444135666,2464.806866066583,1040.5905220185361,2957.398601450029,760.861939699138,0.05465730776918976,0.03210648642254399,61.81318681318681
back_to_black,97,114,17,none,thoughtful,3,-118.3766098022461,52.721038818359375,180.7747039794922,37.888484954833984,-32.17137908935547,24.132530212402344,35.52922439575195,17.15416145324707,-8.239384651184082,13.847909927368164,6.022378921508789,11.910334587097168,1.9243577718734741,11.436450958251953,5.185196399688721,10.978222846984863,1.0098670721054077,12.58065128326416,5.433924674987793,11.828086853027344,-3.995354175567627,10.272140502929688,4.771122455596924,10.355647087097168,3.5134646892547607,7.644524574279785,0.008682715706527233,7.9288530349731445,0.01613628678023815,5.463421821594238,0.002478766953572631,2.4913041591644287,-0.0077341049909591675,2.0336601734161377,-0.00046931576798669994,1.6589043140411377,0.007895546033978462,1.4037400484085083,0.004863781854510307,1.4350974559783936,-0.004146606661379337,1.6809507608413696,0.001026715966872871,1.7259025573730469,0.00977323204278946,1.699094533920288,-0.00023500353563576937,1.2117655277252197,-0.011082787066698074,1.3295949697494507,-0.009881896898150444,0.9424124360084534,-0.01746750995516777,3.6560564041137695,0.03400149941444397,2.6598877906799316,-0.0040400465950369835,1.2220078706741333,-0.0056375120766460896,0.9419400095939636,0.005130694713443518,0.8496757745742798,-0.00873477477580309,0.7552937865257263,0.0013505717506632209,0.7189600467681885,-0.0017013459000736475,0.8407377004623413,0.0031755969393998384,0.7956681847572327,-0.003822841215878725,0.7819026112556458,0.0036458978429436684,0.6421307325363159,0.003258785931393504,0.6439148187637329,-0.002658873563632369,0.5452151298522949,0.43194809556007385,0.27890801429748535,0.5244917869567871,0.29499414563179016,0.5670750141143799,0.3237132728099823,0.39954593777656555,0.25851595401763916,0.37709710001945496,0.2902781665325165,0.3675101399421692,0.2638658583164215,0.3364972174167633,0.25120997428894043,0.3333607017993927,0.2763940095901489,0.41619688272476196,0.2533882260322571,0.6097812652587891,0.3044080436229706,0.43715497851371765,0.27328354120254517,0.39958101511001587,0.2862173616886139,0.23813094198703766,0.08498959988355637,2309.8784208204315,1375.686378065105,2886.034508477547,1005.7636756646742,0.05144505518742158,0.04337786722988588,125.0
back_to_black,114,117,3,sway,thoughtful,2,-110.7359619140625,45.2221565246582,175.85552978515625,35.113895416259766,-36.30192565917969,18.69180679321289,38.936641693115234,9.260639190673828,-8.748852729797363,14.01059341430664,11.267292022705078,9.87183952331543,0.9462311863899231,12.976293563842773,2.2054522037506104,9.489755630493164,-1.751691222190857,10.102928161621094,10.604543685913086,10.307842254638672,-2.39717435836792,8.298763275146484,0.4551856815814972,9.800739288330078,3.072429656982422,6.1452741622924805,0.3031950294971466,7.763046741485596,-0.03399493172764778,5.318048000335693,-0.07042545825242996,2.393883228302002,0.03951174393296242,1.4006011486053467,-0.020227784290909767,1.7941784858703613,0.016239281743764877,1.4825924634933472,-0.011019459925591946,1.4602539539337158,-0.005578349810093641,1.3808133602142334,-0.03825964406132698,1.4032405614852905,0.0625419095158577,1.5242664813995361,-0.012574689462780952,1.0906611680984497,0.026786861941218376,1.4823110103607178,0.008146808482706547,0.9357337355613708,0.1190309152007103,3.640164613723755,-0.1361532211303711,2.662917137145996,0.11763747036457062,1.1563127040863037,-0.09608517587184906,0.8180767297744751,0.02647261507809162,0.9596216082572937,-0.010525651276111603,0.8085984587669373,-0.006220470182597637,0.7216076850891113,-0.001140554784797132,0.7845444083213806,0.0036130573134869337,0.6794263124465942,0.03850720822811127,0.7730919718742371,0.010829378850758076,0.6193972229957581,0.013036799617111683,0.693426787853241,-0.0015791362384334207,0.5735663771629333,0.30552196502685547,0.22071495652198792,0.42401123046875,0.23704050481319427,0.7298581600189209,0.28796935081481934,0.4939172565937042,0.29781395196914673,0.26042699813842773,0.2035927176475525,0.22499215602874756,0.17030297219753265,0.21597185730934143,0.13794107735157013,0.14968208968639374,0.12058788537979126,0.22542765736579895,0.11766768246889114,0.7068490982055664,0.3080330193042755,0.4433770179748535,0.250934898853302,0.23011666536331177,0.137541726231575,0.24342790246009827,0.08190658688545227,2423.680460727072,1335.569351620123,3020.18272074912,1004.3488477301487,0.05121066046099291,0.039093566885162266,61.81318681318681
back_to_black,117,124,7,nod,thoughtful,2,-103.97999572753906,41.03884506225586,184.427490234375,38.24538803100586,-41.43627166748047,21.74439239501953,33.54218292236328,15.191184997558594,-5.035369396209717,14.531662940979004,11.08379077911377,10.898476600646973,-3.2073423862457275,12.130414009094238,0.9949081540107727,12.230297088623047,3.2292141914367676,13.769811630249023,4.144299507141113,11.6157865524292,-3.978957414627075,8.615522384643555,3.7605032920837402,9.08450698852539,1.8779081106185913,9.342836380004883,-0.08732975274324417,7.297065734863281,0.047127895057201385,5.822389125823975,-0.008014778606593609,2.794376850128174,-0.02853703871369362,2.0046439170837402,-0.004243646748363972,2.065654754638672,-0.04119308665394783,1.5752904415130615,-0.021812433376908302,1.5100467205047607,-0.0011960817500948906,1.859931468963623,0.007147456519305706,2.0525400638580322,-0.045218635350465775,1.7312276363372803,-0.020115142688155174,1.1722065210342407,-0.002260074485093355,1.4608205556869507,0.0008184383623301983,1.1578346490859985,0.03219513222575188,3.4618771076202393,-0.045610763132572174,2.802786350250244,0.050274863839149475,1.317162275314331,-0.032965224236249924,0.962706983089447,0.01015138067305088,0.994056224822998,-0.001293162815272808,0.8796105980873108,0.020585084334015846,0.811612606048584,0.005616514943540096,0.8981381058692932,0.001649391371756792,0.8768600225448608,0.0033798879012465477,0.8073914051055908,0.004258199129253626,0.6247681975364685,-0.001620483584702015,0.7303310632705688,-0.01303053554147482,0.6498582363128662,0.35426515340805054,0.2582397758960724,0.4348260164260864,0.2720608115196228,0.5704883337020874,0.3180079758167267,0.36923375725746155,0.2558521628379822,0.29323455691337585,0.22306615114212036,0.3775213658809662,0.259660929441452,0.3387361168861389,0.21556305885314941,0.4157591164112091,0.2927516996860504,0.48172879219055176,0.22769981622695923,0.7123569846153259,0.27407050132751465,0.5757356286048889,0.2905580401420593,0.39312222599983215,0.25087714195251465,0.24789577722549438,0.08135798573493958,2358.468983560398,1374.199557377312,2831.405006393808,1037.980151733248,0.056442934265601215,0.042572036750070284,61.81318681318681
back_to_black,124,131,7,nod,smile,3,-95.22061157226562,50.946678161621094,180.53172302246094,39.0675163269043,-34.53636932373047,20.900386810302734,42.47220993041992,16.079158782958984,-9.04200553894043,16.143665313720703,12.156951904296875,12.18369197845459,-4.082174301147461,10.327946662902832,0.487898051738739,12.58647346496582,-0.3841209411621094,11.147716522216797,5.650084495544434,10.198904991149902,-1.3919857740402222,6.642096519470215,1.6992164850234985,9.244982719421387,-2.5441887378692627,9.036468505859375,0.009304116480052471,7.162640571594238,-0.008872875943779945,5.618398189544678,-0.02945404313504696,2.3426249027252197,0.08156640827655792,1.526239037513733,0.006161978468298912,1.7565076351165771,0.05294152349233627,1.4225928783416748,0.020322034135460854,1.090705394744873,-0.012650511227548122,1.7362020015716553,-0.007767691742628813,1.4036043882369995,0.022189302369952202,1.5627132654190063,0.023593438789248466,1.017150640487671,-0.0028144801035523415,1.4003561735153198,-0.0002068660396616906,1.0662976503372192,0.03529269993305206,3.380028009414673,-0.03117743879556656,2.5333948135375977,0.026185516268014908,1.0921204090118408,-0.010952367447316647,0.7213374972343445,0.016801530495285988,0.8719500303268433,0.010496732778847218,0.7366370558738708,0.005509266629815102,0.5738697648048401,0.01226359885185957,0.8252211213111877,0.0006959824822843075,0.7119699716567993,0.023071127012372017,0.830635130405426,0.01439453661441803,0.6001022458076477,0.00545980129390955,0.6740742325782776,-0.0047328053042292595,0.5746158361434937,0.43970879912376404,0.26996809244155884,0.536639928817749,0.30404770374298096,0.4851667881011963,0.2837308943271637,0.3917164206504822,0.25919076800346375,0.46946045756340027,0.3026707172393799,0.39346814155578613,0.26134800910949707,0.35457608103752136,0.2651847004890442,0.4199273884296417,0.31904205679893494,0.5004317760467529,0.25033169984817505,0.6072743535041809,0.31601735949516296,0.43210428953170776,0.201980322599411,0.4742029011249542,0.28454604744911194,0.2767103314399719,0.0671277791261673,2399.5537725820545,1358.0127464938823,2938.631214356536,957.6714766186074,0.05518915881849315,0.04224852365170408,61.81318681318681
back_to_black,131,135,4,nod,disgust,2,-67.2078628540039,38.450042724609375,178.73406982421875,32.478939056396484,-51.95003890991211,17.120508193969727,41.424442291259766,12.449177742004395,-13.962529182434082,10.80483341217041,15.241522789001465,8.146160125732422,-0.36207348108291626,9.786017417907715,2.2162437438964844,10.304637908935547,0.7252610921859741,10.214995384216309,7.740058898925781,10.539039611816406,-2.254370927810669,6.184332370758057,2.0464844703674316,7.833853721618652,-1.3829710483551025,9.318818092346191,0.5175027251243591,6.881007194519043,-0.4016619324684143,4.9744954109191895,0.20380502939224243,2.623324394226074,-0.029800262302160263,1.859463095664978,0.07122671604156494,2.0514354705810547,-0.02929612435400486,1.4185073375701904,-0.025980906561017036,1.2672669887542725,0.1569056659936905,1.9097471237182617,-0.1288100928068161,1.613605260848999,0.08914123475551605,1.7021750211715698,-0.04390566423535347,1.028080940246582,0.0012794961221516132,1.2822922468185425,-0.0017518388340249658,1.1976500749588013,-0.13779282569885254,3.6291017532348633,0.06002632528543472,2.2760002613067627,-0.06639613211154938,1.2364853620529175,0.042423468083143234,0.9408144950866699,-0.014736218377947807,0.9492998719215393,0.01807485893368721,0.8061214089393616,0.015209538862109184,0.6899591088294983,-0.0467219240963459,0.8981300592422485,0.055446624755859375,0.8571232557296753,-0.011369508691132069,0.8327977657318115,0.05372920259833336,0.6508286595344543,0.013941975310444832,0.7694436311721802,0.02532690390944481,0.6935431957244873,0.4265219569206238,0.3188268542289734,0.377932608127594,0.26809483766555786,0.4662180542945862,0.2823899984359741,0.3568081855773926,0.23494590818881989,0.4210546016693115,0.2854606509208679,0.436928927898407,0.28470346331596375,0.34362363815307617,0.2073647826910019,0.4489525258541107,0.34411612153053284,0.4086534082889557,0.26060792803764343,0.4709134101867676,0.2780444920063019,0.3492364287376404,0.21275359392166138,0.4588843882083893,0.30378901958465576,0.2973634898662567,0.07174969464540482,2508.174007580262,975.0133914263347,2914.012593636119,849.4608061889438,0.05934305393949468,0.024129375508898564,61.81318681318681
back_to_black,135,140,5,none,disgust,3,-68.3660659790039,40.808753967285156,173.0282440185547,29.42698860168457,-45.431129455566406,15.128961563110352,42.2804069519043,14.427940368652344,-13.961119651794434,14.064948081970215,17.420774459838867,9.602934837341309,-1.6977564096450806,8.64519214630127,1.459790587425232,9.09106731414795,2.5426714420318604,12.747340202331543,4.158015727996826,10.954740524291992,-1.2722431421279907,7.434992790222168,4.454869270324707,9.204487800598145,-3.553293466567993,8.649299621582031,-0.019945474341511726,6.58936071395874,0.06898975372314453,4.507894992828369,-0.07631358504295349,2.6501879692077637,0.05938466265797615,1.8603227138519287,-0.006268030498176813,1.7573226690292358,-0.000772425381001085,1.4332858324050903,0.03590597212314606,1.1173737049102783,0.006158067379146814,1.3453700542449951,0.04157063364982605,1.652288556098938,0.013288863934576511,1.4512789249420166,0.02031686156988144,1.1264878511428833,-0.031696341931819916,1.1923346519470215,0.010062064975500107,0.9422585964202881,-0.007564286235719919,3.0535690784454346,-0.056030746549367905,2.105752468109131,0.037174273282289505,1.284005880355835,-0.0008600182482041419,0.8929429650306702,-0.009541710838675499,0.8858309388160706,-0.019571328535676003,0.7866189479827881,0.010531512089073658,0.6264327168464661,-0.0014393995516002178,0.703025758266449,0.018774228170514107,0.7697951197624207,0.020003030076622963,0.7516664862632751,0.009389234706759453,0.6634806394577026,-0.0050417836755514145,0.6410762667655945,-0.004774780012667179,0.5399228930473328,0.3234421908855438,0.22149287164211273,0.2772504389286041,0.2305140346288681,0.38197213411331177,0.2916415333747864,0.3358486294746399,0.25052517652511597,0.4817248582839966,0.28593072295188904,0.6182481050491333,0.29837051033973694,0.3851991891860962,0.2327418178319931,0.35355108976364136,0.3009432554244995,0.33786070346832275,0.23854154348373413,0.5515360832214355,0.2790660262107849,0.5695294737815857,0.3160116374492645,0.42646414041519165,0.2557023763656616,0.2955702543258667,0.07274539768695831,2540.7073732550643,924.5795594726334,3013.625213380214,781.5980889368834,0.06139329857409382,0.024538840297974745,61.81318681318681
back_to_black,140,165,25,none,thoughtful,1,-111.4553451538086,113.0425033569336,156.66140747070312,48.67760467529297,-38.42410659790039,29.059152603149414,39.502845764160156,15.505780220031738,-10.070565223693848,16.587095260620117,12.473982810974121,10.500883102416992,1.2981300354003906,10.199682235717773,3.890554904937744,11.063810348510742,-0.49799686670303345,11.07709789276123,10.123394012451172,11.505524635314941,-1.2334773540496826,8.79662799835205,1.7989370822906494,9.545313835144043,-0.893684446811676,9.464423179626465,-0.04081718251109123,6.88789701461792,0.024961305782198906,4.981410026550293,0.01190855074673891,2.598729133605957,-0.003337586997076869,1.8911575078964233,0.02006879821419716,1.7003382444381714,0.0011216736165806651,1.3032722473144531,-0.0044675287790596485,1.1479603052139282,0.0006063383189029992,1.7077122926712036,0.0032901803497225046,1.573345422744751,-0.009269687347114086,1.5608078241348267,0.0022341005969792604,1.1131969690322876,0.002248329808935523,1.2869125604629517,-0.0033550653606653214,1.011234164237976,0.013231439515948296,3.356456756591797,-0.0031801180448383093,2.3655903339385986,-0.00027529126964509487,1.2934612035751343,-0.0031729373149573803,0.9158473014831543,0.003639781381934881,0.8635596036911011,-0.004143663682043552,0.7259864211082458,0.0028546929825097322,0.6360871195793152,0.0024967363569885492,0.8371066451072693,0.0019922321662306786,0.7575891613960266,0.0009273772593587637,0.7713643908500671,0.002394654555246234,0.6390427947044373,0.00282901618629694,0.6692333221435547,0.0022593175526708364,0.5852804183959961,0.3599928915500641,0.24958401918411255,0.40477079153060913,0.28227564692497253,0.47825148701667786,0.3273278772830963,0.4015194773674011,0.274914413690567,0.5306774377822876,0.3227165639400482,0.539513349533081,0.3134850263595581,0.3713046610355377,0.2490861862897873,0.36473628878593445,0.27549275755882263,0.422553151845932,0.27388566732406616,0.5544973611831665,0.29651620984077454,0.4571657180786133,0.27037978172302246,0.4234493672847748,0.27508243918418884,0.2530689537525177,0.11720287799835205,2811.4693757264276,1451.3813347414489,3175.7855118797024,856.6809851471751,0.07123365174381399,0.05611835322273108,125.0
back_to_black,165,240,75,sway,neutral,1,-115.9144515991211,93.1326675415039,180.0433349609375,42.55469512939453,-23.996898651123047,27.70909309387207,33.88111114501953,14.212928771972656,-3.0158677101135254,16.21539306640625,12.46966552734375,9.200704574584961,-2.148315906524658,7.974267959594727,1.2942198514938354,8.372339248657227,-2.8969881534576416,10.24887466430664,3.4821290969848633,9.134912490844727,-0.6610758900642395,8.227421760559082,-0.48751938343048096,9.632139205932617,-5.691880226135254,7.518570899963379,-0.055043451488018036,5.117359638214111,-0.029999462887644768,3.9679126739501953,0.0013429581886157393,1.954620122909546,-0.003975766245275736,1.4645764827728271,-0.003777273464947939,1.4036192893981934,0.00016484258230775595,1.1019285917282104,-0.00030717169283889234,0.9557302594184875,-0.0004737375711556524,1.2154128551483154,0.001467146328650415,1.2307629585266113,0.0003413798112887889,1.238848090171814,-0.0015039395075291395,0.9757621884346008,-0.0011329257395118475,1.0865238904953003,-0.0007339179865084589,0.902959406375885,0.0016409270465373993,2.4318714141845703,-0.0014185297768563032,1.9131332635879517,0.001198901911266148,0.9855276346206665,-6.280534580582753e-05,0.7736976146697998,-0.0008586319745518267,0.7326158881187439,9.818900434765965e-05,0.6457072496414185,0.0001373762497678399,0.585469663143158,8.977110155683476e-06,0.6653599143028259,-0.00021010873024351895,0.6390085816383362,-0.0005105955642648041,0.6501116752624512,-0.0005349502898752689,0.5681397318840027,-7.998392538866028e-05,0.5962725281715393,0.0004508469137363136,0.5591815710067749,0.41365477442741394,0.27304527163505554,0.4844747483730316,0.2893732190132141,0.5054583549499512,0.32509610056877136,0.3867305815219879,0.25806924700737,0.4160911738872528,0.2673797309398651,0.47378820180892944,0.31239748001098633,0.3321453928947449,0.2224932312965393,0.3302440941333771,0.2594144642353058,0.4255554974079132,0.2425590455532074,0.602199912071228,0.30484944581985474,0.42947834730148315,0.25758424401283264,0.3825744092464447,0.2409783899784088,0.2733220160007477,0.0981169193983078,2125.5722991996695,1207.3348873462703,2972.8025248711556,915.7441758308642,0.043648816348478385,0.03239522513059206,122.28260869565217
beat_it,0,11,11,none,frown,3,-176.27537536621094,58.22835922241211,142.9666290283203,26.623741149902344,-30.190534591674805,12.5524320602417,26.312034606933594,8.25221061706543,-13.26274585723877,8.762657165527344,20.035905838012695,7.656439304351807,-0.8127647042274475,11.156814575195312,6.130999565124512,7.470210075378418,4.612427711486816,7.699885845184326,3.4125823974609375,7.6929473876953125,6.708042621612549,7.30143404006958,-3.5831332206726074,9.208003997802734,-1.8808114528656006,9.488924980163574,0.4290156960487366,6.097257614135742,0.07835680991411209,3.131477117538452,-0.03788936883211136,1.5088269710540771,0.03962649032473564,1.1575510501861572,-0.0130184730514884,1.0197628736495972,0.006712346337735653,0.9144175052642822,-0.0009782942943274975,1.0196373462677002,0.009711901657283306,0.9413827657699585,0.007413967978209257,0.9618382453918457,0.013965402729809284,0.998060941696167,0.00456273602321744,1.029110074043274,0.010383110493421555,1.0623875856399536,0.004781295545399189,0.9422956705093384,-0.06977232545614243,2.837575912475586,0.039960891008377075,1.6195073127746582,-6.28792040515691e-05,0.7929524183273315,-0.010405651293694973,0.6808394193649292,-0.011253652162849903,0.6548138856887817,-0.006789637263864279,0.5731834769248962,-0.002083828905597329,0.6445369124412537,-0.0022165856789797544,0.6061057448387146,0.005758920218795538,0.6328325271606445,0.005331568885594606,0.6362599730491638,0.005294681992381811,0.6399514675140381,0.004743513185530901,0.647955596446991,0.002929779002442956,0.6004922389984131,0.25833070278167725,0.14908602833747864,0.24380558729171753,0.14933480322360992,0.40312811732292175,0.2883930802345276,0.3542937636375427,0.2252950519323349,0.3688785433769226,0.3276333510875702,0.34877169132232666,0.2846226692199707,0.4329715073108673,0.27587196230888367,0.5841348171234131,0.30547651648521423,0.5125573873519897,0.2655448913574219,0.583110511302948,0.33381494879722595,0.49441733956336975,0.27711623907089233,0.49210038781166077,0.28394296765327454,0.11054414510726929,0.07567094266414642,2734.8998181488882,680.6456721653351,3447.9295256303817,698.0595001914513,0.050475601078003876,0.02110461161049947,133.92857142857142
beat_it,11,24,13,sway,smile,2,-290.8438720703125,152.40701293945312,62.55070114135742,57.75718307495117,-3.4721221923828125,38.8333740234375,37.34048080444336,15.45616340637207,3.7566816806793213,18.65283203125,13.405600547790527,15.474102973937988,3.156609296798706,11.10548210144043,8.083115577697754,11.10123062133789,1.212013602256775,11.252283096313477,10.610063552856445,12.229737281799316,2.7579426765441895,10.663378715515137,7.945939064025879,8.968334197998047,6.866402626037598,9.315764427185059,0.04755094274878502,24.424209594726562,-0.042320989072322845,9.036359786987305,-0.05119442194700241,5.75017786026001,0.02803565375506878,2.5425188541412354,0.004317514598369598,2.527477502822876,0.013679849915206432,2.6069061756134033,0.008522596210241318,1.532412052154541,0.003490460105240345,1.6626369953155518,-0.026074832305312157,1.5056490898132324,-0.015650739893317223,1.6394938230514526,-0.015977423638105392,1.603325605392456,-0.009489445947110653,1.2323579788208008,-0.0024011500645428896,1.186324954032898,-0.01756741851568222,11.859548568725586,-0.002983678365126252,5.104416847229004,-0.0005942591815255582,2.743901014328003,-0.0021395590156316757,1.2914972305297852,-0.0018894803943112493,1.3817938566207886,-0.009631912223994732,1.2653049230575562,-0.004086311906576157,0.9793119430541992,-0.00018694715981837362,0.8940433263778687,-0.001209209323860705,0.9769186973571777,0.0020416395273059607,0.9802599549293518,0.00045524415327236056,1.1001472473144531,-0.0010999608784914017,0.8230644464492798,-0.00045059839612804353,0.6817206144332886,0.4982070028781891,0.338302344083786,0.5392203330993652,0.3419336676597595,0.5482491254806519,0.33384793996810913,0.5213714241981506,0.3346913754940033,0.5421028137207031,0.3356558084487915,0.5633373856544495,0.3365372121334076,0.5483554601669312,0.3448425531387329,0.5237393379211426,0.3461419641971588,0.5190242528915405,0.3265358507633209,0.5288543105125427,0.31668704748153687,0.5311462879180908,0.3303471505641937,0.5235757231712341,0.34487420320510864,0.0790277048945427,0.09617023915052414,5422.161468423897,2780.9348745554053,4882.630203843991,1116.2130464007719,0.11102890753178835,0.1000234611178361,137.1951219512195
beat_it,24,41,17,nod,smile,4,-98.67230987548828,71.6321792602539,139.54322814941406,46.525054931640625,-29.601160049438477,25.992828369140625,32.96732711791992,14.27951717376709,6.697752475738525,16.68422508239746,15.941869735717773,10.221931457519531,2.0956344604492188,8.198514938354492,8.978150367736816,7.059008598327637,0.2018049657344818,7.0944671630859375,7.560813903808594,7.535147190093994,-1.1990946531295776,7.7683587074279785,0.2554076313972473,6.953893661499023,-2.5376038551330566,6.092693328857422,0.040577854961156845,13.539011001586914,0.01516642700880766,8.360740661621094,0.03918260335922241,4.585140705108643,-0.01080870907753706,2.2634494304656982,-0.005351795349270105,2.249295234680176,0.0062573133036494255,1.5502588748931885,0.01788507215678692,1.4555004835128784,0.0029509447049349546,1.2764859199523926,-0.011109065264463425,1.2572418451309204,-0.0020734306890517473,1.2196226119995117,-0.0015055214753374457,1.2102537155151367,0.011570760980248451,1.1515674591064453,-0.0004813862615264952,0.9572981595993042,0.04239270091056824,6.163339138031006,-0.01338209304958582,3.2937827110290527,0.010836373083293438,2.0963492393493652,0.005242793820798397,1.3761528730392456,0.00607301713898778,1.2476502656936646,0.005370581056922674,0.7857810854911804,0.00197832309640944,0.7748549580574036,0.002791832434013486,0.7427181005477905,0.004233694635331631,0.7254612445831299,0.007910426706075668,0.6980680823326111,0.007455427199602127,0.7349697351455688,-0.0003210464783478528,0.6869771480560303,0.004648915026336908,0.6240191459655762,0.49990585446357727,0.24326540529727936,0.6141249537467957,0.29430335760116577,0.5537474155426025,0.2486579865217209,0.604924201965332,0.2995170056819916,0.5879871249198914,0.2843955457210541,0.6215428113937378,0.2767885625362396,0.5393560528755188,0.293052077293396,0.5013542175292969,0.2496834099292755,0.5179457664489746,0.2690858542919159,0.47645291686058044,0.22905607521533966,0.5264357924461365,0.2807474434375763,0.4688495993614197,0.23451288044452667,0.19324344396591187,0.08656425029039383,3425.4137419123363,1785.081239017983,3854.1837037857704,1393.6819451876947,0.06874197429814931,0.05209390411960685,137.1951219512195
beat_it,41,45,4,shake,neutral,4,-101.0940170288086,82.81819915771484,123.57365417480469,33.5284309387207,-19.718563079833984,19.98690414428711,47.94017028808594,17.089183807373047,-13.362146377563477,14.371176719665527,13.354879379272461,12.069062232971191,-2.32358980178833,8.707207679748535,6.581603527069092,8.649126052856445,-1.2977358102798462,8.040637016296387,4.495971202850342,8.346303939819336,-4.7225141525268555,9.130098342895508,1.9256250858306885,8.425664901733398,-3.436697483062744,6.047786712646484,-0.5632239580154419,15.615653991699219,-0.0834362581372261,5.891847610473633,0.06637602299451828,3.5986227989196777,0.07494160532951355,3.128519058227539,0.028165481984615326,2.6304244995117188,0.01992560178041458,1.899434208869934,-0.08513504266738892,1.5317418575286865,-0.08256213366985321,1.6663364171981812,0.014902682974934578,1.566096305847168,-0.0024731261655688286,1.4523872137069702,0.03064863197505474,1.4323418140411377,-0.04949140548706055,1.4316951036453247,0.0028965803794562817,0.9990969896316528,0.012841330841183662,6.545929431915283,-0.012276842258870602,2.629631757736206,0.030022339895367622,1.8825733661651611,-0.01756836287677288,1.5599379539489746,0.03520253300666809,1.451240062713623,-0.04111756756901741,0.943516731262207,0.01900968886911869,0.9496601819992065,0.00890294648706913,0.8984144330024719,0.020045751705765724,0.9333313703536987,0.0012194412993267179,0.8751192688941956,0.016197850927710533,0.7903403043746948,0.024385541677474976,0.8386347889900208,0.001644996926188469,0.6541610956192017,0.4414133131504059,0.288591593503952,0.47429490089416504,0.3152787387371063,0.42299067974090576,0.2745526432991028,0.4607859253883362,0.3129568099975586,0.4332980811595917,0.2890942394733429,0.5066286325454712,0.2839195728302002,0.4198984205722809,0.2753511667251587,0.41627511382102966,0.23223534226417542,0.5751950144767761,0.33874064683914185,0.5454944968223572,0.23461949825286865,0.6311479210853577,0.31453993916511536,0.4487808644771576,0.240385502576828,0.19755274057388306,0.11781326681375504,3864.838111126741,1431.2228644687575,4182.6971650731375,947.0880223975407,0.0773172581449468,0.04601519971910478,137.1951219512195
beat_it,45,52,7,nod,smile,3,-97.3355484008789,80.37165069580078,117.5583724975586,39.55956268310547,-12.556046485900879,21.206623077392578,44.64352798461914,19.662883758544922,-12.411177635192871,17.837881088256836,18.586181640625,10.80281925201416,-5.051235198974609,10.080297470092773,5.866541862487793,10.601404190063477,-1.9930320978164673,7.7933735847473145,4.059262275695801,8.256940841674805,-4.9363789558410645,7.050326347351074,2.26056170463562,7.625827312469482,-1.816916823387146,5.609164237976074,0.3269118070602417,14.686885833740234,-0.01229332946240902,6.6062912940979,-0.022756507620215416,4.144608497619629,0.0004197792732156813,3.6495890617370605,0.010130860842764378,2.725400447845459,0.026230059564113617,1.8719536066055298,0.04499524459242821,1.5388635396957397,0.02855324186384678,1.797650694847107,0.00950313825160265,1.5109083652496338,0.01642897166311741,1.5563716888427734,-0.0018909750506281853,1.3198238611221313,0.024865537881851196,1.4215933084487915,0.016196493059396744,1.016749620437622,0.17496293783187866,6.070158958435059,-0.010740069672465324,2.7751624584198,0.0034891669638454914,2.192913770675659,-0.0002433321060379967,1.6231764554977417,0.01283047255128622,1.4425419569015503,-0.0021915037650614977,1.0002100467681885,0.019319353625178337,0.9218484163284302,0.003716006875038147,0.9122703671455383,-0.0009517081780359149,0.8737420439720154,0.015355197712779045,0.9363323450088501,0.00808689370751381,0.8342324495315552,-0.00655657984316349,0.7651174664497375,-0.006026918068528175,0.6201413869857788,0.47419968247413635,0.26110953092575073,0.5706249475479126,0.30924344062805176,0.5779358744621277,0.24125151336193085,0.6415322422981262,0.30514827370643616,0.5264484286308289,0.2828119695186615,0.524203896522522,0.2937375605106354,0.47836220264434814,0.27635228633880615,0.4292827248573303,0.2398585081100464,0.4604714810848236,0.2644086182117462,0.4285195767879486,0.2463414967060089,0.49224647879600525,0.28897881507873535,0.4492286443710327,0.24895472824573517,0.19592313468456268,0.11258181184530258,4139.896333632032,1706.7353546473273,4388.952154341215,1018.7919050378429,0.09042790382420092,0.06922474981817146,137.1951219512195
beat_it,52,60,8,sway,smile,3,-83.5029525756836,72.12187957763672,127.70191955566406,34.359989166259766,-15.976692199707031,18.83795928955078,40.5045280456543,17.15813446044922,-12.118836402893066,14.608891487121582,12.334009170532227,10.051043510437012,-6.520330429077148,10.795761108398438,7.344576358795166,9.528974533081055,-2.6605803966522217,8.023503303527832,4.087890625,9.021650314331055,-6.247367858886719,9.102278709411621,2.7693872451782227,9.283597946166992,-1.815764307975769,6.3218536376953125,-0.07705320417881012,14.622689247131348,0.027839751914143562,5.893925666809082,-0.006751788314431906,3.6058149337768555,0.01643659919500351,3.3594911098480225,0.0032280809246003628,2.534806251525879,0.0003930414386559278,1.6671582460403442,-0.01275282260030508,1.7035986185073853,-0.006089628208428621,1.8421390056610107,0.0056520430371165276,1.4808012247085571,-0.0074901576153934,1.5345669984817505,-0.00021841173293069005,1.630608081817627,-0.01694648154079914,1.5938448905944824,-0.016595300287008286,1.095502257347107,-0.017943887040019035,6.0441694259643555,-0.0331263467669487,2.5458412170410156,0.035050828009843826,1.99990713596344,-0.014851797372102737,1.7778053283691406,0.026216667145490646,1.3428982496261597,-0.009191639721393585,0.9559053182601929,0.02015896886587143,1.0113784074783325,0.0022353369276970625,0.9930696487426758,0.02126661315560341,0.8604312539100647,0.005524129141122103,0.8012164831161499,0.008659721352159977,0.864216685295105,0.0007998146465979517,0.8688839077949524,0.005119821056723595,0.6808685064315796,0.35752224922180176,0.2707541286945343,0.38924190402030945,0.30768388509750366,0.3976989686489105,0.2724648714065552,0.4586092233657837,0.32930681109428406,0.39781051874160767,0.29757705330848694,0.3871426582336426,0.27964237332344055,0.32733458280563354,0.2715236246585846,0.32019010186195374,0.22385647892951965,0.48049771785736084,0.34348636865615845,0.48670002818107605,0.2665223479270935,0.5635552406311035,0.3325914740562439,0.38605907559394836,0.24894143640995026,0.2217954397201538,0.10941377282142639,3719.5060925856606,1387.7390621185064,4264.863350699407,1023.4643507606311,0.06990093937250333,0.04139447318246968,137.1951219512195
beat_it,60,65,5,nod,neutral,3,-88.94068908691406,80.49820709228516,126.45355987548828,39.23074722290039,-11.08965015411377,19.904142379760742,39.45000076293945,17.738460540771484,-9.930195808410645,14.395891189575195,14.386870384216309,10.544631004333496,-5.883010387420654,10.220044136047363,3.8599472045898438,10.181475639343262,-2.6205251216888428,6.7000017166137695,5.6145148277282715,7.719449520111084,-6.468418121337891,7.203657627105713,0.8732241988182068,6.2640204429626465,-2.2635905742645264,5.546530723571777,0.1015932708978653,15.545109748840332,-0.08840037137269974,6.822707653045654,-0.14257381856441498,3.508162021636963,0.0005115354433655739,3.111741781234741,-0.015981610864400864,2.217217206954956,-0.049551863223314285,1.7726917266845703,-0.0939699336886406,1.5965379476547241,-0.06885946542024612,1.6584534645080566,-0.012686800211668015,1.2486639022827148,0.010128280147910118,1.3793078660964966,-0.009906427003443241,1.2717902660369873,-0.01929762400686741,1.121781349182129,-0.028502648696303368,1.0373170375823975,0.14897949993610382,6.271932125091553,-0.10163995623588562,2.738542318344116,0.007281098049134016,1.8681312799453735,-0.01120073813945055,1.551133394241333,0.024468304589390755,1.1639872789382935,-0.014736194163560867,0.9974546432495117,-0.012330140918493271,0.9219695925712585,-0.010345437563955784,0.8826742768287659,-0.0016951255965977907,0.7755271196365356,0.012010484002530575,0.8491330742835999,0.00041632051579654217,0.7272335886955261,0.00932335015386343,0.7326502203941345,-0.019005293026566505,0.652970016002655,0.4344961941242218,0.26190659403800964,0.5299484729766846,0.2993791401386261,0.5661804676055908,0.26569682359695435,0.6266239881515503,0.33190593123435974,0.5219026803970337,0.2778584659099579,0.48389214277267456,0.26991695165634155,0.40691283345222473,0.26672667264938354,0.38258013129234314,0.23323586583137512,0.43117526173591614,0.2952669858932495,0.42889612913131714,0.2438260167837143,0.5476818680763245,0.31133028864860535,0.4179328978061676,0.23349279165267944,0.2072477787733078,0.10829739272594452,3814.4128544589485,1572.6837906346495,4345.136917920586,1123.6304384729638,0.07474555237206823,0.05248958951643154,140.625
beat_it,65,68,3,shake,neutral,3,-53.242454528808594,51.58058547973633,124.02228546142578,36.075035095214844,-25.868881225585938,19.970783233642578,37.950923919677734,18.146129608154297,-5.637230396270752,9.285747528076172,16.80309295654297,11.027579307556152,-8.38424301147461,10.327242851257324,6.939143180847168,6.674938201904297,-3.5534331798553467,6.35595703125,14.803648948669434,7.920487880706787,1.7381327152252197,8.94722843170166,2.80134654045105,7.775602340698242,-3.1104071140289307,9.229284286499023,-0.22968308627605438,10.495784759521484,0.4911867380142212,5.590365409851074,-0.03450695797801018,3.8282179832458496,0.05752146989107132,3.011566400527954,-0.004633467178791761,1.702366828918457,0.016079509630799294,1.5355231761932373,0.1346621960401535,1.3594648838043213,0.018273167312145233,1.0650612115859985,-0.017425600439310074,1.0305739641189575,-0.03145548701286316,1.3658957481384277,0.05945182591676712,1.3883724212646484,0.010159634985029697,1.3358739614486694,0.0216742642223835,1.1458957195281982,0.07448975741863251,4.443944931030273,-0.04118859022855759,2.3005073070526123,0.022066675126552582,1.6012648344039917,-0.022105015814304352,1.5111184120178223,0.013164829462766647,1.0208534002304077,-0.028726685792207718,0.7707582712173462,0.0056548770517110825,0.8479806780815125,-0.011626388877630234,0.6482545733451843,0.026646623387932777,0.6139021515846252,0.014911717735230923,0.7396290898323059,0.025283150374889374,0.7587170600891113,0.0076662395149469376,0.6937190294265747,-0.010109818540513515,0.6147100925445557,0.256110280752182,0.24609163403511047,0.2869827449321747,0.24686813354492188,0.31541651487350464,0.2633365988731384,0.3715135157108307,0.33120736479759216,0.3712957799434662,0.33414602279663086,0.4107331931591034,0.3324412405490875,0.4064335227012634,0.35992908477783203,0.3008609712123871,0.26710012555122375,0.32139459252357483,0.29535824060440063,0.47659724950790405,0.27464938163757324,0.7371148467063904,0.3202487528324127,0.3552611172199249,0.24580524861812592,0.27134090662002563,0.093061164021492,3808.553164948696,1320.6245644685719,4299.238511517256,1087.0150139901361,0.07101721797429078,0.030133499708091805,137.1951219512195
beat_it,68,80,12,nod,smile,4,-50.4675407409668,57.2926025390625,127.6194076538086,34.41238021850586,-14.477208137512207,20.579790115356445,34.39973831176758,15.63692569732666,-11.67877197265625,12.620981216430664,18.44324493408203,9.30776309967041,-7.349465370178223,8.322525024414062,8.334393501281738,8.592265129089355,-4.1305317878723145,7.499403476715088,7.153849124908447,7.801217079162598,-3.375910997390747,6.8842997550964355,2.8998398780822754,7.911489963531494,-3.650146961212158,7.02338171005249,-0.1337171345949173,10.283760070800781,0.05282611399888992,5.67242431640625,-0.0015151123516261578,3.148575782775879,0.012009221129119396,2.6235713958740234,0.0012889814097434282,1.9268054962158203,0.010487815365195274,1.4241148233413696,-0.0006916205165907741,1.422092318534851,-0.005975394044071436,1.3804842233657837,-0.002556849969550967,1.2011427879333496,-0.009107292629778385,1.1285521984100342,-0.0012909002834931016,1.1050326824188232,-0.007725447881966829,1.212237000465393,0.004326656460762024,1.0685572624206543,0.005892960354685783,4.386780738830566,0.0010317850392311811,2.2492587566375732,-0.004967810120433569,1.483231544494629,-0.011631209403276443,1.4050017595291138,0.006861224304884672,1.0716489553451538,-0.005365665536373854,0.8106392621994019,0.006525080651044846,0.8625543713569641,-0.004065831191837788,0.8319420218467712,0.005946732126176357,0.7115621566772461,-0.007869240827858448,0.662510871887207,0.0009854377713054419,0.6548548936843872,-0.0006207443657331169,0.6960396766662598,0.00276134442538023,0.6647538542747498,0.387602835893631,0.2351243942975998,0.5233041048049927,0.31490570306777954,0.4867902398109436,0.2516794800758362,0.5051144957542419,0.2975834012031555,0.4649551510810852,0.2605944871902466,0.5295068025588989,0.2856600880622864,0.45379042625427246,0.2854188084602356,0.42813539505004883,0.24509574472904205,0.49455156922340393,0.3117990493774414,0.4655608832836151,0.23458167910575867,0.5912209153175354,0.31484413146972656,0.3743550777435303,0.2214394360780716,0.24834522604942322,0.09267886728048325,3866.413566917952,1442.1258691378323,4464.930198191263,1011.9525421426858,0.07568662924622557,0.04694692708388148,140.625
beat_it,80,82,2,sway,neutral,3,-44.726688385009766,46.89445495605469,132.27447509765625,35.28764343261719,-18.014236450195312,19.895883560180664,38.281612396240234,12.012523651123047,-6.171119689941406,10.877008438110352,26.57756233215332,11.074320793151855,-7.531235694885254,7.234246253967285,7.693058967590332,7.110971450805664,-3.4966092109680176,5.700772285461426,3.8173668384552,6.921542644500732,-4.890564918518066,5.1003899574279785,0.5909202098846436,5.045886993408203,-2.903552770614624,5.590574741363525,0.06712183356285095,9.159710884094238,-0.04384654015302658,6.356106281280518,-0.005835310090333223,3.5739779472351074,0.041064150631427765,2.5343077182769775,-0.0006660704966634512,1.9500540494918823,0.09161553531885147,1.8286880254745483,-0.048747468739748,1.2675771713256836,0.029599511995911598,1.0785282850265503,-0.05501442775130272,1.026584267616272,-0.08464118093252182,1.209890365600586,-0.024443358182907104,0.9226186871528625,-0.0175083689391613,0.9168958067893982,-0.025455622002482414,0.9391149282455444,0.046688903123140335,3.8299214839935303,-0.052669838070869446,2.454458475112915,0.05281739681959152,1.499056100845337,-0.06644430756568909,1.4429857730865479,0.014583902433514595,1.0616661310195923,-0.029649363830685616,0.9207311272621155,-0.011641324497759342,0.903160035610199,-0.01791265234351158,0.6795052886009216,0.002092235255986452,0.680027186870575,-0.028008777648210526,0.6447518467903137,0.009263312444090843,0.6219010949134827,-0.02488768845796585,0.6163721680641174,-0.029574500396847725,0.6266914010047913,0.3966086804866791,0.19346070289611816,0.46422845125198364,0.18783070147037506,0.5015617609024048,0.20773662626743317,0.6391337513923645,0.2677513659000397,0.6401315331459045,0.2325829565525055,0.68466717004776,0.24566949903964996,0.6060982942581177,0.27807632088661194,0.5751815438270569,0.1977255791425705,0.49239861965179443,0.23051539063453674,0.44655275344848633,0.1866077184677124,0.577814519405365,0.30043697357177734,0.4402340054512024,0.21974220871925354,0.24195237457752228,0.06612908095121384,3798.0771654702157,1386.1567968887673,4376.936746950762,1086.5273536514012,0.07408888796542554,0.037173408413277875,137.1951219512195
beat_it,82,98,16,nod,neutral,3,-78.48504638671875,73.01818084716797,116.50117492675781,37.319725036621094,-7.9360785484313965,20.63752555847168,37.69062423706055,16.218982696533203,-10.703434944152832,15.122297286987305,15.778814315795898,10.932512283325195,-5.158649921417236,9.430856704711914,6.385943412780762,8.707232475280762,-4.378950595855713,7.782449722290039,6.694611072540283,8.231902122497559,-4.651998043060303,7.8555121421813965,0.958479642868042,7.9490485191345215,-3.6005513668060303,6.464160442352295,-0.04004484787583351,13.610819816589355,-0.023985479027032852,6.289292812347412,0.002452629152685404,3.656458854675293,-0.0043657864443957806,2.9410970211029053,0.0161881186068058,2.242859125137329,0.0008824124233797193,1.5883114337921143,0.014881415292620659,1.5077940225601196,0.01308557577431202,1.6065483093261719,0.007781167048960924,1.459501028060913,0.011277521960437298,1.4594106674194336,0.016748003661632538,1.3275911808013916,0.00875093974173069,1.2782468795776367,0.0024618397001177073,1.1074100732803345,-0.017593270167708397,5.7031989097595215,0.007911134511232376,2.521895170211792,-0.007576955948024988,1.7549395561218262,0.003459058701992035,1.4726452827453613,0.0016383714973926544,1.1966948509216309,0.0014374705497175455,0.8559889793395996,0.0002479109971318394,0.9253197312355042,0.0024514924734830856,0.9312937259674072,-0.000126606784760952,0.8333539366722107,-0.006942843087017536,0.8383257389068604,-0.002734977751970291,0.7694182395935059,-0.0022391953971236944,0.7979307174682617,0.00027504353784024715,0.7523105144500732,0.40867140889167786,0.26307404041290283,0.48663750290870667,0.32083457708358765,0.47173410654067993,0.2706202268600464,0.519248902797699,0.3254091441631317,0.46915337443351746,0.2950560450553894,0.49061164259910583,0.298321008682251,0.4183703362941742,0.2906682789325714,0.3803706765174866,0.2515246570110321,0.4495498239994049,0.311454713344574,0.4350265562534332,0.2535669207572937,0.5262009501457214,0.3218366801738739,0.4205501973628998,0.25452014803886414,0.2134266495704651,0.10507246106863022,4212.468202191331,1616.724586993832,4649.433048289824,1083.562538891308,0.082912823742505,0.054304684885873006,137.1951219512195
beat_it,98,99,1,sway,neutral,3,-76.19097137451172,76.54069519042969,101.5049057006836,32.50974655151367,-5.292296409606934,21.730783462524414,46.974403381347656,17.054033279418945,-10.914361000061035,12.650225639343262,23.769630432128906,9.82176399230957,-3.9594199657440186,6.410521507263184,6.262678623199463,8.654233932495117,-2.3899524211883545,6.892706871032715,7.325141429901123,8.258097648620605,-3.4018750190734863,5.680181980133057,2.5095527172088623,5.467984676361084,-1.8340237140655518,6.411075592041016,-0.36776793003082275,13.456206321716309,-0.210172638297081,6.191152572631836,0.1252252459526062,4.033625602722168,0.09607198089361191,4.010465145111084,-0.4298548698425293,2.5625479221343994,0.02152847684919834,1.8768380880355835,-0.22127172350883484,1.232309103012085,-0.3322770893573761,1.541730523109436,-0.19421525299549103,1.35118567943573,-0.051948122680187225,1.6562349796295166,0.017420552670955658,1.1329509019851685,-0.10511288791894913,1.053519606590271,-0.1362653523683548,1.1715388298034668,-0.5789978504180908,4.407672882080078,0.17338927090168,2.843531608581543,-0.11182903498411179,1.945967674255371,0.03568940982222557,1.9349427223205566,0.05404970049858093,1.2650809288024902,0.06955575197935104,0.8500757813453674,0.056466322392225266,0.9043886661529541,0.05091384798288345,1.0339347124099731,0.010159461759030819,0.8489142656326294,-0.021521862596273422,0.702120840549469,-0.005891512148082256,0.7034386396408081,-0.03207141160964966,0.5393365621566772,0.028521651402115822,0.7311777472496033,0.5442970991134644,0.21265795826911926,0.6852683424949646,0.2948807179927826,0.6738126873970032,0.2341417670249939,0.6487840414047241,0.25265854597091675,0.5865124464035034,0.22652116417884827,0.5963837504386902,0.2555200755596161,0.5105938911437988,0.2556719481945038,0.47785669565200806,0.22966620326042175,0.5172802805900574,0.2665671110153198,0.4971957206726074,0.23734796047210693,0.5448007583618164,0.3040964603424072,0.4972957372665405,0.20892758667469025,0.19170218706130981,0.102113738656044,4814.816363146518,1495.589933274103,4850.913120212182,882.0838239159611,0.11459545378989362,0.07293639158530302,133.92857142857142
beat_it,99,114,15,nod ,neutral,5,-70.6732406616211,70.44590759277344,117.55233764648438,37.62104415893555,-9.487356185913086,20.257644653320312,34.76752853393555,18.153518676757812,-14.967381477355957,15.979031562805176,14.449018478393555,9.146381378173828,-6.9068522453308105,9.899234771728516,4.789626598358154,9.784332275390625,-3.4337737560272217,7.548605918884277,6.634028434753418,7.68550968170166,-5.051314353942871,7.222062587738037,0.4360405206680298,7.71459436416626,-3.5168066024780273,7.273345947265625,0.09119123220443726,13.644757270812988,-0.04442174360156059,6.1918768882751465,-0.0051753646694123745,3.300335645675659,-0.014096187427639961,2.990565776824951,-0.005095108412206173,2.4937052726745605,0.00920998863875866,1.5625905990600586,-0.0035165150184184313,1.5839753150939941,0.0027383076958358288,1.658998727798462,0.01396747212857008,1.3556805849075317,-0.0001836910960264504,1.3223000764846802,0.0016711136559024453,1.199836254119873,0.013687332160770893,1.3519492149353027,-0.0011000074446201324,1.1464120149612427,-0.002449985360726714,5.663575649261475,-0.003388041164726019,2.3155486583709717,-0.0013524250825867057,1.6633108854293823,0.0013442131457850337,1.5315417051315308,-0.003920278046280146,1.382331132888794,-0.0002555925166234374,0.9145435690879822,0.004405549261718988,0.9839754104614258,0.0017798944609239697,0.9660618901252747,-0.00033936588442884386,0.784400999546051,-0.00010267139441566542,0.740345299243927,-0.001463098917156458,0.7420953512191772,-0.003718114225193858,0.7949280738830566,-0.0007085502147674561,0.6984817385673523,0.3813762962818146,0.2694871127605438,0.4309520125389099,0.29450586438179016,0.4199036657810211,0.25365859270095825,0.4854956567287445,0.3240165710449219,0.45203763246536255,0.29311642050743103,0.5003052353858948,0.294803649187088,0.4236326515674591,0.29530981183052063,0.3936138153076172,0.26574286818504333,0.4539569914340973,0.31512758135795593,0.47619208693504333,0.2622787058353424,0.5967198610305786,0.33168378472328186,0.38623636960983276,0.22821402549743652,0.213375061750412,0.1030663251876831,4270.030248871584,1606.3850159492245,4624.991101739628,1101.1696962551075,0.08811481098969438,0.05470492251728406,140.625
beat_it,114,120,6,shake,frown,3,-36.47810363769531,42.364227294921875,125.40812683105469,30.447866439819336,-17.57241439819336,21.334041595458984,36.51137161254883,12.610490798950195,-10.58556079864502,10.594877243041992,18.481895446777344,9.128335952758789,-7.814210414886475,8.153741836547852,6.978679656982422,8.369307518005371,-4.319824695587158,7.059537887573242,10.728631019592285,9.123701095581055,-1.5900288820266724,8.885842323303223,1.4222971200942993,6.331280708312988,-6.227371692657471,6.368757247924805,-0.04815242812037468,8.321130752563477,0.034698236733675,5.284638404846191,0.04205874353647232,3.370537042617798,-0.03368932008743286,2.1861956119537354,0.037721145898103714,1.6006168127059937,-0.01763085089623928,1.3559399843215942,-0.028029469773173332,1.2269980907440186,-0.013129452243447304,1.1922762393951416,-0.02239008992910385,1.0226904153823853,0.020667463541030884,1.1035773754119873,-0.007061329670250416,1.171430230140686,-0.01826922968029976,0.9962026476860046,-0.02362728677690029,0.8786396384239197,-0.039542365819215775,3.7865982055664062,0.0006628883420489728,1.9219563007354736,-0.00625945907086134,1.3533440828323364,0.0007785924826748669,1.150106430053711,-0.0015172903658822179,0.9147265553474426,-0.004255426116287708,0.7641417980194092,0.014446403831243515,0.7954224348068237,0.007825469598174095,0.6850777864456177,0.00046113753342069685,0.6560450792312622,-0.014563111588358879,0.6702985167503357,0.0016694857040420175,0.652739405632019,-0.00557414535433054,0.6215347051620483,-0.008750063367187977,0.5691730976104736,0.29153597354888916,0.22192463278770447,0.4022996723651886,0.3178844749927521,0.3715392053127289,0.27522820234298706,0.3814460039138794,0.289875864982605,0.3995524048805237,0.2869705855846405,0.4779866933822632,0.32444632053375244,0.4171673655509949,0.3252694606781006,0.31619685888290405,0.2612743079662323,0.3363787829875946,0.28827112913131714,0.463678777217865,0.24456988275051117,0.7011551260948181,0.32265767455101013,0.36501261591911316,0.2221960425376892,0.28033095598220825,0.08367162197828293,3912.110949283206,1309.8892408521833,4474.377208150051,1030.091929085543,0.07505567967362345,0.03456983866992469,137.1951219512195
beat_it,120,144,24,nod,neutral,4,-46.62826919555664,56.52550506591797,124.16498565673828,33.74348068237305,-13.656312942504883,17.801746368408203,32.02690505981445,14.842389106750488,-12.856339454650879,13.9254732131958,17.39117431640625,8.660318374633789,-7.694713592529297,8.084162712097168,7.698363304138184,7.893980026245117,-4.4605817794799805,6.505964279174805,7.763787269592285,6.989586353302002,-4.181726455688477,6.749720096588135,2.162487030029297,6.725381851196289,-5.140273094177246,6.621232986450195,-0.08024760335683823,9.754568099975586,0.007749441545456648,5.264994144439697,-0.016342850401997566,2.7685232162475586,0.004425746388733387,2.3042421340942383,0.0005831089220009744,1.7919158935546875,-0.0008025203133001924,1.3382970094680786,0.006479592062532902,1.3719128370285034,-0.0034974240697920322,1.2977594137191772,0.0045744627714157104,1.0774179697036743,-0.007143496070057154,1.0780128240585327,0.001606535748578608,1.0366517305374146,-0.003238955046981573,1.1836833953857422,-0.0016031651757657528,1.0228471755981445,0.005651304963976145,4.074788570404053,-0.0075868479907512665,2.0321266651153564,0.004221298731863499,1.3076726198196411,-0.0004629979666788131,1.2480963468551636,-0.0026103684213012457,1.0357122421264648,-0.005778240971267223,0.7828500270843506,0.00017226621275767684,0.8631807565689087,-0.004521879833191633,0.7684799432754517,-0.0013937681214883924,0.6965059638023376,-0.00023675717238802463,0.6623517274856567,0.0008829425787553191,0.6534902453422546,0.0014165568863973022,0.734605073928833,0.0013105886755511165,0.6304787397384644,0.3514406979084015,0.22183872759342194,0.5015504956245422,0.3157137930393219,0.4666178524494171,0.2546502947807312,0.5176598429679871,0.3349763751029968,0.43423426151275635,0.27242419123649597,0.46140095591545105,0.27913352847099304,0.4188140034675598,0.2931838035583496,0.4001063108444214,0.24879837036132812,0.45354098081588745,0.3071046471595764,0.44121548533439636,0.22224092483520508,0.6092062592506409,0.3115885555744171,0.34948599338531494,0.2083384096622467,0.24642059206962585,0.09517987072467804,3995.323038246521,1445.4366606344215,4557.943510657896,954.561833199577,0.07949266471845846,0.04899195996803961,137.1951219512195
beat_it,144,149,5,none,big smile,3,-83.90850067138672,71.71741485595703,108.76055908203125,33.815006256103516,-14.878762245178223,18.59600257873535,37.46828842163086,13.157960891723633,3.9735727310180664,8.389617919921875,23.01194190979004,7.704533100128174,-2.8775386810302734,8.139741897583008,5.922323703765869,8.83365249633789,-1.6937276124954224,7.246038436889648,7.675309181213379,5.630349636077881,-2.86687970161438,7.040408134460449,2.4545936584472656,7.2877912521362305,-2.5744118690490723,6.607356548309326,0.4463750422000885,14.520894050598145,0.02384224906563759,6.369221210479736,-0.012152926065027714,3.393648624420166,-0.06004727631807327,2.0721871852874756,-0.03441203385591507,1.3336787223815918,0.01066060271114111,1.3519022464752197,-0.020219139754772186,1.431949496269226,0.04716583713889122,1.2649227380752563,-0.005189838819205761,1.4428735971450806,0.003362496616318822,1.026574730873108,-0.0315307192504406,1.2245131731033325,0.028487883508205414,1.1893906593322754,0.01888887584209442,0.9485324025154114,0.12777253985404968,6.8397345542907715,-0.020901953801512718,2.566380023956299,0.015280070714652538,1.5431398153305054,0.027172984555363655,1.0342204570770264,-0.011592528782784939,0.8839458227157593,0.010957104153931141,0.8199937343597412,-0.016574418172240257,0.8846582174301147,-0.01757148839533329,0.8060743808746338,-0.009646558202803135,0.7916925549507141,0.006810283754020929,0.6201707720756531,-0.0017320311162620783,0.6821960210800171,0.0043506561778485775,0.6979970932006836,0.003412076970562339,0.6423791646957397,0.47098883986473083,0.22535943984985352,0.5250208377838135,0.235697939991951,0.6084911227226257,0.21997304260730743,0.7273306846618652,0.2560700476169586,0.747907280921936,0.25225862860679626,0.6216578483581543,0.23086431622505188,0.6088942885398865,0.2684694230556488,0.5956979990005493,0.250691294670105,0.46332743763923645,0.22924798727035522,0.45749354362487793,0.25013330578804016,0.5523074269294739,0.31450724601745605,0.48782041668891907,0.25286686420440674,0.17942817509174347,0.09464149177074432,4412.513602324791,1529.8524545341622,4803.699751951265,1019.9458754423944,0.08410826725746269,0.050628150049105855,140.625
beat_it,149,159,10,nod,neutral,2,-71.81431579589844,67.83316802978516,115.07778930664062,39.67366409301758,-17.85763168334961,21.108545303344727,31.973031997680664,12.079422950744629,2.82578706741333,9.446125984191895,22.72955322265625,7.8603835105896,-3.683403730392456,7.1557722091674805,7.142273426055908,7.421078681945801,-2.698719024658203,6.145546913146973,7.1258368492126465,5.657439231872559,-3.0375003814697266,5.634612083435059,2.6413180828094482,6.903269290924072,-2.2268381118774414,6.2201313972473145,-0.05985119193792343,12.975605964660645,-0.09918567538261414,7.131243705749512,0.06201021000742912,3.7459921836853027,0.017003079876303673,2.0619447231292725,0.015328837558627129,1.3684790134429932,0.0070427111349999905,1.2007204294204712,0.011280141770839691,1.2128342390060425,0.0006696308846585453,1.1757242679595947,-0.01486910879611969,1.1669337749481201,-0.0036166042555123568,1.0635441541671753,-0.014666765928268433,0.9050434231758118,-0.02495572715997696,1.093446135520935,-0.015707820653915405,0.9861915707588196,-0.02127891778945923,5.924236297607422,-0.013200715184211731,2.99893856048584,0.014087872579693794,1.7386330366134644,-0.00031878138543106616,1.1216819286346436,-0.005577892530709505,0.8382943272590637,-0.002056431956589222,0.7508788704872131,-0.0041460515931248665,0.8465399146080017,0.0021683520171791315,0.7439420223236084,0.003935051150619984,0.6842133402824402,-0.0043381983414292336,0.6907860040664673,0.004145523998886347,0.569367527961731,-0.0025233663618564606,0.6455671191215515,0.0016320814611390233,0.6364212036132812,0.44427233934402466,0.21514591574668884,0.5047088265419006,0.23760850727558136,0.6101776957511902,0.21563328802585602,0.7688796520233154,0.24518939852714539,0.7398918271064758,0.2351856380701065,0.6020669937133789,0.23670145869255066,0.5958008170127869,0.2771489918231964,0.553807258605957,0.2537975609302521,0.42987820506095886,0.2205902338027954,0.44594770669937134,0.22644369304180145,0.5567858219146729,0.2716761827468872,0.47703802585601807,0.235267773270607,0.18983322381973267,0.09244287759065628,4338.592105501977,1702.019840109023,4699.814426540995,1168.1169921851747,0.08662983908582089,0.05170576557691563,137.1951219512195
beat_it,159,168,9,sway,smile,3,-62.35361862182617,69.54710388183594,126.83116149902344,43.986244201660156,-20.716459274291992,22.482017517089844,26.332651138305664,11.437150955200195,1.338942527770996,9.830692291259766,18.947843551635742,7.825978755950928,-2.731995105743408,6.7505316734313965,9.715652465820312,6.337386131286621,-1.5597097873687744,6.035854816436768,8.042609214782715,5.796602249145508,-2.3134350776672363,5.851498126983643,1.5223743915557861,6.625380039215088,-3.848242998123169,5.551809310913086,0.10522985458374023,12.230968475341797,0.06771771609783173,8.00649356842041,-0.020470891147851944,4.084156036376953,-0.012911004014313221,2.1843361854553223,0.01807277649641037,1.4608863592147827,-0.007988895289599895,1.378724455833435,-0.0026863717939704657,1.1612251996994019,-0.003400420770049095,1.1778157949447632,0.010811390355229378,1.1248735189437866,-0.0011083186836913228,1.070451259613037,0.008844609372317791,0.9616019129753113,0.009516991674900055,1.1468175649642944,0.01555680576711893,0.861631453037262,-0.008251543156802654,5.859041690826416,-0.0035413317382335663,3.124195098876953,-0.002428616862744093,1.878093957901001,-0.0074727279134094715,1.2575279474258423,0.0017954336944967508,0.9164844155311584,0.0009262386593036354,0.8480410575866699,0.0001193773714476265,0.8069774508476257,-0.009594928473234177,0.7521560192108154,0.0011838662903755903,0.6756299138069153,0.0021903901360929012,0.6696432828903198,0.004540974274277687,0.6465157270431519,-0.0031925502698868513,0.7260076999664307,-0.0047377608716487885,0.596820592880249,0.46030089259147644,0.22025971114635468,0.5419914126396179,0.25608792901039124,0.576465368270874,0.19861607253551483,0.6983434557914734,0.24787995219230652,0.7058606147766113,0.24151790142059326,0.6243127584457397,0.24915902316570282,0.6094594597816467,0.28718459606170654,0.5086565017700195,0.2563313841819763,0.38681212067604065,0.21395453810691833,0.42001309990882874,0.20478086173534393,0.581109881401062,0.2605527639389038,0.487201988697052,0.21756580471992493,0.2107338160276413,0.08615487068891525,4024.3084480044813,1823.763265670679,4484.826989784954,1312.2349239163625,0.08182702810278436,0.05449911990537136,137.1951219512195
beat_it,168,195,27,shake,frown,3,-73.45694732666016,59.93790817260742,141.46163940429688,40.90306091308594,-35.398590087890625,26.380550384521484,26.16501235961914,11.163969039916992,2.9177823066711426,9.239017486572266,7.526950359344482,9.851471900939941,-2.1080358028411865,8.305180549621582,8.837630271911621,8.692687034606934,-2.3181183338165283,7.2599382400512695,1.6662156581878662,9.075728416442871,-1.5160762071609497,7.489713668823242,-2.1225125789642334,7.216707229614258,-3.9418439865112305,6.467277526855469,-0.040298596024513245,11.211851119995117,0.005281835328787565,7.592890739440918,-0.01799512654542923,5.30435037612915,-0.007698561530560255,1.9153441190719604,-0.008618040010333061,1.3801132440567017,-0.008128414861857891,1.6722626686096191,0.0025297491811215878,1.376653790473938,-0.012194623239338398,1.4530991315841675,-0.004065317567437887,1.2073066234588623,-0.011598526500165462,1.5675560235977173,0.006469405721873045,1.247704267501831,0.0007463718065991998,1.2847672700881958,0.009423721581697464,1.0032896995544434,-0.002848938573151827,4.9141459465026855,-0.0057566286996006966,3.1375370025634766,0.008253529667854309,2.373835325241089,-0.0032510587479919195,1.1446768045425415,0.0020110714249312878,0.8409982919692993,0.0006095152930356562,0.851571261882782,0.003961929585784674,0.7833722233772278,-0.0010526636615395546,0.7729669809341431,-0.0002315891906619072,0.6844491958618164,-0.0023121912963688374,0.7984853386878967,0.0023082145489752293,0.6837534308433533,0.0010045765666291118,0.7213466167449951,0.0016388028161600232,0.6182151436805725,0.3887498378753662,0.2750522196292877,0.4842412769794464,0.3386349081993103,0.463476300239563,0.2783462107181549,0.5048546195030212,0.3272537291049957,0.42376381158828735,0.3058238923549652,0.44164326786994934,0.3058136999607086,0.3728107810020447,0.30467164516448975,0.3282480239868164,0.24864456057548523,0.4092484414577484,0.3017467260360718,0.3911688029766083,0.265284925699234,0.4543284773826599,0.31851136684417725,0.37428879737854004,0.27348580956459045,0.2223019003868103,0.08403235673904419,3393.515698677197,1442.5663123903325,3906.741445030005,1292.4970255941096,0.07206988824298974,0.033677040659508536,137.1951219512195
beat_it,195,227,32,nod,smile,5,-39.01163101196289,50.49618148803711,122.40953063964844,34.11307907104492,-14.443721771240234,20.147502899169922,30.114805221557617,13.462885856628418,-11.51622200012207,12.048715591430664,14.349475860595703,9.106314659118652,-8.50370979309082,8.715677261352539,8.252113342285156,7.804030895233154,-4.0485992431640625,6.769947528839111,7.633203029632568,7.520386219024658,-3.315091848373413,7.242812633514404,1.9956063032150269,7.234286308288574,-4.5830583572387695,6.876345157623291,0.0496022030711174,9.07686996459961,0.001205918495543301,5.611150741577148,0.013112026266753674,3.156303644180298,0.007298010401427746,2.024186372756958,-0.01220290269702673,1.5700030326843262,0.005870709661394358,1.3056851625442505,-0.0033988889772444963,1.4169381856918335,0.009283116087317467,1.2114421129226685,0.006342061795294285,0.9811336994171143,0.015841763466596603,1.0925161838531494,-0.0033453423529863358,1.0106151103973389,0.0008945242734625936,1.1103495359420776,-0.006416446063667536,1.0333112478256226,0.01348643098026514,3.893810987472534,0.0013788589276373386,2.1166696548461914,0.00050095294136554,1.3789324760437012,-0.004570355638861656,1.1361521482467651,-0.0035815811716020107,0.9247329235076904,-0.0016249690670520067,0.7378326654434204,0.0012077598366886377,0.85597163438797,-0.00031096916063688695,0.7179023623466492,0.00035191766801290214,0.6293695569038391,-0.0011048148153349757,0.6748546957969666,-0.0004292303347028792,0.6369674801826477,-0.0004547119024209678,0.6911723017692566,0.0007445428636856377,0.6628486514091492,0.3160598874092102,0.22465987503528595,0.45468056201934814,0.3188629150390625,0.4207756221294403,0.25172752141952515,0.4839375913143158,0.32653123140335083,0.38933083415031433,0.26303917169570923,0.4349394142627716,0.29745951294898987,0.41595712304115295,0.31082940101623535,0.3713447153568268,0.25605058670043945,0.40973082184791565,0.31394603848457336,0.4112364649772644,0.2386040836572647,0.579912006855011,0.33316001296043396,0.32601702213287354,0.21086719632148743,0.2523559331893921,0.0830826684832573,4112.5735323047675,1503.74649038919,4623.087476028258,1061.2139866183538,0.08265083513828723,0.04537440366601478,137.1951219512195
beat_it,227,236,9,shake,smile,5,-39.03277587890625,47.6564826965332,120.84010314941406,33.933658599853516,-11.910680770874023,19.561054229736328,29.45420265197754,12.460877418518066,-13.846843719482422,11.503917694091797,14.299782752990723,9.741899490356445,-10.269977569580078,9.675294876098633,6.3564653396606445,8.237366676330566,-4.204220771789551,6.5219950675964355,8.250191688537598,7.4708781242370605,-3.3793294429779053,7.061419486999512,4.320475101470947,6.9081244468688965,-3.863323450088501,6.776391506195068,0.021400904282927513,8.826444625854492,-0.03730981424450874,5.600726127624512,0.040707290172576904,3.1339921951293945,-0.022914566099643707,2.048727035522461,0.0004178494564257562,1.8196873664855957,-0.008127754554152489,1.3038955926895142,0.0027816803194582462,1.576717495918274,0.0068785580806434155,1.2286094427108765,0.0020297218579798937,1.063691258430481,-0.017323371022939682,0.9662348628044128,-0.01833408512175083,1.004424810409546,-0.000943895778618753,0.9971076250076294,-0.002107753651216626,0.9949086904525757,-6.736737304890994e-06,3.7233381271362305,-0.006903247442096472,2.053784132003784,0.005746364127844572,1.4332159757614136,-0.004911379888653755,1.1141303777694702,-0.000606683490332216,1.0441617965698242,-0.003218302968889475,0.7588337063789368,-3.364244184922427e-05,0.9533864855766296,0.00039457992534153163,0.7336063981056213,0.007727046497166157,0.686894416809082,0.007726573850959539,0.6456224322319031,-0.0020229401998221874,0.6276790499687195,-0.003413618542253971,0.6483816504478455,0.0018951225792989135,0.6696214079856873,0.2874208688735962,0.20775288343429565,0.4071670472621918,0.29255443811416626,0.3844158947467804,0.24922382831573486,0.4321700930595398,0.29777437448501587,0.39071905612945557,0.27425289154052734,0.44611817598342896,0.306783527135849,0.4318927228450775,0.31826215982437134,0.40539035201072693,0.2810792624950409,0.421207070350647,0.3137744069099426,0.3921838700771332,0.2247818261384964,0.5724165439605713,0.35277116298675537,0.31382685899734497,0.20867134630680084,0.24544239044189453,0.07538440078496933,4197.834979650751,1516.1327562357856,4710.280230548705,1046.8073379081873,0.08259069072126778,0.04386766617826257,137.1951219512195
beat_it,236,244,8,none,big smile,3,-46.90410232543945,47.74253845214844,122.76911163330078,33.558494567871094,-13.884869575500488,19.257394790649414,31.53569221496582,13.33985424041748,-11.143108367919922,12.529788970947266,15.983501434326172,8.71936321258545,-8.75461483001709,8.129095077514648,7.623615264892578,8.217592239379883,-4.647656440734863,6.954752445220947,8.135438919067383,8.070880889892578,-2.33667254447937,7.805263042449951,1.3196674585342407,7.460287094116211,-6.00077486038208,6.902459144592285,0.11289933323860168,8.993900299072266,-0.09609449654817581,5.710628032684326,0.06168021634221077,3.2104742527008057,0.002878272905945778,2.0913922786712646,0.005406953860074282,1.7570557594299316,-0.014360162429511547,1.3618130683898926,0.012410936877131462,1.3913304805755615,-0.0072957673110067844,1.1855279207229614,-0.0029627527110278606,1.0673590898513794,0.01588694006204605,1.1070066690444946,-0.0030862244311720133,1.164955735206604,0.0005801387596875429,1.2895375490188599,-0.002719822572544217,1.000132441520691,0.008996757678687572,3.8552050590515137,-0.02921339124441147,2.0704939365386963,0.02825523167848587,1.2736972570419312,-0.03188370540738106,1.210658311843872,-0.00569751625880599,1.0285884141921997,-0.009300400502979755,0.7716971635818481,0.001168915187008679,0.8423193693161011,0.006160941906273365,0.6635297536849976,-0.008293401449918747,0.6586470007896423,-0.004645293112844229,0.6462644338607788,-0.011214112862944603,0.6943033337593079,-0.005396097432821989,0.7592032551765442,-0.004650732968002558,0.6395941972732544,0.3052913546562195,0.20545673370361328,0.47138655185699463,0.32087475061416626,0.4044013023376465,0.24445195496082306,0.44853997230529785,0.32720234990119934,0.3918633460998535,0.2737311124801636,0.424461305141449,0.3055327534675598,0.3747493028640747,0.2978769540786743,0.33817872405052185,0.24852608144283295,0.3522360920906067,0.30137065052986145,0.43287599086761475,0.23665370047092438,0.6783885359764099,0.31347253918647766,0.33394655585289,0.19370408356189728,0.23810938000679016,0.07722298800945282,4082.0147838288876,1477.8852000534907,4620.81832162989,1067.5064642508887,0.07942860040778961,0.04125981315260004,137.1951219512195
beat_it,244,258,14,none,smile,3,-298.1181945800781,156.04005432128906,99.13414001464844,38.6964111328125,3.442859649658203,19.953271865844727,22.78053855895996,13.337474822998047,-4.289127826690674,14.326814651489258,9.575193405151367,9.179953575134277,-2.447720766067505,8.356014251708984,5.465223789215088,7.788449287414551,0.46667611598968506,7.43076753616333,6.1930084228515625,6.833192348480225,-0.5089205503463745,7.662823677062988,2.0268781185150146,6.987109661102295,-1.4308196306228638,7.104916095733643,-0.41519567370414734,8.176480293273926,-0.05981943756341934,4.249419689178467,-0.0017711286200210452,2.1075921058654785,-0.006329710595309734,1.8581769466400146,0.016230856999754906,1.4704917669296265,-0.0018825476290658116,1.2065657377243042,0.015004468150436878,1.1748920679092407,0.0020112439524382353,1.1720514297485352,0.011189524084329605,1.0301467180252075,-0.0015132894041016698,1.0407867431640625,0.01872478798031807,0.9006885886192322,0.015505182556807995,1.1066511869430542,0.015924496576189995,0.9756157398223877,-0.0031690162140876055,3.5562479496002197,0.0033647925592958927,1.6827040910720825,0.0001892539585242048,1.1159439086914062,0.0016170745948329568,1.0550481081008911,-3.865277176373638e-05,0.8384974598884583,0.002049680333584547,0.7118141651153564,0.0028008827939629555,0.7263477444648743,0.0007355553680099547,0.698430597782135,-0.00026367351529188454,0.6245880722999573,-0.00013338048302102834,0.6366182565689087,-0.0014383222442120314,0.6065678596496582,-0.00048425819841213524,0.6869887709617615,-0.0016709401970729232,0.6156649589538574,0.3606560528278351,0.2306697815656662,0.5073243379592896,0.3163102865219116,0.4507709741592407,0.24520188570022583,0.49955877661705017,0.30963125824928284,0.445613831281662,0.2754989564418793,0.49496954679489136,0.3059835433959961,0.4749111533164978,0.31563636660575867,0.4337405562400818,0.2623402178287506,0.48357248306274414,0.3121165335178375,0.4573931396007538,0.23506096005439758,0.597321093082428,0.3164326846599579,0.3671647608280182,0.21606425940990448,0.04184648022055626,0.053828272968530655,4171.5727724792805,1476.2687062673003,4899.848029904681,989.494664946509,0.07625592036367099,0.05217445575990107,137.1951219512195
bohemian,0,48,48,none,"thoughtful, frown",3,-257.521240234375,79.72908782958984,132.71205139160156,38.627403259277344,-41.16790771484375,20.882169723510742,20.42049789428711,20.92085838317871,-8.384736061096191,26.59084129333496,7.136005401611328,12.757065773010254,-30.77843475341797,15.669598579406738,-5.764166355133057,12.205857276916504,-9.949527740478516,10.270047187805176,-16.875106811523438,12.5125732421875,-12.802605628967285,11.926687240600586,-6.6668548583984375,13.805609703063965,-16.924264907836914,9.7267484664917,0.07299961894750595,6.9290242195129395,0.03581023961305618,4.586352348327637,-0.006782609969377518,2.445681571960449,0.00048177296412177384,2.2772181034088135,-0.008254412561655045,2.254863739013672,0.0014303892385214567,1.4656676054000854,0.00037684504059143364,1.6861611604690552,-0.0029439073987305164,1.348142147064209,-0.0026623897720128298,1.2622874975204468,-0.005992627236992121,1.4957717657089233,-0.009040101431310177,1.2170933485031128,-0.0050655254162848,1.3397798538208008,-0.005672154016792774,1.183293342590332,-0.007329845335334539,2.5675978660583496,-0.003528202185407281,1.6242122650146484,0.004031479824334383,1.084425449371338,-0.001002003438770771,0.9743104577064514,-0.0032264150213450193,0.9121389985084534,0.0033276621252298355,0.7202884554862976,0.005412496160715818,0.7224220037460327,0.001762001309543848,0.6807476878166199,0.003313059452921152,0.6687538623809814,0.0032537938095629215,0.7403538823127747,0.000278521329164505,0.6532391905784607,0.002353775780647993,0.6677110195159912,-0.0002462526026647538,0.6334143280982971,0.32110652327537537,0.2946932017803192,0.31621289253234863,0.2538093626499176,0.43521878123283386,0.3108551502227783,0.4284573197364807,0.3168656826019287,0.35310545563697815,0.2524915039539337,0.4512164890766144,0.3344610333442688,0.32787755131721497,0.24005001783370972,0.3608410954475403,0.34202462434768677,0.2428411841392517,0.1912454515695572,0.35388872027397156,0.28938648104667664,0.47261083126068115,0.32838812470436096,0.34544435143470764,0.26691561937332153,0.06101899966597557,0.03554265573620796,2961.8785406184134,1393.11539876918,3359.2196822005876,815.4615525780509,0.0745144347037485,0.06287376229578051,143.5546875
bohemian,48,78,30,nod,smile,3,-272.4575500488281,61.06455993652344,173.45849609375,30.87416648864746,-13.729884147644043,19.327068328857422,28.742393493652344,20.863794326782227,16.522436141967773,17.449735641479492,18.86775016784668,12.911733627319336,-5.160519599914551,11.206209182739258,17.173015594482422,13.04993724822998,9.041179656982422,8.854001998901367,0.12998352944850922,12.225835800170898,9.574308395385742,10.983128547668457,10.429174423217773,11.385168075561523,0.6975868344306946,10.539271354675293,0.05809882655739784,6.325895309448242,0.008023968897759914,4.065926551818848,-0.01624339073896408,2.4562532901763916,-0.0004883735091425478,2.3703579902648926,-0.007949045859277248,2.069807767868042,-0.0017820807406678796,1.6572391986846924,-0.0016097328625619411,1.3731708526611328,0.002264162292703986,1.2797986268997192,-0.0017683528130874038,1.1398218870162964,0.004791700281202793,1.3433994054794312,0.00296343513764441,1.1124118566513062,0.001875692862085998,1.1495552062988281,0.00478688720613718,1.055602788925171,0.0024470556527376175,2.9211697578430176,-0.00028924786602146924,1.930451512336731,0.0013050730340182781,1.1863114833831787,0.001042235642671585,1.1067969799041748,0.002012663520872593,0.9798546433448792,-0.0002252169797429815,0.8743683099746704,0.004389946814626455,0.757344126701355,0.001835926785133779,0.6756259202957153,0.0007030282285995781,0.6248480677604675,-0.0015790843171998858,0.6548952460289001,-0.0008443812839686871,0.583501398563385,0.001659849425777793,0.5990227460861206,0.0013162973336875439,0.5343528389930725,0.5568480491638184,0.3619705140590668,0.4873688519001007,0.2914619445800781,0.45536860823631287,0.2746225893497467,0.3268309235572815,0.230600968003273,0.2755076289176941,0.1947481483221054,0.371360719203949,0.3231044113636017,0.33000871539115906,0.20797055959701538,0.4692080020904541,0.3235930800437927,0.44160059094429016,0.26024046540260315,0.5409577488899231,0.34169667959213257,0.5611934065818787,0.3390507698059082,0.5583881735801697,0.3272050619125366,0.08701493591070175,0.04445592686533928,1757.1346600964102,891.3939888025735,2844.544454757329,572.304891994114,0.030108850437790248,0.02927146953031346,143.5546875
bohemian,78,82,4,nod,disgust,3,-120.25570678710938,37.62586212158203,114.80490112304688,32.8725471496582,-41.798492431640625,14.749332427978516,62.496307373046875,16.353605270385742,-3.3349263668060303,10.43225383758545,20.818096160888672,12.047660827636719,-12.860126495361328,8.918224334716797,21.42880630493164,11.298637390136719,1.3130271434783936,11.710776329040527,4.5104875564575195,12.857919692993164,0.8310007452964783,12.008684158325195,9.26664924621582,7.45884895324707,-5.019923210144043,7.870539665222168,0.5462026596069336,3.4827675819396973,-0.32913851737976074,2.5602872371673584,0.03549496829509735,1.245582938194275,0.1464320570230484,1.295451045036316,-0.05984972044825554,0.9369147419929504,0.05497726798057556,1.3015234470367432,-0.019922181963920593,1.06965172290802,0.07352785021066666,0.9415897727012634,0.009762219153344631,0.9858097434043884,0.08360771834850311,1.0971074104309082,0.004473116714507341,0.9285199046134949,0.07189297676086426,0.9203434586524963,-0.0222887322306633,1.0523734092712402,0.05429205298423767,1.6971759796142578,-0.026289867237210274,1.3775888681411743,-0.0035703941248357296,0.7596561908721924,0.0020872552413493395,0.625434398651123,-0.009338474832475185,0.5542495846748352,-0.04330563545227051,0.6436762809753418,-0.004049566574394703,0.5201225280761719,-0.009610016830265522,0.5520866513252258,-0.011806867085397243,0.4900614321231842,-0.002200859133154154,0.5561272501945496,-0.01617656648159027,0.4962040185928345,0.013939552009105682,0.5454887747764587,-0.01349794864654541,0.5591636300086975,0.5638618469238281,0.29138264060020447,0.5050904154777527,0.21830320358276367,0.6112436652183533,0.29493680596351624,0.5616680383682251,0.3092549741268158,0.45360442996025085,0.2538662552833557,0.37941214442253113,0.21570010483264923,0.3647538423538208,0.1811518520116806,0.44576743245124817,0.20359767973423004,0.49173346161842346,0.19917809963226318,0.6043704748153687,0.28994128108024597,0.5699617862701416,0.24887529015541077,0.571479856967926,0.21832753717899323,0.1334935873746872,0.050016142427921295,3715.228766591052,1019.9596742205525,3642.0593786622912,648.3808617485414,0.0978911911231884,0.04426412671791198,67.11647727272727
bohemian,82,93,11,none,surprise,3,-157.0833282470703,52.725887298583984,132.24696350097656,27.819433212280273,-36.42417907714844,20.421653747558594,59.85261154174805,13.929126739501953,-10.13049030303955,12.296870231628418,25.6664981842041,10.224013328552246,-3.3563902378082275,9.353788375854492,24.275060653686523,11.632702827453613,11.728343963623047,9.532976150512695,-4.323112487792969,12.141460418701172,0.14130276441574097,7.146022319793701,0.7977355718612671,11.194903373718262,-3.624958038330078,7.437715530395508,-0.08598174899816513,6.0547075271606445,0.1099887490272522,3.310863971710205,-0.011373077519237995,2.196661949157715,-0.050698503851890564,1.4480135440826416,0.006190835032612085,1.6698927879333496,0.0093906344845891,1.18027663230896,0.004673100542277098,1.2538658380508423,0.00955683458596468,1.1186647415161133,0.024593869224190712,1.1442784070968628,-0.026136353611946106,1.36271071434021,0.005370629020035267,0.8702248930931091,-0.0019505576929077506,0.9830613136291504,0.007434478960931301,1.0169880390167236,-0.010460724122822285,2.5778238773345947,-0.004770185798406601,1.6615597009658813,-0.00042051656055264175,1.033968210220337,-0.003272678004577756,0.8158566951751709,-0.004125471692532301,0.786872148513794,-0.0006348162423819304,0.635403573513031,0.002480369759723544,0.6768907308578491,0.0010101983789354563,0.6125720143318176,-0.005572128109633923,0.6326375603675842,-0.0037749826442450285,0.6525223255157471,0.000275825965218246,0.4863523244857788,-0.0008557219989597797,0.5879694223403931,0.002730574691668153,0.5249128341674805,0.41268759965896606,0.31454095244407654,0.4158463180065155,0.25634294748306274,0.7113420963287354,0.3271818459033966,0.5459364056587219,0.2743396461009979,0.34593436121940613,0.2640460431575775,0.39443230628967285,0.32679057121276855,0.3444206714630127,0.2731478810310364,0.35056763887405396,0.24078910052776337,0.3025050759315491,0.2540435791015625,0.2708945870399475,0.2567247450351715,0.2762118875980377,0.2259596586227417,0.34576860070228577,0.23956184089183807,0.13137885928153992,0.05296240746974945,3021.90374152315,950.3146423055878,3329.214751099704,522.7290210186242,0.072220299314346,0.03736484139478883,70.79409246575342
bohemian,93,96,3,shake,frown,3,-147.5157928466797,43.03304672241211,162.20748901367188,21.027095794677734,-38.269065856933594,13.461177825927734,43.11067581176758,13.436131477355957,2.5156452655792236,10.955672264099121,29.854049682617188,9.989867210388184,-5.3140482902526855,8.522039413452148,20.456594467163086,9.479516983032227,9.615154266357422,7.82473087310791,3.5907652378082275,9.564811706542969,10.22468376159668,8.406146049499512,10.944332122802734,8.018227577209473,3.1542625427246094,7.765570163726807,-0.033847883343696594,7.788935661315918,-0.15855373442173004,4.13064432144165,0.046178385615348816,2.7436153888702393,0.11031055450439453,2.566744565963745,0.029222525656223297,2.0004642009735107,-0.011278095655143261,1.5129445791244507,-0.036827247589826584,1.3703393936157227,-0.07680197805166245,1.5341581106185913,-0.016761712729930878,1.3114311695098877,-0.08112984895706177,1.596911072731018,0.047254979610443115,1.5613917112350464,0.037821050733327866,1.2784245014190674,-0.0430419035255909,1.3524562120437622,0.1626381129026413,3.892953872680664,-0.06793547421693802,2.242741584777832,-0.029285933822393417,1.4868017435073853,-0.00913738552480936,1.3851076364517212,0.008730052970349789,1.0947304964065552,0.006331346929073334,0.7125734090805054,0.015965310856699944,0.8581655025482178,0.0033650968689471483,0.7534415125846863,0.009275845251977444,0.7343738079071045,-0.019644062966108322,0.7955265641212463,-0.009785919450223446,0.800494909286499,0.04656626284122467,0.7997661828994751,-0.004233969375491142,0.6394582986831665,0.6424835324287415,0.21339724957942963,0.49348002672195435,0.18512238562107086,0.42969852685928345,0.21216031908988953,0.31641992926597595,0.17297060787677765,0.3243619203567505,0.1608729064464569,0.45766347646713257,0.2074354588985443,0.482127845287323,0.22240470349788666,0.5084946155548096,0.2006274312734604,0.6725637316703796,0.21509267389774323,0.7733278870582581,0.20159336924552917,0.8036659359931946,0.20926496386528015,0.7499043345451355,0.2114710956811905,0.15929266810417175,0.031496234238147736,2225.694724971223,608.5277002205238,2949.4443905795024,428.7681315591045,0.04292915962837838,0.020900391760304525,143.5546875
bohemian,96,116,20,none,"surprise, frown",3,-287.4244689941406,100.13150787353516,158.09286499023438,28.908689498901367,-1.1977354288101196,30.615449905395508,28.425975799560547,32.83376693725586,13.705718994140625,18.720590591430664,12.585693359375,15.521004676818848,-2.3154807090759277,13.060208320617676,8.02405071258545,10.55293083190918,6.134315490722656,7.843599796295166,0.785281240940094,11.96306037902832,3.3378078937530518,10.53136157989502,7.918211460113525,8.496651649475098,4.839962959289551,9.223136901855469,-0.04114137962460518,5.118088245391846,0.00792627688497305,2.861055612564087,0.010562916286289692,1.9585098028182983,0.01838330738246441,1.7613368034362793,0.013774179853498936,1.4311981201171875,-0.0007271348731592298,1.3619143962860107,0.0027093582320958376,1.2825640439987183,0.004409546498209238,1.0312086343765259,-0.0010223123244941235,1.0180314779281616,0.02556072175502777,0.9664254784584045,-0.003390280529856682,0.8928950428962708,-0.02140556089580059,0.9757182002067566,0.012350535951554775,0.9111056327819824,-0.0066405292600393295,2.2576146125793457,-0.0060876719653606415,1.27944815158844,0.007210079580545425,0.9806652069091797,-0.00440196692943573,0.819187581539154,0.003302776487544179,0.70862877368927,0.000666766834910959,0.6996845602989197,0.0011924972059205174,0.6371057629585266,0.0019120363285765052,0.5557425022125244,-0.0007228387985378504,0.5196369290351868,-0.005304891616106033,0.5001974105834961,0.001138704246841371,0.4737739562988281,0.002792538609355688,0.5257439017295837,0.004330195486545563,0.4745158851146698,0.43107089400291443,0.3299601972103119,0.38783887028694153,0.268510103225708,0.42353755235671997,0.2624189853668213,0.4864584803581238,0.35135430097579956,0.32158300280570984,0.2056182622909546,0.3768576979637146,0.3084169626235962,0.32730287313461304,0.20755840837955475,0.4083542823791504,0.30098721385002136,0.4162713885307312,0.30354976654052734,0.49742111563682556,0.33495765924453735,0.5912832021713257,0.3646072447299957,0.49683642387390137,0.33424481749534607,0.08055897057056427,0.05689769238233566,1882.4452343938563,939.1101486896454,3024.489558360018,744.4665437647184,0.033586835280034824,0.027395389515401828,69.83741554054055
bohemian,116,137,21,nod,frown,2,-204.4434356689453,56.592227935791016,144.9044189453125,22.760089874267578,-23.589452743530273,19.034305572509766,49.725982666015625,16.968162536621094,-3.1986870765686035,13.609015464782715,24.397375106811523,10.190959930419922,-4.272706031799316,12.077980041503906,13.734931945800781,8.91076946258545,7.42825174331665,8.120593070983887,3.816211462020874,9.091582298278809,8.23597526550293,9.060563087463379,9.341925621032715,8.137434005737305,3.6187334060668945,8.052770614624023,0.08577834069728851,7.592396259307861,-0.00885468628257513,3.3433640003204346,-0.017912181094288826,2.355731248855591,-0.0011071752524003386,2.003268241882324,-0.024067910388112068,2.0163888931274414,0.01756838895380497,1.4685202836990356,-0.0021523465402424335,1.4939324855804443,0.0022900181356817484,1.299027442932129,-0.010365722700953484,1.2433189153671265,0.005222314037382603,1.322682499885559,0.0016797409625723958,1.169567346572876,0.009066165424883366,1.0677932500839233,-0.007992132566869259,0.9809824228286743,-0.0074664573185145855,3.2774386405944824,0.005643418524414301,1.5666712522506714,0.0006717083160765469,1.1492910385131836,-0.003253281582146883,0.9658199548721313,0.0015458649722859263,0.9079971313476562,-0.004622871987521648,0.7671785354614258,0.0027468774933367968,0.7650901079177856,0.0010377905564382672,0.6908949017524719,0.0045276544988155365,0.6727108359336853,-0.0015384884318336844,0.7058557271957397,-0.0016068695113062859,0.6620497107505798,-0.000985870836302638,0.6171077489852905,-0.0029051490128040314,0.5566139817237854,0.46140167117118835,0.35555317997932434,0.410192608833313,0.2961793839931488,0.4084680378437042,0.3009060323238373,0.34024667739868164,0.27376148104667664,0.3047037720680237,0.2469775676727295,0.3581767678260803,0.3371855318546295,0.34890177845954895,0.24545937776565552,0.5356979370117188,0.3548329472541809,0.40207746624946594,0.24796654284000397,0.42271357774734497,0.3162543475627899,0.46662458777427673,0.327706903219223,0.4466581344604492,0.30992385745048523,0.11034051328897476,0.05118033289909363,2414.6692928440752,866.9695217058785,3275.4627316529377,437.2792711226398,0.0415997270591487,0.033221996682553906,143.5546875
bohemian,137,144,7,none,disgust,3,-121.32320404052734,43.0152702331543,152.23098754882812,28.329532623291016,-48.233482360839844,16.461111068725586,57.83644104003906,11.768548011779785,-5.586424827575684,14.665769577026367,18.511646270751953,7.750801086425781,-4.127778053283691,10.369220733642578,16.36500358581543,12.073014259338379,2.3498318195343018,7.260919570922852,-3.739454507827759,12.66334342956543,3.0368378162384033,7.837608814239502,6.00352144241333,6.213709831237793,-0.9449464678764343,8.913518905639648,-0.031958598643541336,5.402838706970215,-0.01042171847075224,2.601973295211792,0.012137440033257008,1.6755611896514893,0.005523632746189833,1.4327443838119507,0.00013319493154995143,1.5053671598434448,-0.057140570133924484,1.062835931777954,-0.04400436580181122,1.0410321950912476,0.008847796358168125,1.0492807626724243,0.0035594794899225235,1.0310096740722656,-0.062084369361400604,1.0211706161499023,0.0038174206856638193,1.0240578651428223,-0.008768034167587757,0.8402916193008423,-0.0070390827022492886,0.9360294342041016,0.011482139118015766,2.460202932357788,0.0056227692402899265,1.2492824792861938,0.009187258780002594,0.7217900156974792,-0.017641112208366394,0.7193490862846375,-0.0050145769491791725,0.7678657174110413,-0.008667604066431522,0.5936793088912964,0.006215033587068319,0.6194220185279846,-0.007473144680261612,0.5418538451194763,0.010332395322620869,0.5830982327461243,0.006709206383675337,0.5579673051834106,-0.009082037024199963,0.5336973071098328,-0.012229539453983307,0.5215269923210144,-0.0038381065241992474,0.5214608311653137,0.39578619599342346,0.26983642578125,0.4777054786682129,0.2553832232952118,0.6282393932342529,0.2592671513557434,0.7083387970924377,0.3005554676055908,0.5306130051612854,0.27382177114486694,0.4119632840156555,0.25725996494293213,0.3593187630176544,0.22376719117164612,0.4457012414932251,0.2900920808315277,0.3675467371940613,0.2802974283695221,0.42960813641548157,0.31421780586242676,0.4436275064945221,0.2909979522228241,0.38503018021583557,0.2516254782676697,0.17796525359153748,0.059402771294116974,2650.037280416207,762.3925542854918,2959.1707735643067,474.9222775551654,0.06376159566749585,0.03020866971544224,143.5546875
bohemian,144,165,21,nod,"frown, sad",3,-122.39056396484375,47.38724136352539,159.89120483398438,19.957786560058594,-45.54168701171875,17.733217239379883,56.0800666809082,14.083331108093262,-9.15699291229248,12.24160099029541,21.230636596679688,11.86555290222168,-2.4538867473602295,8.919042587280273,15.704351425170898,8.872993469238281,2.732740879058838,6.518687725067139,-7.179906845092773,11.286572456359863,-1.4573462009429932,7.926635265350342,-2.832533121109009,10.209920883178711,-2.946228265762329,6.865838527679443,0.012122341431677341,4.621950626373291,0.006851213984191418,2.323761463165283,-0.022834284231066704,1.9318772554397583,0.016239166259765625,1.6057453155517578,0.021440720185637474,1.4847182035446167,0.009897982701659203,1.247458815574646,0.010220282711088657,1.10306978225708,-0.0077471924014389515,1.1317580938339233,0.0007795256678946316,0.9928784370422363,0.016084669157862663,1.2728345394134521,-0.009424800053238869,0.9878407716751099,-0.0033273270819336176,0.9859408140182495,-0.00038994234637357295,0.9524350762367249,0.005528251640498638,2.1538658142089844,-0.005778558552265167,1.1816110610961914,0.005609656684100628,1.0266313552856445,-0.00494822533801198,0.8510111570358276,0.0031300850678235292,0.7500105500221252,-0.0023024934343993664,0.6530378460884094,0.006364571861922741,0.6190052628517151,-6.621763168368489e-05,0.6293302774429321,0.0020586776081472635,0.6260335445404053,0.0004986366839148104,0.6563963294029236,0.0008961958228610456,0.5921319127082825,-0.0017470885068178177,0.6104701161384583,0.0006449661450460553,0.5786429643630981,0.4216635823249817,0.3341202139854431,0.33920013904571533,0.2342728078365326,0.46988460421562195,0.3053995966911316,0.5088708996772766,0.3096674382686615,0.4053705930709839,0.2532401382923126,0.42019179463386536,0.3254116177558899,0.33922603726387024,0.22202610969543457,0.44463634490966797,0.30604252219200134,0.4179702401161194,0.2945672869682312,0.31935951113700867,0.2594226598739624,0.35271599888801575,0.3008139133453369,0.36214908957481384,0.25923869013786316,0.18266770243644714,0.061548247933387756,2441.6081075602747,585.8242838029978,2876.4646144398766,433.65684672938085,0.06064026654919845,0.02214136940484718,143.5546875
bohemian,165,182,17,sway,smile,3,-127.61312866210938,38.51423645019531,166.37347412109375,23.97176170349121,-57.55795669555664,10.34256649017334,54.45500564575195,16.478763580322266,-4.952864646911621,14.887835502624512,20.277185440063477,9.821813583374023,4.010218143463135,7.130706310272217,13.104796409606934,8.670363426208496,0.680461585521698,7.047107696533203,0.643460214138031,8.780436515808105,4.358717918395996,7.3396453857421875,2.0713658332824707,7.481724739074707,1.1144059896469116,7.794826984405518,0.042881838977336884,4.779052734375,-0.010924290865659714,2.3363518714904785,0.018961280584335327,1.8081634044647217,-0.009534303098917007,1.6799938678741455,-0.039226531982421875,1.5368448495864868,0.007717965170741081,1.4097355604171753,0.0015043714083731174,1.0587526559829712,0.004310262389481068,1.1272234916687012,-0.004369111265987158,1.014473557472229,0.0032639787532389164,1.1523215770721436,-0.0010764197213575244,1.0699728727340698,0.0005263797356747091,1.0145775079727173,-0.00043903259211219847,0.9891008734703064,-0.0015304919797927141,2.297071695327759,-0.005333530716598034,1.331196665763855,0.008591951802372932,1.1943663358688354,-0.010092453099787235,0.983564019203186,0.0061915661208331585,0.8149557113647461,-0.004906536545604467,0.7518536448478699,0.0024872170761227608,0.6150450706481934,-0.0016312198713421822,0.6405712962150574,0.00367018673568964,0.6098670959472656,-0.0014857022324576974,0.6694956421852112,-0.00020476209465414286,0.6342625617980957,-0.0033149435184895992,0.6398136615753174,-0.003025963669642806,0.6170427799224854,0.4326622188091278,0.2887239456176758,0.4156690239906311,0.27341127395629883,0.43793267011642456,0.32514476776123047,0.416178435087204,0.3431841731071472,0.3626441955566406,0.2767425775527954,0.38842707872390747,0.3472289741039276,0.2801981270313263,0.2008506804704666,0.35541996359825134,0.2949497103691101,0.35769644379615784,0.27731677889823914,0.31451934576034546,0.2414250373840332,0.33939996361732483,0.2855965495109558,0.35220450162887573,0.2507774829864502,0.17085592448711395,0.04406442493200302,2400.2909677605526,564.5150948111285,2672.99154943026,405.00921199440563,0.06574732028583617,0.019419982654720447,139.6748310810811
bohemian,182,195,13,nod,smile,3,-253.4666290283203,138.88571166992188,134.59364318847656,50.567481994628906,-30.52294921875,33.68365478515625,26.962276458740234,30.254777908325195,-5.817654609680176,20.504718780517578,5.016803741455078,17.388715744018555,-16.310781478881836,17.832359313964844,5.366775035858154,11.983879089355469,2.97955584526062,9.805824279785156,-15.589362144470215,15.723968505859375,-6.377197742462158,9.100545883178711,-0.9141854643821716,9.015839576721191,-7.726161479949951,9.425812721252441,0.006614862009882927,11.875646591186523,0.04398609697818756,8.03750228881836,-0.017543485388159752,3.9092633724212646,-0.007596703711897135,2.8335065841674805,0.023266660049557686,2.9653172492980957,-0.019694682210683823,2.3164148330688477,-0.031907640397548676,2.5109901428222656,-0.022528061643242836,1.925658941268921,-0.008424036204814911,1.7086442708969116,-0.012202772311866283,1.8836957216262817,0.011064792983233929,1.4623827934265137,0.004630806390196085,1.2782871723175049,-0.004615771118551493,1.282755732536316,-0.007467361632734537,5.061242580413818,-0.005617276765406132,3.174854278564453,0.004489095415920019,1.7226111888885498,-0.005577669013291597,1.3835397958755493,0.010425965301692486,1.3861161470413208,-0.0019276897655799985,1.0345286130905151,0.0003234254545532167,1.1424592733383179,-0.0024940972216427326,0.968644917011261,0.004404416307806969,0.9229666590690613,-0.0035043524112552404,0.9041318297386169,0.002017283346503973,0.7991104125976562,-0.007618958596140146,0.689969539642334,-0.001811976544559002,0.7177122235298157,0.3894385099411011,0.2342698723077774,0.6827872395515442,0.33112597465515137,0.4209499955177307,0.24346034228801727,0.33747777342796326,0.2767772078514099,0.3990665674209595,0.2766140103340149,0.3265617787837982,0.2700510025024414,0.29567861557006836,0.28455808758735657,0.3372684419155121,0.32145047187805176,0.38649922609329224,0.27617505192756653,0.4050081670284271,0.2755345106124878,0.31086575984954834,0.2403390258550644,0.2929351329803467,0.26271721720695496,0.0844535082578659,0.0827799141407013,3056.5099634596695,1635.579357883004,3379.494414405173,1307.373172801085,0.07803562709263392,0.06065606582160241,143.5546875
bohemian,195,200,5,sway,smile,3,-196.32960510253906,72.6651840209961,122.49658966064453,39.4107551574707,-81.84455108642578,20.71544647216797,26.327558517456055,29.76910400390625,-10.7732572555542,27.082748413085938,3.1854398250579834,14.891651153564453,-21.936342239379883,15.541637420654297,0.5660053491592407,9.309688568115234,2.54622220993042,9.759953498840332,-7.403628349304199,10.765316009521484,-4.1447343826293945,10.096508026123047,7.8817548751831055,8.697206497192383,0.9561570882797241,13.758829116821289,-0.20573371648788452,7.39019250869751,-0.010118608362972736,3.6870691776275635,-0.017445359379053116,2.51179838180542,-0.04981926083564758,2.3761982917785645,0.030969163402915,2.619715690612793,-0.0346350260078907,1.9544403553009033,0.014275835826992989,1.9388911724090576,-0.05783645436167717,1.5609902143478394,-0.016687927767634392,1.7776814699172974,0.04759686440229416,1.719705581665039,-0.04531379044055939,1.2566970586776733,-0.04753952845931053,1.5545461177825928,-0.02914765104651451,1.628690481185913,0.031617362052202225,2.7472991943359375,-0.04543575644493103,1.7582802772521973,0.030855603516101837,1.2204737663269043,-0.015905188396573067,1.1352205276489258,-0.020816873759031296,1.060734510421753,-0.02969561330974102,0.8816931843757629,0.014613927341997623,0.9809067845344543,-0.0005146865150891244,0.9588619470596313,-0.012172342278063297,0.9980151057243347,-0.019638415426015854,0.8913077116012573,0.0026806131936609745,0.7279896140098572,-0.007887355983257294,0.8156678080558777,-0.012363438494503498,0.9080758690834045,0.24491432309150696,0.26496031880378723,0.23864133656024933,0.20428982377052307,0.21477077901363373,0.2212490737438202,0.3794116973876953,0.2864483892917633,0.633137583732605,0.33899587392807007,0.452813982963562,0.2808247208595276,0.2329355776309967,0.24688029289245605,0.212958425283432,0.2356140911579132,0.36129030585289,0.3141534924507141,0.5110898613929749,0.35633596777915955,0.41045084595680237,0.3219044804573059,0.2764485478401184,0.2642534077167511,0.0988510474562645,0.0654376894235611,3125.0865935777724,750.5866399126045,2769.903808012341,441.6030396775792,0.0966955481438515,0.028641790544129343,161.4990234375
bohemian,200,204,4,none,surprise,3,-176.2001495361328,48.6708984375,137.57516479492188,35.516597747802734,-52.62569046020508,20.834077835083008,22.34980010986328,10.755640029907227,-48.222496032714844,25.180761337280273,-11.678160667419434,11.31064510345459,-43.51508331298828,14.600127220153809,15.622117042541504,13.22111988067627,-0.5107945799827576,8.84631633758545,-22.662471771240234,12.184776306152344,-12.38882064819336,9.741393089294434,-2.6445815563201904,9.251910209655762,-13.724918365478516,7.190748691558838,-0.006232220213860273,6.319900035858154,-0.046138543635606766,3.313302755355835,0.06406662613153458,2.38565731048584,-0.06260594725608826,1.824579119682312,-0.14193037152290344,1.8990322351455688,0.056814856827259064,1.785566806793213,-0.04442603513598442,1.6138886213302612,0.06483034789562225,1.4150971174240112,0.045326367020606995,1.3217653036117554,-0.0645139142870903,1.49198579788208,-0.053234267979860306,1.1465506553649902,0.05029504746198654,1.2237492799758911,0.02379440888762474,1.3272525072097778,0.1283060908317566,3.5024516582489014,-0.011705744080245495,1.9429415464401245,0.009859289973974228,1.2674696445465088,-0.029154902324080467,0.8837959170341492,0.000567832903470844,0.9358851313591003,0.01738930121064186,0.9702889919281006,0.04895725101232529,0.8820030093193054,0.00513048330321908,0.7495713829994202,-0.036741554737091064,0.9233441948890686,0.0038364084903150797,0.8757051229476929,0.026743963360786438,0.7571134567260742,0.020351005718111992,0.7959335446357727,0.015468116849660873,0.7046226263046265,0.41612866520881653,0.34965240955352783,0.2712879180908203,0.21252036094665527,0.386357843875885,0.30692604184150696,0.3298233151435852,0.2900601625442505,0.1909242421388626,0.20359575748443604,0.2814273536205292,0.25590798258781433,0.23802326619625092,0.18019478023052216,0.36814865469932556,0.3153323233127594,0.1741432100534439,0.16804546117782593,0.25834283232688904,0.2157345712184906,0.7001442909240723,0.31050077080726624,0.47098463773727417,0.2887159287929535,0.12283045798540115,0.04593696445226669,2776.933480079818,687.65993271381,3106.4224108250846,459.29377725936916,0.06454795063405797,0.016949821621776197,151.99908088235293
bohemian,204,230,26,nod,"smile, frown",3,-174.39439392089844,120.16499328613281,143.7911376953125,35.1646728515625,-42.66717529296875,27.6676025390625,41.37668228149414,25.672992706298828,-10.360305786132812,24.113157272338867,9.476737976074219,16.555917739868164,-12.359984397888184,11.208894729614258,8.321372032165527,12.396026611328125,-0.8070389628410339,9.710576057434082,-7.711078643798828,9.970372200012207,-2.6682887077331543,8.89755916595459,1.158590316772461,7.89117431640625,0.8360787630081177,8.848562240600586,0.04514225199818611,10.279717445373535,-0.028108011931180954,5.100785732269287,-0.011664366349577904,3.195216178894043,0.015154211781919003,2.300041437149048,-0.02059299685060978,2.756378650665283,-0.014293096959590912,1.9576917886734009,0.007983846589922905,1.8315643072128296,0.022083714604377747,1.5800575017929077,0.0023986396845430136,1.4791239500045776,0.00597411161288619,1.4996776580810547,0.0027265786193311214,1.2551913261413574,-0.007843531668186188,1.249891996383667,-0.0043315947987139225,1.2134101390838623,-0.0013757263077422976,4.56056022644043,-0.0021801989059895277,2.1031954288482666,0.014715020544826984,1.612419605255127,0.0017353877192363143,1.0604649782180786,-0.005234436597675085,1.2676937580108643,-0.0018017461989074945,0.9403688311576843,0.007423716597259045,1.0443284511566162,-0.0012830812484025955,0.8999271392822266,0.001430685631930828,0.7699224352836609,0.0023517117369920015,0.8329159021377563,0.004886300303041935,0.7226867079734802,0.003296907991170883,0.7113066911697388,0.004388405475765467,0.706368088722229,0.3341532051563263,0.2748599946498871,0.3389577865600586,0.2584666907787323,0.4455978572368622,0.2760460674762726,0.578263521194458,0.33478114008903503,0.47273609042167664,0.2746051549911499,0.44757264852523804,0.31963813304901123,0.36551138758659363,0.27483895421028137,0.34571734070777893,0.27327466011047363,0.3536030948162079,0.2598390579223633,0.4490996301174164,0.2836470901966095,0.5624861717224121,0.3190551698207855,0.4506606161594391,0.28995007276535034,0.12574854493141174,0.07733285427093506,2809.889930971364,983.9908824811025,3134.078982064585,720.4352110416393,0.067352294921875,0.036187151328707645,151.99908088235293
bohemian,230,237,7,none,"surprise, frown",3,-120.06200408935547,74.18502807617188,139.85667419433594,29.455556869506836,-58.665863037109375,18.67216682434082,42.56149673461914,27.213998794555664,-21.093143463134766,25.224796295166016,4.470707416534424,15.885324478149414,-22.026342391967773,18.496509552001953,22.993234634399414,11.84414005279541,4.450058937072754,8.660513877868652,-7.180140018463135,8.089421272277832,-1.3812552690505981,8.173105239868164,4.258330821990967,8.04804515838623,-0.6939563751220703,10.594718933105469,0.028928108513355255,10.026662826538086,0.09463172405958176,2.840210199356079,0.056436341255903244,2.7621381282806396,0.13062383234500885,2.947730302810669,0.019910110160708427,2.714204788208008,0.019372306764125824,2.1522226333618164,0.03852719068527222,1.9343777894973755,-0.01440252736210823,1.4889627695083618,-0.009037606418132782,1.4214677810668945,0.029158540070056915,1.138716459274292,-0.00438312441110611,1.3510359525680542,-0.013500326313078403,1.2936110496520996,0.016398197039961815,1.5468311309814453,-0.013788941316306591,4.466729640960693,-0.02894311398267746,1.3622872829437256,0.008763528428971767,1.3433665037155151,-0.014122743159532547,1.2221320867538452,0.020918535068631172,1.1440653800964355,-0.00039393233601003885,1.0233722925186157,0.020665865391492844,1.0932706594467163,-0.0004387388180475682,0.8431079983711243,0.0032044595573097467,0.9215625524520874,-0.002748161554336548,0.7440407872200012,-0.0023074657656252384,0.8212487697601318,2.584963476692792e-05,0.7981287240982056,0.010791277512907982,0.7504240870475769,0.3573477864265442,0.24535655975341797,0.5869222283363342,0.32799193263053894,0.5050459504127502,0.2669385075569153,0.40084198117256165,0.3210241496562958,0.3860726058483124,0.2848735749721527,0.4226715564727783,0.28868088126182556,0.3516025245189667,0.2598593533039093,0.2726195156574249,0.23114006221294403,0.352266401052475,0.26032572984695435,0.44657278060913086,0.2630055844783783,0.6012524366378784,0.29054221510887146,0.4073486328125,0.24669285118579865,0.17439904808998108,0.07609546929597855,2890.454914872224,493.85394088814394,3055.0638592220334,365.8514551353273,0.0738397854477612,0.020608406833287234,156.60511363636363
bohemian,237,246,9,nod,big smile,3,-96.69087219238281,49.627296447753906,162.97544860839844,22.945968627929688,-49.03958511352539,15.617664337158203,67.9942626953125,17.60289764404297,-5.536707878112793,20.059444427490234,15.57089900970459,11.631057739257812,-8.271431922912598,10.024197578430176,9.737127304077148,10.803407669067383,-2.973726272583008,7.2836408615112305,-3.285625457763672,7.6930999755859375,2.9470832347869873,6.989723205566406,1.4667487144470215,7.825668811798096,-1.4973533153533936,8.026629447937012,0.07156439125537872,7.810161113739014,0.07212361693382263,3.320411443710327,0.008855482563376427,2.1856956481933594,-0.03578583151102066,1.8215962648391724,0.010283811017870903,2.258411169052124,-0.010117322206497192,1.5585458278656006,-0.03076617792248726,1.3260987997055054,-0.014768685214221478,1.2507778406143188,-0.006570465862751007,1.1101946830749512,0.010907883755862713,1.0171442031860352,0.012951415963470936,0.9584460258483887,0.005401805508881807,0.9601954817771912,-0.018489576876163483,1.0054751634597778,0.000583549146540463,3.192460536956787,-0.010082882829010487,1.6116700172424316,0.021887224167585373,1.0002546310424805,-0.024243388324975967,0.8839039206504822,0.011645390652120113,1.0163081884384155,-0.010270013473927975,0.8151835203170776,0.0019974426832050085,0.7267673015594482,-0.013417194597423077,0.6735422611236572,0.005438307300209999,0.6691954135894775,0.002739837160333991,0.6656408905982971,0.002211203332990408,0.598190426826477,9.556591248838231e-05,0.6092502474784851,-0.010691488161683083,0.6436203718185425,0.3948339819908142,0.256867915391922,0.3738609850406647,0.20786310732364655,0.5475656390190125,0.3117387890815735,0.47869712114334106,0.30032074451446533,0.40594732761383057,0.22858034074306488,0.5256140828132629,0.2922486960887909,0.4413127601146698,0.22570911049842834,0.4010184109210968,0.27290913462638855,0.4375300407409668,0.260215163230896,0.49841198325157166,0.25439026951789856,0.6090878248214722,0.30668947100639343,0.5175397992134094,0.27095335721969604,0.22494381666183472,0.07234744727611542,2456.8495580281,703.786477922462,2801.7678545484596,370.9579979995703,0.05805009664948454,0.026883689235557805,147.65625
bohemian,246,255,9,sway,big smile,4,-79.52200317382812,37.30056381225586,137.9663848876953,26.43021011352539,-34.38698959350586,15.63403034210205,59.98841094970703,12.165382385253906,1.2969297170639038,9.87425708770752,22.309419631958008,9.134662628173828,-12.6405668258667,8.068360328674316,15.634910583496094,8.896424293518066,-0.6650257706642151,6.803943157196045,9.912005424499512,7.009134769439697,4.01406717300415,6.841304302215576,8.782766342163086,6.8513569831848145,2.5069656372070312,5.6719560623168945,0.010152433067560196,6.604682922363281,-0.009897989220917225,4.110223770141602,-0.00907962303608656,2.3450307846069336,-0.006661891937255859,1.6620944738388062,-0.011022606864571571,1.4305624961853027,0.008575043641030788,1.5676878690719604,0.03512924909591675,1.3390140533447266,0.03942999243736267,1.228541612625122,0.024524018168449402,1.1522129774093628,0.004534904379397631,1.2762473821640015,-0.008715146221220493,1.1666953563690186,0.020812422037124634,0.9963356256484985,0.018123002722859383,0.966793954372406,-0.009044584818184376,3.0558841228485107,-0.03197769820690155,1.7684699296951294,0.02688959427177906,1.3302255868911743,-0.02918822504580021,0.8842258453369141,0.016931384801864624,0.8164709806442261,-0.022220704704523087,0.8606131672859192,-0.002400751458480954,0.737517774105072,-0.003371482715010643,0.6782015562057495,0.001118633896112442,0.6226818561553955,-0.0045278943143785,0.7218726873397827,-0.00606295233592391,0.6473775506019592,-0.012366175651550293,0.5824152827262878,-0.013459667563438416,0.6224386692047119,0.531170666217804,0.2784964442253113,0.5094467401504517,0.219670370221138,0.6339729428291321,0.24614231288433075,0.6857554912567139,0.28092530369758606,0.6015201210975647,0.24835442006587982,0.5677344799041748,0.2532595992088318,0.4531519114971161,0.20553334057331085,0.4423932731151581,0.22789932787418365,0.495761901140213,0.25704923272132874,0.5461984276771545,0.25603851675987244,0.6330828070640564,0.2750748097896576,0.5815058946609497,0.25014346837997437,0.23433458805084229,0.06800760328769684,2912.319363858972,784.7706931680747,3458.897508412292,635.5287522995161,0.05640592280122423,0.023852587043865517,139.6748310810811
bohemian,255,270,15,nod,big smile,5,-57.303138732910156,28.002248764038086,126.29371643066406,18.03580093383789,-43.3425407409668,14.572031021118164,56.211952209472656,12.516945838928223,-4.374470233917236,11.812390327453613,23.546096801757812,8.263500213623047,-15.048572540283203,8.789570808410645,19.74053192138672,7.820644378662109,1.6353368759155273,6.040773391723633,10.008936882019043,7.324130058288574,3.3435356616973877,6.229868412017822,11.647408485412598,6.5417704582214355,-1.360535979270935,6.37835168838501,0.011189239099621773,4.8743767738342285,-0.013177337124943733,3.0365231037139893,0.013440817594528198,2.202014684677124,0.012107303366065025,1.5777299404144287,0.0009292493341490626,1.4762680530548096,0.015046701766550541,1.3926173448562622,-0.01798090897500515,1.3213263750076294,-0.009552846662700176,1.1309199333190918,-0.02315528877079487,0.988227367401123,-0.003101250622421503,1.1690943241119385,-0.011090599000453949,1.0737941265106201,0.002936860080808401,1.0513352155685425,-0.02389657497406006,0.9342251420021057,0.023255672305822372,2.298008441925049,-0.013526941649615765,1.5529218912124634,0.01957349292933941,1.2688146829605103,-0.013528955169022083,0.833221971988678,0.014955194666981697,0.7691184878349304,-0.004611062351614237,0.765156626701355,0.006445663049817085,0.7142171263694763,-0.007059358526021242,0.6015172004699707,-0.0038437393959611654,0.5746166110038757,-0.002155053662136197,0.6986656188964844,-3.902056050719693e-05,0.6419305205345154,0.0013210067991167307,0.5935738682746887,0.00212872214615345,0.5521447062492371,0.5130025744438171,0.26463252305984497,0.4436110854148865,0.2392171174287796,0.49649283289909363,0.24080799520015717,0.5696619153022766,0.30595114827156067,0.47472596168518066,0.24216800928115845,0.5208307504653931,0.27029547095298767,0.41910579800605774,0.2121681571006775,0.47635596990585327,0.2509956657886505,0.5689303278923035,0.25013411045074463,0.5823048949241638,0.252939909696579,0.6166032552719116,0.2971252501010895,0.5607724189758301,0.2623821794986725,0.2257990837097168,0.05979575589299202,3328.909697034921,633.0370120446885,3548.464208724613,435.48156675864345,0.07874026460913312,0.027747255246960992,139.6748310810811
bohemian,270,285,15,shake,"smile, frown",4,-61.37281036376953,24.67955780029297,136.91558837890625,22.228670120239258,-40.40027618408203,13.295373916625977,49.70387649536133,15.180244445800781,-7.4828314781188965,9.85372257232666,25.52260398864746,7.0714616775512695,-11.855962753295898,8.76476001739502,19.73247718811035,8.08733081817627,-2.254812240600586,7.269998550415039,8.458319664001465,6.83528470993042,0.221815288066864,6.569360733032227,10.507561683654785,5.931768417358398,-0.49048328399658203,5.887872219085693,-0.021310750395059586,4.444040775299072,0.0034535322338342667,3.638767957687378,0.010891289450228214,2.1457858085632324,-0.020148787647485733,1.7213256359100342,-0.027770714834332466,1.507214069366455,-0.013062759302556515,1.2626556158065796,0.0035244824830442667,1.246864914894104,0.0053913528099656105,1.0888675451278687,0.0019911155104637146,0.9936180710792542,0.0035816493909806013,1.1309127807617188,0.0021329261362552643,1.0883883237838745,-0.0033229077234864235,1.0330753326416016,-0.0028828689828515053,0.9873953461647034,-0.005971837788820267,2.1048595905303955,-0.001233633141964674,1.5937724113464355,0.0046837665140628815,1.224107265472412,-0.0036303207743912935,0.8629518747329712,0.0007500015781261027,0.7868840098381042,-0.0051128678023815155,0.7389392852783203,-0.002392289461567998,0.6776207685470581,-0.002203671494498849,0.6464082598686218,-0.00216084741987288,0.602382242679596,-0.0028189874719828367,0.6428332328796387,-0.002479808172211051,0.6466434001922607,-0.0036269836127758026,0.6101378798484802,-0.0003066107165068388,0.6312978267669678,0.5656731128692627,0.28433865308761597,0.498467355966568,0.23196907341480255,0.5236978530883789,0.2398238182067871,0.5939332246780396,0.29866528511047363,0.5555704236030579,0.25140127539634705,0.581649661064148,0.2782925069332123,0.46155405044555664,0.22019094228744507,0.46589046716690063,0.24593204259872437,0.46627897024154663,0.2379632592201233,0.4850400686264038,0.23760391771793365,0.5377223491668701,0.2695884704589844,0.5527022480964661,0.25848445296287537,0.219463050365448,0.04941144213080406,3071.2377120030933,729.3726036015364,3479.2213994020367,450.22537247691656,0.06903170653541021,0.029157439189714297,139.6748310810811
bohemian,285,295,10,none,frown,3,-139.29190063476562,56.278564453125,197.0903778076172,26.286510467529297,-66.0943603515625,16.27524757385254,29.923250198364258,16.543426513671875,11.983906745910645,19.13826560974121,0.4560796022415161,15.002105712890625,-1.8750653266906738,6.5537614822387695,0.5518224835395813,7.5118794441223145,-4.154214859008789,5.67911958694458,-6.719967842102051,6.768757343292236,-1.0643596649169922,5.318049430847168,-0.772913932800293,5.383634567260742,-3.6272470951080322,5.381080150604248,0.05545676499605179,3.826432943344116,0.014420020394027233,2.0090606212615967,-0.01419809553772211,1.5840868949890137,0.04582748934626579,1.769543170928955,0.02278693951666355,1.529276967048645,0.006671195384114981,1.3152565956115723,0.011449442245066166,0.9800604581832886,-0.0033309543505311012,1.0136744976043701,0.010231155902147293,0.8809378147125244,-0.005429218523204327,0.8603764176368713,-0.0020977479871362448,0.8747199773788452,-0.004114453215152025,0.7541118264198303,0.01265726424753666,0.8673696517944336,-0.007040439639240503,1.6294838190078735,-0.00817036721855402,0.8650906085968018,0.009035363793373108,0.8268601894378662,-0.015802057459950447,0.8683085441589355,0.004303759429603815,0.800453245639801,-0.014915831387043,0.6843593120574951,0.00947295967489481,0.5833358764648438,-0.012780269607901573,0.6016428470611572,0.001056898501701653,0.54253751039505,-0.0032196829561144114,0.5514062643051147,0.004115366376936436,0.5432310104370117,-0.004792806226760149,0.48270294070243835,-0.009670580737292767,0.5204192399978638,0.35308516025543213,0.21669936180114746,0.27340468764305115,0.21107664704322815,0.32867488265037537,0.2430514097213745,0.3488251864910126,0.27794158458709717,0.37117037177085876,0.24290412664413452,0.5059865713119507,0.2926035523414612,0.39501118659973145,0.2120150923728943,0.3738316595554352,0.254944771528244,0.45071616768836975,0.24168024957180023,0.5589240789413452,0.23259985446929932,0.7122220993041992,0.3025294542312622,0.5780768990516663,0.2544191777706146,0.1602037400007248,0.05299144983291626,1979.9434977145531,563.0471074601775,2242.7343877752514,415.6396454635586,0.0539573439312645,0.020443280348917833,143.5546875
bohemian,295,320,25,nod,smile,3,-178.16751098632812,95.2406234741211,153.87872314453125,23.641950607299805,-31.02384376525879,20.23942756652832,47.1142692565918,16.236343383789062,-1.8900243043899536,20.559110641479492,8.77934741973877,14.586222648620605,-7.521855354309082,13.883901596069336,5.590397834777832,11.077376365661621,-1.0321816205978394,10.76752758026123,-1.5452489852905273,11.718615531921387,1.972038745880127,10.58106517791748,5.0613603591918945,9.35640811920166,1.0313143730163574,7.209926605224609,-0.1305888295173645,4.261840343475342,0.0023323793429881334,2.4749343395233154,0.012975407764315605,1.7529404163360596,-0.02937568724155426,1.7138718366622925,0.007880321703851223,1.6489924192428589,-0.0068963379599153996,1.4160981178283691,-0.008847886696457863,1.242925763130188,-0.008054547011852264,0.9933969974517822,0.004092130344361067,1.0793310403823853,-0.0071170749142766,1.1739181280136108,-0.003973713610321283,0.9951738715171814,-0.004034583922475576,1.0597660541534424,-0.010808296501636505,0.932727575302124,0.004834502469748259,1.8625578880310059,-0.004765424411743879,1.1297252178192139,0.0012952086981385946,0.8327909708023071,0.0027929458301514387,0.8861252665519714,0.003475890727713704,0.8056941032409668,-0.0026211075019091368,0.7303221225738525,0.0024087869096547365,0.6357879638671875,-0.0021881714928895235,0.5788190960884094,0.0010345015907660127,0.6266747713088989,-0.0037551221903413534,0.630991518497467,0.0008981840801425278,0.5868210792541504,0.001852441462688148,0.5911628603935242,-0.00013311792281456292,0.5615975260734558,0.30484288930892944,0.27997690439224243,0.2852676808834076,0.20317032933235168,0.49407556653022766,0.30066734552383423,0.5829801559448242,0.31714287400245667,0.3629955053329468,0.2462792843580246,0.2553471624851227,0.2273208200931549,0.2849794924259186,0.21567568182945251,0.5038669109344482,0.33885273337364197,0.398904412984848,0.2801046371459961,0.3500463664531708,0.2618679404258728,0.4695451557636261,0.32911840081214905,0.36365801095962524,0.2574255168437958,0.13454268872737885,0.08177115023136139,2349.722098525226,725.1655772527623,3001.700631583919,517.1074820613453,0.050506506789693595,0.025713048169432352,70.79409246575342
bohemian,320,354,34,none,smile,3,-415.66729736328125,85.79158020019531,156.54916381835938,41.35150146484375,-11.245521545410156,37.27524948120117,-0.1530565768480301,23.63302230834961,11.628557205200195,13.927775382995605,0.24935835599899292,13.305459022521973,-11.589398384094238,14.431133270263672,-3.304293394088745,10.514843940734863,-0.6264302134513855,9.565717697143555,-8.478630065917969,8.490493774414062,-5.728069305419922,8.542322158813477,-2.785407066345215,9.83915901184082,-9.399426460266113,8.536112785339355,-0.11785946041345596,4.112656593322754,-0.04432372376322746,2.200528860092163,0.009462311863899231,1.937084674835205,-0.00709842424839735,1.713056206703186,-0.0016231205081567168,1.303499460220337,-0.0009459446300752461,1.0695267915725708,0.00781196728348732,0.9045939445495605,0.006458722520619631,0.9081996083259583,0.0043224454857409,0.9348098635673523,0.008319691754877567,0.9435450434684753,0.005008555017411709,0.8427367210388184,-5.58835563424509e-05,0.8670797944068909,0.003417372237890959,0.8896068930625916,-0.0036804487463086843,1.846276044845581,0.0020606834441423416,1.0876624584197998,0.0008134524687193334,0.8750052452087402,-0.00044435306335799396,0.8250746726989746,0.0006801355048082769,0.6335098147392273,-0.001999697182327509,0.5621938109397888,-0.00016389925440307707,0.4913771450519562,-0.002972482005134225,0.5014619827270508,-0.0018733276519924402,0.4926149547100067,0.0004860638582613319,0.4926682114601135,8.768199040787295e-05,0.4646500051021576,-0.0010873852297663689,0.4744471311569214,-0.00043521096813492477,0.4960472583770752,0.3026648461818695,0.2943243682384491,0.2759835124015808,0.25452902913093567,0.2975890338420868,0.2603645324707031,0.4190214276313782,0.3863174319267273,0.3167229890823364,0.2264290302991867,0.378581166267395,0.3375403881072998,0.32465460896492004,0.24018535017967224,0.4221798777580261,0.3898642659187317,0.3145747482776642,0.2814096212387085,0.3062649667263031,0.28876861929893494,0.3413068354129791,0.3007464110851288,0.3131484091281891,0.3194562494754791,0.020366238430142403,0.019820520654320717,2616.8966012749547,1291.8970279348341,3779.288575251299,1289.3409481887131,0.053870975055479685,0.03610581787819065,112.34714673913044
cardigan,0,7,7,none,neutral,0,-382.3755187988281,98.21736907958984,124.65504455566406,51.06167221069336,32.126163482666016,19.335247039794922,16.235122680664062,13.95775318145752,3.008284568786621,15.566994667053223,9.993576049804688,11.613080024719238,4.966040134429932,11.48896312713623,6.181186199188232,8.615986824035645,0.8285644054412842,7.521934509277344,4.226472854614258,7.993269443511963,3.947617769241333,7.646867752075195,5.988422870635986,7.47750186920166,-1.3439631462097168,5.385614395141602,0.6812208890914917,10.164216995239258,0.24584707617759705,4.093320846557617,0.04631491005420685,2.96632981300354,0.053861312568187714,1.8197693824768066,-0.0035437478218227625,1.841338038444519,0.058310192078351974,1.4710533618927002,-0.08192180842161179,1.73139488697052,0.05270055681467056,1.3026176691055298,-0.01620183326303959,1.1665334701538086,0.0008437677170149982,1.0659641027450562,0.03626032918691635,1.0666377544403076,-0.026635468006134033,1.1969265937805176,0.006228935439139605,0.9500459432601929,0.009873278439044952,6.115294933319092,0.0007093455060385168,2.4512553215026855,-0.008662262931466103,2.043841600418091,-0.008430970832705498,1.1260709762573242,-0.015789415687322617,1.1207743883132935,0.008805676363408566,0.902344286441803,0.009357885457575321,1.0034993886947632,0.008883054368197918,0.7440813779830933,0.005665902514010668,0.7148348093032837,0.0024339770898222923,0.6995165944099426,-0.008545645512640476,0.6432425379753113,-0.005571041721850634,0.6979954242706299,0.004494381602853537,0.6054222583770752,0.45521658658981323,0.2776225209236145,0.38798364996910095,0.23917217552661896,0.3837164640426636,0.2517135441303253,0.4461309611797333,0.26259520649909973,0.5679963827133179,0.25896987318992615,0.736659049987793,0.2938946783542633,0.6339754462242126,0.22612500190734863,0.6287635564804077,0.27907153964042664,0.5750035047531128,0.2983197867870331,0.5088306665420532,0.333971232175827,0.4690970778465271,0.32352370023727417,0.4489124119281769,0.2968497574329376,0.0387326143682003,0.0597500316798687,2561.6517860645954,1546.0880790892174,3845.055958384983,1396.6833309645854,0.03807864972014925,0.030574286654209085,129.19921875
cardigan,7,110,103,nod,frown,1,-142.1739044189453,57.16632843017578,159.9387969970703,32.875980377197266,10.507171630859375,19.80799102783203,29.41706085205078,17.548795700073242,-3.952843189239502,17.03086280822754,18.759235382080078,13.539970397949219,-14.697417259216309,14.465392112731934,15.16931438446045,11.975532531738281,-4.489272594451904,9.774291038513184,1.6086353063583374,9.765034675598145,10.350591659545898,11.661787986755371,-3.5158891677856445,9.627729415893555,-0.21577532589435577,8.992451667785645,0.007130126468837261,7.031117916107178,0.0023004133254289627,4.307939052581787,-0.004145290236920118,2.7077486515045166,0.00032358604948967695,2.147418975830078,0.0010484782978892326,2.249268054962158,-0.0021257742773741484,1.7063875198364258,0.0015608746325597167,1.75320303440094,-0.002592436270788312,1.522679328918457,0.0025459881871938705,1.2403762340545654,9.826973155213636e-07,1.3416240215301514,-0.001641066512092948,1.461063027381897,0.0018208196852356195,1.319710612297058,-0.0012240142095834017,1.1173440217971802,0.0018620874034240842,3.708047389984131,-0.0029970547184348106,1.9751508235931396,-6.916492566233501e-05,1.4471087455749512,0.0006152133573777974,1.1351946592330933,-0.0005430112942121923,1.1342943906784058,0.00184181472286582,0.9004568457603455,-0.0003662770031951368,0.8974846005439758,0.0002013491466641426,0.8229616284370422,-0.0007966739358380437,0.6966763138771057,-0.0010075706522911787,0.7586629986763,0.00012455414980649948,0.8252876400947571,-0.0005257154116407037,0.7448435425758362,-0.0001468661066610366,0.6477279663085938,0.4405101537704468,0.3109791874885559,0.34399160742759705,0.23694682121276855,0.35454443097114563,0.25774040818214417,0.43491604924201965,0.31340867280960083,0.487160325050354,0.26310840249061584,0.6564356088638306,0.3411630094051361,0.5013136267662048,0.23797903954982758,0.5030338168144226,0.3107813894748688,0.3683692514896393,0.23667314648628235,0.2979644238948822,0.22899936139583588,0.3634816110134125,0.2944945693016052,0.35414791107177734,0.24686892330646515,0.22396554052829742,0.08815652877092361,2241.850941649932,1250.147143348148,3278.694265504067,808.3137403596622,0.0396891973166986,0.043301626112363725,129.19921875
cardigan,110,122,12,none,thoughtful,3,-175.9190673828125,35.6597900390625,196.76402282714844,14.804835319519043,-4.5904107093811035,12.983335494995117,18.759187698364258,9.4825439453125,18.021709442138672,10.841862678527832,7.330541133880615,8.955967903137207,-4.358613967895508,8.788490295410156,2.243579387664795,9.043392181396484,-3.0373244285583496,7.34757137298584,4.636325836181641,6.518151760101318,-0.15199509263038635,6.367495059967041,-0.8188793659210205,6.375187873840332,2.463841199874878,5.799143314361572,0.034441154450178146,6.872955322265625,-0.030897337943315506,3.0236101150512695,0.005316987168043852,2.410989999771118,-0.0014981240965425968,1.4581491947174072,-0.0028112493455410004,1.5669118165969849,0.004310440272092819,1.6832666397094727,-0.02104976586997509,1.3303554058074951,0.008995262905955315,1.6402641534805298,-0.01541418768465519,1.1456178426742554,0.01335111353546381,1.1368762254714966,-0.0033327925484627485,1.0303879976272583,-0.0007041589124128222,1.110370397567749,0.005946803372353315,0.9010691046714783,0.0012281738454475999,4.118941307067871,-0.0032267016358673573,1.9011545181274414,0.009469951502978802,1.3603099584579468,-0.011435014195740223,0.9088312387466431,0.0025586718693375587,0.9961239099502563,0.0022641064133495092,0.9929207563400269,-0.0021627757232636213,0.8280900120735168,0.0069274334236979485,0.969938337802887,-0.006381484214216471,0.6939600110054016,-0.0009396052919328213,0.7386006712913513,-0.00028607738204300404,0.6356540322303772,0.008716562762856483,0.6599404811859131,0.00025084492517635226,0.5999975800514221,0.6624690890312195,0.3437235951423645,0.41182899475097656,0.21400727331638336,0.3228164613246918,0.19410470128059387,0.43451032042503357,0.32138165831565857,0.41440340876579285,0.2359348088502884,0.4655793607234955,0.34106287360191345,0.3675621449947357,0.2247575968503952,0.44106876850128174,0.3115270733833313,0.3423873782157898,0.22399397194385529,0.2716844975948334,0.200572669506073,0.31791234016418457,0.19624240696430206,0.4314294755458832,0.23104745149612427,0.19238510727882385,0.07896804064512253,1279.3464876744845,350.4015956739672,2267.127118313951,578.9899507967581,0.023131497823984527,0.007529313805404195,129.19921875
cardigan,122,232,110,nod,thoughtful,1,-105.54073333740234,52.869140625,169.88272094726562,28.571836471557617,-0.9060775637626648,16.015260696411133,27.56075096130371,15.647197723388672,-7.5582756996154785,14.294133186340332,16.5573673248291,13.849225044250488,-18.792829513549805,13.008111000061035,13.515235900878906,11.000408172607422,-3.922952651977539,8.847131729125977,-0.4899076521396637,9.112435340881348,9.14376449584961,9.89021110534668,0.8171207308769226,8.574694633483887,-1.9901303052902222,8.753073692321777,-0.01673145219683647,5.318037986755371,-0.0067365169525146484,3.8411383628845215,-0.0011080000549554825,2.250016212463379,-0.004693286959081888,1.816642165184021,-0.0010863428469747305,1.9299123287200928,-0.0012210032436996698,1.5278490781784058,-0.0007930477731861174,1.584739089012146,-0.0025803502649068832,1.3551658391952515,-0.0005757292965427041,1.1411402225494385,-0.0015264720423147082,1.2182365655899048,0.00011158014967804775,1.310741662979126,0.0006561424233950675,1.1184262037277222,-0.0005175542901270092,1.081115961074829,-0.000803876668214798,2.7729475498199463,-0.0008106672903522849,1.768967628479004,0.0011574908858165145,1.161226749420166,-0.0005937758251093328,0.9465345144271851,-0.000539320579264313,0.987017035484314,0.00018240614735987037,0.79966801404953,-0.0001528079592389986,0.8188077807426453,0.00012658489868044853,0.7323197722434998,-0.0002920019906014204,0.6576673984527588,0.00015127552615012974,0.7050739526748657,-0.0004941447405144572,0.7232199311256409,9.209448035107926e-05,0.6574798822402954,-0.00015316835197154433,0.6288678646087646,0.4824933409690857,0.3136981427669525,0.34786418080329895,0.205955371260643,0.4014156758785248,0.2487717717885971,0.5044910311698914,0.30823254585266113,0.4383840560913086,0.2275424301624298,0.5768675804138184,0.34945937991142273,0.42568251490592957,0.23318520188331604,0.5007990598678589,0.30767759680747986,0.40639135241508484,0.2419423907995224,0.30688372254371643,0.21061861515045166,0.39190804958343506,0.2923561930656433,0.35620665550231934,0.21920537948608398,0.26973646879196167,0.08857107162475586,2125.6243837563998,985.6535210806258,3109.016456523919,748.1116202152272,0.04044978562005277,0.02902070575346909,129.19921875
cardigan,232,239,7,none,neutral,0,-534.9223022460938,159.08551025390625,128.55264282226562,62.734561920166016,-52.98757553100586,29.13224220275879,-0.5407071113586426,14.698837280273438,-11.904675483703613,10.837882995605469,-5.639275074005127,11.040251731872559,-7.923995018005371,8.053489685058594,-7.214526176452637,7.959012031555176,-11.039725303649902,8.65088939666748,-5.0789313316345215,7.184935092926025,-4.421163082122803,8.584819793701172,-5.845098972320557,6.449655055999756,-2.992905855178833,10.025919914245605,-0.661751389503479,4.284524917602539,-0.3150407075881958,1.962465524673462,0.060569435358047485,2.03770112991333,-0.0201913733035326,1.2315293550491333,-0.007140974048525095,1.3830876350402832,0.0023612722288817167,1.2111707925796509,0.024537453427910805,0.9979392886161804,-0.0005014753551222384,1.0281791687011719,0.014616050757467747,1.0245543718338013,-0.00014995144738350064,1.0975459814071655,0.0010223855497315526,1.0951508283615112,0.01853981800377369,0.8855915665626526,0.014713072218000889,0.9301366806030273,-0.018044086173176765,2.7275102138519287,-0.009915675967931747,1.0857957601547241,-0.00605896906927228,1.2867889404296875,-0.004384678788483143,0.7880474925041199,-0.003862811252474785,0.8382189273834229,-0.0015778264496475458,0.7899907827377319,-0.0013102882076054811,0.5694591403007507,-0.0012613415019586682,0.6502143740653992,-0.0050828950479626656,0.6791493892669678,-0.01171941589564085,0.7045464515686035,0.0015682585071772337,0.6076182126998901,0.002635783748701215,0.6004371047019958,-0.0061459350399672985,0.5547283887863159,0.21002599596977234,0.2379985749721527,0.13231156766414642,0.13404333591461182,0.2774653136730194,0.2791748046875,0.272552490234375,0.27795976400375366,0.1680595576763153,0.16497668623924255,0.29069000482559204,0.369633287191391,0.2508228123188019,0.17227217555046082,0.5884454250335693,0.37997177243232727,0.5122117400169373,0.3904464542865753,0.24480366706848145,0.21786107122898102,0.14186100661754608,0.17595705389976501,0.10648773610591888,0.11396791785955429,0.005298173520714045,0.005325259640812874,1958.2068370953264,979.6081323185015,2132.778424385092,1055.3714064082271,0.056808243936567165,0.028828590052353612,103.359375
champagne_problems,0,23,23,nod,neutral,1,-358.5187683105469,25.77387237548828,204.30931091308594,21.216297149658203,87.2165756225586,13.149728775024414,9.23702621459961,11.536782264709473,-7.470023155212402,8.56287956237793,0.7293012142181396,6.598503589630127,0.788571834564209,6.814156532287598,-6.231506824493408,8.168103218078613,-9.530470848083496,7.862307071685791,-8.05263614654541,5.787813663482666,-6.293874740600586,5.176095008850098,-6.729763507843018,4.906800270080566,-6.915722370147705,4.9121527671813965,0.1577974110841751,3.513800621032715,0.07276543229818344,2.7635679244995117,0.007757661864161491,1.5452892780303955,0.04226693883538246,1.3445910215377808,0.003581051481887698,0.9113667011260986,0.002127894898876548,0.8286903500556946,-0.015298743732273579,0.9457569122314453,0.0009198217303492129,0.9032607674598694,0.004103338345885277,0.7985591292381287,-0.006850737612694502,0.6991875767707825,-0.004858856089413166,0.6930803656578064,-0.01228585746139288,0.6757079362869263,0.00318825407885015,0.5788568258285522,0.0070511833764612675,1.5610605478286743,0.0012326494324952364,1.113922357559204,-0.00022890516265761107,0.7886377573013306,-0.0014551511267200112,0.6306266188621521,0.0020018788054585457,0.49173983931541443,0.005002925172448158,0.46114715933799744,0.0014219348086044192,0.5158888101577759,-8.592961421527434e-06,0.4531312584877014,0.00016324034368153661,0.3907198905944824,0.0019052480347454548,0.41604727506637573,-0.001631014747545123,0.4071856141090393,0.00043316560913808644,0.3678857684135437,-0.0008005504496395588,0.34084466099739075,0.3471323251724243,0.2289871722459793,0.31547001004219055,0.20075349509716034,0.3549342751502991,0.30028384923934937,0.44768598675727844,0.20092836022377014,0.6362144947052002,0.34987902641296387,0.5472498536109924,0.29106295108795166,0.5301809310913086,0.27072563767433167,0.6097531318664551,0.32562997937202454,0.4461531937122345,0.26269909739494324,0.30322182178497314,0.23535798490047455,0.2094862312078476,0.17476360499858856,0.24232043325901031,0.1561855524778366,0.0996701642870903,0.035177577286958694,568.6164189153355,390.26516243373754,1265.6092524438152,417.68961270776657,0.014242328755215578,0.006446737713563113,86.53846153846153
champagne_problems,23,44,21,nod,thoughtful,1,-244.94667053222656,81.76988220214844,165.84967041015625,39.235023498535156,36.22203063964844,35.21907424926758,33.44738006591797,28.272125244140625,-15.213369369506836,20.925785064697266,12.949783325195312,13.693998336791992,-16.520675659179688,19.451658248901367,0.6946115493774414,12.178786277770996,-11.169389724731445,10.700200080871582,-14.905326843261719,12.361417770385742,1.1502519845962524,11.444686889648438,-7.682546615600586,10.466111183166504,-16.134992599487305,10.546243667602539,-0.0646643191576004,7.317735195159912,0.016054533421993256,5.030564308166504,0.0217457115650177,2.986938714981079,-0.016803056001663208,3.2152252197265625,-0.003606120590120554,2.6918647289276123,-0.020578179508447647,1.658534288406372,0.012791152112185955,1.9095813035964966,-0.002648647641763091,1.4235438108444214,0.0001262388250324875,1.2926791906356812,0.013069420121610165,1.3880935907363892,-0.004531224723905325,1.3004459142684937,-0.0033221771009266376,1.3414685726165771,0.0062558092176914215,1.2100591659545898,-0.023142678663134575,3.0165131092071533,0.010289212688803673,2.176457405090332,0.00646528135985136,1.3183172941207886,-0.009347308427095413,1.3941625356674194,0.007458468899130821,1.1547610759735107,-0.008713195100426674,0.8268144726753235,0.00484873540699482,0.8679252862930298,0.004103028681129217,0.7047734260559082,0.0018560000462457538,0.672141969203949,0.002905141096562147,0.6920004487037659,-0.005513431970030069,0.6720184087753296,0.003774210112169385,0.6762002110481262,0.0037175596226006746,0.6526278853416443,0.3347169756889343,0.30911198258399963,0.366780549287796,0.2816736698150635,0.4244878888130188,0.3657428026199341,0.4666379690170288,0.287761926651001,0.5218188762664795,0.3409290611743927,0.4688562750816345,0.3576931357383728,0.4256611764431,0.3251843750476837,0.4450431168079376,0.3533109426498413,0.2989601790904999,0.2634693682193756,0.20049691200256348,0.2032972127199173,0.15415242314338684,0.16685284674167633,0.2268414944410324,0.22584956884384155,0.16213072836399078,0.07202126085758209,1961.620932664385,1556.032395783579,2842.448830677656,1148.782146377616,0.03333703656678517,0.046420882208331855,119.68085106382979
champagne_problems,44,66,22,sway,frown,1,-197.44985961914062,49.244930267333984,159.8181915283203,32.85758972167969,14.9404296875,22.95106315612793,36.87991714477539,22.819597244262695,-19.047639846801758,19.091989517211914,11.527408599853516,16.154891967773438,-23.732261657714844,16.131135940551758,9.690306663513184,11.429177284240723,-4.705557346343994,10.148504257202148,-14.55777359008789,10.34848690032959,8.434162139892578,10.847354888916016,-7.0333571434021,9.72658634185791,-17.723072052001953,10.491578102111816,0.06989728659391403,8.137995719909668,-0.010431580245494843,5.288321495056152,-0.015457040630280972,3.257950782775879,0.018999015912413597,3.2774903774261475,-0.008962422609329224,2.8871476650238037,0.0063901133835315704,2.2489476203918457,-0.006507112644612789,2.1890459060668945,0.014739524573087692,1.5325654745101929,0.007074649911373854,1.3150622844696045,-0.0032469823490828276,1.6134546995162964,0.0053259688429534435,1.6034681797027588,0.0015489469515159726,1.4244215488433838,-0.006645411718636751,1.353037714958191,-0.024787403643131256,3.6222569942474365,0.017935598269104958,2.433417320251465,0.005556092131882906,1.4736143350601196,0.00338417268358171,1.4951139688491821,0.00530287204310298,1.3276147842407227,-0.009758331812918186,0.9985061883926392,0.0013000270118936896,1.0455880165100098,-0.004002791363745928,0.778608500957489,0.005102409049868584,0.7452628016471863,-0.004945282358676195,0.8444957137107849,-0.000784284551627934,0.7768402099609375,-3.7093734135851264e-05,0.7911171317100525,-5.071057967143133e-05,0.7427695393562317,0.6699519753456116,0.35485440492630005,0.4285224676132202,0.25608980655670166,0.26608753204345703,0.2276293933391571,0.23124344646930695,0.2193349152803421,0.2777123749256134,0.32688194513320923,0.32273104786872864,0.3549724817276001,0.4157653748989105,0.35006874799728394,0.3949275314807892,0.29965418577194214,0.2655092775821686,0.26750656962394714,0.2466561198234558,0.2831321060657501,0.24814637005329132,0.2407468557357788,0.4362278878688812,0.2897184193134308,0.20372161269187927,0.0709921196103096,2269.5296182859706,1288.131863528462,3303.6403377287097,814.6932177840712,0.033289278356762,0.03963241000532637,165.44117647058823
champagne_problems,66,88,22,nod,neutral,1,-287.37628173828125,75.35875701904297,196.9474334716797,36.917518615722656,63.43973159790039,30.91421127319336,20.529470443725586,21.74109649658203,-1.0883198976516724,14.928974151611328,14.926883697509766,10.550986289978027,-3.840484619140625,23.09071922302246,3.917971611022949,10.031927108764648,-5.52910852432251,9.620584487915039,-4.988442420959473,9.899611473083496,3.150895595550537,9.548417091369629,-0.7339802980422974,8.241565704345703,-4.785613536834717,11.651457786560059,-0.05604540556669235,5.964653968811035,0.01388357114046812,3.6795406341552734,0.013633448630571365,2.916731357574463,-0.018858321011066437,2.2529211044311523,0.020966779440641403,1.884053349494934,0.011181922629475594,1.3965846300125122,0.016701772809028625,1.5607093572616577,-0.015710478648543358,1.1429288387298584,-0.010781764052808285,1.053696632385254,0.0072538889944553375,1.199089765548706,0.006402437575161457,1.0410631895065308,0.0032350269611924887,1.0771080255508423,0.004632356110960245,1.0916638374328613,0.016033442690968513,2.856158494949341,-0.002512684091925621,1.693771243095398,-0.008589730598032475,1.526471734046936,0.0017728927778080106,1.095307469367981,0.0055982875637710094,0.9661808609962463,-0.0010680870618671179,0.7096642255783081,0.0011324523948132992,0.7276472449302673,-0.0022160056978464127,0.6168539524078369,0.0011904428247362375,0.5556771755218506,0.002858684631064534,0.6184975504875183,-0.0009270519949495792,0.5477046370506287,0.0016749121714383364,0.5534353852272034,0.003100995672866702,0.5308966040611267,0.39953333139419556,0.323907732963562,0.37219709157943726,0.2463735193014145,0.3824884295463562,0.28924641013145447,0.45717328786849976,0.2580966651439667,0.5663841366767883,0.3440665900707245,0.549511730670929,0.33693090081214905,0.5693406462669373,0.33392876386642456,0.582855761051178,0.34015771746635437,0.38386106491088867,0.28681111335754395,0.2448311299085617,0.253200501203537,0.1645982712507248,0.1818908154964447,0.222527414560318,0.18524174392223358,0.17261986434459686,0.06392017006874084,1158.642370690717,1145.6430405365916,2152.4321549702977,1180.545031218814,0.018285576602641785,0.020951045968390453,170.45454545454547
champagne_problems,88,93,5,none,"smile, frown",3,-203.30906677246094,101.32310485839844,178.1832733154297,46.183067321777344,27.83698081970215,34.748592376708984,30.13699722290039,31.708715438842773,-16.27060890197754,23.253389358520508,18.210102081298828,13.765429496765137,-16.085935592651367,19.810705184936523,10.613845825195312,17.047353744506836,-7.941768646240234,8.553230285644531,-7.209920883178711,11.153240203857422,5.396574020385742,10.870742797851562,2.051008939743042,6.968781471252441,-5.773359298706055,8.403072357177734,0.3318141996860504,6.689707279205322,-0.08788580447435379,5.3043718338012695,-0.06004762649536133,2.9998326301574707,0.0643889307975769,3.0275228023529053,-0.057057011872529984,2.6707494258880615,0.01963604800403118,1.5735371112823486,-0.06480692327022552,1.7575827836990356,0.016620760783553123,1.661853551864624,-0.017733538523316383,1.1246122121810913,-0.035287246108055115,1.4013738632202148,0.0030754085164517164,1.1707617044448853,0.003915817942470312,1.2318917512893677,-0.04396694526076317,0.9934477806091309,0.08813424408435822,3.2692790031433105,-0.08146580308675766,2.5122408866882324,-0.02018842287361622,1.2997939586639404,0.018260236829519272,1.3394144773483276,-0.01002245582640171,1.1919630765914917,-0.021004091948270798,0.8902425765991211,0.019728098064661026,0.8945215344429016,-0.007278475910425186,0.8910642266273499,-0.014752105809748173,0.6238488554954529,-0.017582321539521217,0.7428292036056519,0.004186106845736504,0.6482936143875122,-0.0014791178982704878,0.7633246779441833,-0.00013882163329981267,0.6123747229576111,0.4448557198047638,0.3212823271751404,0.3076275587081909,0.23290489614009857,0.33138158917427063,0.2982015907764435,0.31740912795066833,0.22420097887516022,0.46126049757003784,0.31978946924209595,0.5115180015563965,0.37715670466423035,0.45216041803359985,0.29696419835090637,0.5173189640045166,0.3378925621509552,0.32237765192985535,0.2513574957847595,0.30329981446266174,0.354228138923645,0.1665804386138916,0.16991887986660004,0.2805814743041992,0.24321536719799042,0.20643657445907593,0.08153600245714188,2084.5642828013006,1785.5256719308031,2808.8234711434534,1082.866978740322,0.04650228211620469,0.06066310230851372,181.4516129032258
champagne_problems,93,122,29,nod,neutral,1,-185.60670471191406,62.269737243652344,173.05714416503906,34.304752349853516,26.196107864379883,24.298954010009766,39.15267562866211,26.577056884765625,-17.052322387695312,20.537599563598633,18.45147705078125,15.135363578796387,-24.47243309020996,18.5050106048584,8.113823890686035,13.656671524047852,-5.44649076461792,12.072771072387695,-11.467289924621582,11.314704895019531,5.046350002288818,12.45195198059082,-2.5235695838928223,9.426104545593262,-15.591543197631836,10.790797233581543,-0.021856209263205528,6.8306989669799805,0.008398279547691345,5.036080360412598,0.004176956135779619,2.522522449493408,0.003874164540320635,2.9449663162231445,-0.003593232948333025,2.6294703483581543,-0.0005479934043250978,1.9270899295806885,0.008352629840373993,2.075289726257324,-0.0010501921642571688,1.5512977838516235,-0.000868539500515908,1.4343857765197754,0.007826904766261578,1.5399668216705322,0.00027530777151696384,1.4777178764343262,-0.001206907327286899,1.3903945684432983,0.0005379298236221075,1.365870475769043,0.01959480717778206,3.2019150257110596,-0.009519603103399277,2.318739652633667,-0.005385368596762419,1.1367943286895752,4.2945157474605367e-05,1.2692679166793823,0.0005702067282982171,1.1561576128005981,-0.004247069358825684,0.9503147602081299,0.0020191108342260122,0.9698283076286316,-0.005610265769064426,0.7299161553382874,0.00026262958999723196,0.7434185147285461,0.0016568591818213463,0.7720304131507874,0.000606828136369586,0.7169883251190186,-0.0011041727848351002,0.6965266466140747,-0.000429165200330317,0.725460410118103,0.5760407447814941,0.3446735441684723,0.4199194610118866,0.2511102259159088,0.36213919520378113,0.30221253633499146,0.33888542652130127,0.24139384925365448,0.40420496463775635,0.3235970437526703,0.3938610553741455,0.3371799886226654,0.3781387209892273,0.3278430998325348,0.39318007230758667,0.3187507390975952,0.3298525810241699,0.2720441222190857,0.35047563910484314,0.3015384078025818,0.3133453130722046,0.2696984112262726,0.4164641201496124,0.27127426862716675,0.22064615786075592,0.06920628994703293,2065.657559365428,1224.6165612126642,3178.803602737324,891.4033036676155,0.031667885424328794,0.03522635579573204,156.25
champagne_problems,122,144,22,nod,frown,1,-184.10400390625,31.55018424987793,190.1720733642578,14.84921932220459,27.40679931640625,14.255773544311523,21.330665588378906,10.667502403259277,-12.18706226348877,9.976703643798828,18.05593490600586,7.723791599273682,-15.267251014709473,9.093185424804688,12.048258781433105,6.77154016494751,-11.494723320007324,6.862066268920898,-8.53990650177002,6.269566059112549,1.0755888223648071,7.390297889709473,1.502852201461792,5.5938401222229,-5.516628742218018,5.908750534057617,-0.016234997659921646,3.0168159008026123,0.007628414314240217,1.7446954250335693,0.010761282406747341,1.6160567998886108,-0.007942769676446915,1.1518996953964233,0.006125664338469505,1.0351204872131348,0.019515084102749825,1.0156058073043823,0.002226179698482156,0.8962987661361694,0.006654459983110428,0.917163610458374,0.00037057528970763087,0.8519490957260132,-0.004274663981050253,0.8686177134513855,-0.0002973767404910177,0.8823607563972473,0.0038030557334423065,0.7780417203903198,-9.593475988367572e-05,0.8931223154067993,0.006185425911098719,1.4954249858856201,-0.006900271866470575,0.870416522026062,-0.0018835461232811213,0.8594655990600586,-0.0052149030379951,0.6319486498832703,0.0032833986915647984,0.6128949522972107,-0.0004921559011563659,0.5695810914039612,0.002018258674070239,0.5386115908622742,0.001286991755478084,0.5374661087989807,0.002397863892838359,0.515581488609314,0.0046103657223284245,0.5612505674362183,-0.0013785312185063958,0.5511316061019897,0.00026808673283085227,0.4870881736278534,-0.0028621500823646784,0.5147579312324524,0.520549476146698,0.32233768701553345,0.3724222779273987,0.23613989353179932,0.34658145904541016,0.27522438764572144,0.34891563653945923,0.22883731126785278,0.5238679647445679,0.33004283905029297,0.49771085381507874,0.28901544213294983,0.506517767906189,0.2708505094051361,0.6163206696510315,0.31597664952278137,0.47397223114967346,0.2840600907802582,0.36244747042655945,0.2675884962081909,0.2698148488998413,0.21609029173851013,0.371413916349411,0.2252730131149292,0.20654386281967163,0.05455043911933899,1486.0730464673045,394.8651468069406,2943.1973723813644,520.5288032938028,0.02019325807380029,0.00716189908695698,170.45454545454547
champagne_problems,144,190,46,sway,sad face,1,-131.28370666503906,50.404197692871094,176.7193145751953,35.28001403808594,14.505019187927246,22.569599151611328,41.38542938232422,22.536903381347656,-17.998779296875,19.529096603393555,24.69615936279297,12.59425163269043,-18.934133529663086,13.965631484985352,10.140250205993652,11.573142051696777,1.0269073247909546,9.407591819763184,-7.157083034515381,11.636555671691895,3.773066520690918,10.303299903869629,6.428781032562256,8.968865394592285,-9.745200157165527,7.982711315155029,0.0006892352248542011,7.415112495422363,0.003664531046524644,5.668473720550537,0.0045890798792243,3.2846803665161133,0.003815620206296444,3.125945806503296,0.0012082414468750358,2.968789577484131,0.0002999450662173331,1.9293667078018188,-0.0016454291762784123,2.0624852180480957,-0.0016558156348764896,1.5879868268966675,-0.00016046040400397032,1.4721062183380127,0.00017230260709766299,1.8128019571304321,0.005336528178304434,1.3687185049057007,-2.9892262318753637e-05,1.4060317277908325,-0.0014105121372267604,1.3282835483551025,-0.003795856377109885,3.3552300930023193,-0.0005054415087215602,2.513329029083252,0.0007886833045631647,1.4385986328125,-0.0010293343802914023,1.4386314153671265,0.0015013051452115178,1.3374756574630737,-0.0013698703842237592,0.9473843574523926,0.0017286434303969145,1.0132272243499756,0.0008444007835350931,0.7974079847335815,0.0008749026455916464,0.7875586152076721,0.0013408595696091652,0.90095055103302,-0.0011845316039398313,0.7330502867698669,-0.0006551341502927244,0.7391935586929321,0.0007720860303379595,0.749646008014679,0.5514870285987854,0.31200453639030457,0.4792827367782593,0.24873313307762146,0.484717458486557,0.3173612654209137,0.41771191358566284,0.2502751350402832,0.46821868419647217,0.3223070502281189,0.4032481014728546,0.27661266922950745,0.40892866253852844,0.25123584270477295,0.5059345960617065,0.3246932625770569,0.4008936882019043,0.2280154526233673,0.42248159646987915,0.2926618754863739,0.3179709315299988,0.2104061245918274,0.39302322268486023,0.21821264922618866,0.25877419114112854,0.05905212461948395,2221.5826851225734,1305.4540129589464,3217.6532331542817,884.5265817032513,0.040711765302573616,0.035605840559916564,170.45454545454547
champagne_problems,190,224,34,nod,frown,1,-215.82611083984375,71.22979736328125,176.29151916503906,30.994333267211914,41.037960052490234,29.354352951049805,38.68171691894531,23.53769302368164,-4.140713214874268,17.41950798034668,21.450334548950195,13.603957176208496,-10.255300521850586,18.55742835998535,12.161150932312012,11.217500686645508,1.6063865423202515,10.298120498657227,-5.580482006072998,9.288812637329102,9.707290649414062,11.905743598937988,-0.9396684765815735,9.09179973602295,-8.653166770935059,11.139795303344727,-0.022324828431010246,6.6987457275390625,-0.014651165343821049,4.020907878875732,9.967033111024648e-05,2.841688394546509,0.00034464019699953496,2.8320274353027344,0.0037663194816559553,2.418339490890503,0.0068447887897491455,1.7872153520584106,0.0021490242797881365,1.9418596029281616,-0.00174272945150733,1.423608660697937,-0.0014375754399225116,1.2469395399093628,-0.0011599247809499502,1.3599586486816406,0.0020850521977990866,1.3693485260009766,0.006905083078891039,1.3735426664352417,0.004489676561206579,1.2612979412078857,0.006507574580609798,2.854448080062866,-0.00508008012548089,1.7219336032867432,-0.004961640574038029,1.3608485460281372,0.0030133421532809734,1.2474325895309448,-0.001265442231670022,1.08855140209198,-0.0009848936460912228,0.839688777923584,0.0009401169954799116,0.8742112517356873,0.000698113173712045,0.7045502662658691,-0.0002842566173058003,0.6339014172554016,0.00015670502034481615,0.712984025478363,0.0008836485794745386,0.6506515145301819,0.0006214808090589941,0.7060239315032959,-0.0011480111861601472,0.6368042230606079,0.6829869151115417,0.3358670175075531,0.46530014276504517,0.24333283305168152,0.31805455684661865,0.23354628682136536,0.30197393894195557,0.24251392483711243,0.3843131959438324,0.3211577236652374,0.40256139636039734,0.33261311054229736,0.4595174491405487,0.34216248989105225,0.45529165863990784,0.31276533007621765,0.3635142147541046,0.298625111579895,0.3189529478549957,0.2722209393978119,0.30618637800216675,0.2556513547897339,0.45281749963760376,0.2573508024215698,0.2069093883037567,0.06895245611667633,1634.060122475569,1101.4604032027582,2833.627569441934,1004.1818246597742,0.023301798247333753,0.02726845154257371,86.53846153846153
champagne_problems,224,244,20,none,frown,3,-427.3089599609375,75.124267578125,155.33045959472656,78.6432113647461,74.56394958496094,36.46583557128906,23.072998046875,15.92054271697998,10.936841011047363,11.07924747467041,11.995131492614746,10.617805480957031,8.912825584411621,8.798089981079102,3.9027528762817383,6.24307918548584,0.8673089146614075,5.742519378662109,0.009888671338558197,5.588626861572266,0.21169127523899078,4.466683864593506,0.4530806839466095,4.5465312004089355,0.6528419852256775,4.756213188171387,-0.12259754538536072,4.019384384155273,-0.0978747010231018,2.339237689971924,-0.03131662681698799,2.5449235439300537,-0.011903532780706882,1.519576072692871,-0.005109804216772318,1.3011906147003174,-0.008212946355342865,0.9853523969650269,-0.006958733778446913,1.13663911819458,-0.003613388631492853,0.8086970448493958,-0.0010542267700657248,0.7442702054977417,-0.0025144903920590878,0.7778525352478027,-0.004562282469123602,0.6672678589820862,-0.005205775611102581,0.661968469619751,-0.003718299325555563,0.6517875790596008,0.01590590365231037,2.471456527709961,-0.008168050087988377,1.2884901762008667,-0.008447940461337566,1.5863404273986816,0.0038899993523955345,0.9431159496307373,0.0019643092527985573,0.7769720554351807,0.000244051669142209,0.5738031268119812,-0.0015516970306634903,0.6691064238548279,-0.0013507360126823187,0.4974656105041504,-0.0011020308593288064,0.47612273693084717,-0.0010916588362306356,0.47059354186058044,0.00011337788600940257,0.4161803126335144,0.0019232204649597406,0.40202465653419495,0.0004926531109958887,0.4271239936351776,0.660677969455719,0.36059609055519104,0.5124386548995972,0.2962013781070709,0.3892807364463806,0.2884977459907532,0.39585191011428833,0.25810059905052185,0.49314844608306885,0.3325956463813782,0.4499843120574951,0.2729843854904175,0.4707363247871399,0.34488922357559204,0.46971452236175537,0.3490122854709625,0.4480881094932556,0.3272685706615448,0.4108990728855133,0.27989083528518677,0.358310341835022,0.25530052185058594,0.431289941072464,0.24754981696605682,0.07584106922149658,0.06006522476673126,1569.0829950316386,2734.8722218724106,2375.5799318651216,1867.7067427397217,0.0374167631429904,0.0853884390053726,170.45454545454547
chopin,0,24,24,none,"close eyes, smile",1,-331.3719787597656,54.85158920288086,213.84275817871094,47.22359085083008,66.34759521484375,22.30060386657715,-2.031759738922119,11.366936683654785,0.783982515335083,10.516531944274902,7.389585971832275,9.656614303588867,2.8263466358184814,9.868339538574219,-2.0649545192718506,7.4356689453125,-3.9813225269317627,8.320769309997559,-2.17326283454895,8.44184684753418,0.9862437844276428,10.129499435424805,0.9075212478637695,10.97429084777832,-1.4583625793457031,9.439374923706055,0.11693321913480759,4.342855453491211,0.09732673317193985,2.8971333503723145,0.027434371411800385,2.0398545265197754,0.00010357719293097034,1.0544325113296509,-0.0051597245037555695,1.00661301612854,0.0032132072374224663,0.8286633491516113,0.006541737820953131,0.865670382976532,0.001144269946962595,0.7504788041114807,-0.0031734835356473923,0.7039202451705933,-0.002120992401614785,0.7022938132286072,0.0005307751125656068,0.7960241436958313,4.352314863353968e-05,0.81525057554245,-0.001968490658327937,0.7415959239006042,0.012577338144183159,2.2653586864471436,-0.009626847691833973,1.4456264972686768,-0.008792328648269176,1.1635680198669434,0.0049768113531172276,0.5911365747451782,0.002347484929487109,0.5614814162254333,-0.003007245482876897,0.4652310311794281,-0.003380910027772188,0.5297393798828125,-0.0002897085214499384,0.4076787829399109,0.0012356287334114313,0.4517192542552948,0.0001542507961858064,0.40415897965431213,-0.0009725827258080244,0.411376416683197,-0.000944760104175657,0.41372501850128174,-0.0007434450672008097,0.40462687611579895,0.24329708516597748,0.30425095558166504,0.22183603048324585,0.2512710392475128,0.3448135256767273,0.30099573731422424,0.4774424731731415,0.4161030352115631,0.37436380982398987,0.3187049329280853,0.2930075526237488,0.29725030064582825,0.283200204372406,0.2364848554134369,0.47501105070114136,0.38296085596084595,0.37260350584983826,0.29338517785072327,0.23576153814792633,0.20399563014507294,0.2815006375312805,0.31957098841667175,0.22731243073940277,0.21950407326221466,0.14170338213443756,0.06689970195293427,863.9014408939149,1809.697559815177,788.0159333272381,1004.0412796901905,0.03184949037415377,0.05234599060822852,112.34714673913044
chopin,24,36,12,sway,smile,1,-314.197021484375,45.69252395629883,229.16741943359375,24.62165069580078,62.96189880371094,23.025724411010742,-4.311766624450684,8.715813636779785,0.8720731735229492,12.952208518981934,2.8996694087982178,9.640162467956543,-1.8705551624298096,12.470417022705078,-4.033442974090576,8.779735565185547,-5.350076675415039,9.272531509399414,-2.523987054824829,9.353971481323242,1.396785020828247,8.127425193786621,1.3045531511306763,9.716353416442871,1.030371069908142,10.594680786132812,0.008772475644946098,3.7043540477752686,0.011883619241416454,2.1741583347320557,0.011177386157214642,1.7930923700332642,-0.0012847570469602942,0.9795758724212646,-0.0018021244322881103,0.8727139234542847,-0.007518410217016935,0.8658321499824524,-0.004465882666409016,0.903814435005188,0.00512608140707016,0.7879810333251953,0.010446131229400635,0.7657459378242493,0.00974667351692915,0.8105518221855164,0.009649553336203098,0.8552112579345703,0.0108596570789814,0.8321390748023987,0.008708794601261616,0.762517511844635,0.07223886996507645,2.1198463439941406,-0.035723958164453506,1.2023792266845703,-0.03419448807835579,1.063637137413025,0.017273204401135445,0.6054583787918091,0.00909800548106432,0.49363094568252563,-0.007547220680862665,0.4793168604373932,-0.007820221595466137,0.5332759022712708,0.0033064247108995914,0.4516448378562927,0.00557950371876359,0.4869292378425598,0.0008658149745315313,0.4539247751235962,-0.0023567546159029007,0.4458617568016052,-0.0006803297437727451,0.4285338521003723,0.0009559428435750306,0.40650421380996704,0.19484932720661163,0.2831113934516907,0.202455535531044,0.2936868369579315,0.2588442862033844,0.2195310890674591,0.40128782391548157,0.336964875459671,0.3828169107437134,0.24880029261112213,0.3869098424911499,0.3246387839317322,0.286794513463974,0.1874699592590332,0.4877438545227051,0.39028745889663696,0.31761571764945984,0.281024307012558,0.17776739597320557,0.18444810807704926,0.23232170939445496,0.2958109974861145,0.19894909858703613,0.23353959619998932,0.17105744779109955,0.07819928973913193,563.5123466784758,111.52834813697618,598.8611824408861,192.70316539763462,0.02403486535904255,0.007723053023246067,89.10290948275862
chopin,36,48,12,sway,frown,1,-304.2731018066406,33.57794952392578,211.19363403320312,22.09870147705078,68.8554916381836,15.603130340576172,-0.3548657298088074,10.997245788574219,-0.4204041063785553,8.090152740478516,5.237361431121826,8.437049865722656,1.8222999572753906,9.770363807678223,-1.4899665117263794,7.167365074157715,-3.8485493659973145,8.609278678894043,-3.482515811920166,9.499102592468262,-0.23435185849666595,11.853580474853516,0.989158034324646,12.104747772216797,-0.2808533310890198,10.171808242797852,-0.08041524142026901,3.7721686363220215,0.0037370254285633564,2.2285540103912354,0.026265107095241547,1.8747438192367554,0.0069368453696370125,0.9532045722007751,0.00614012498408556,0.9803072810173035,0.007178921718150377,0.7234017848968506,0.009412958286702633,0.7862368822097778,-0.0014034350169822574,0.6919485926628113,-0.012122652493417263,0.8206895589828491,-0.013212557882070541,0.7977567911148071,-0.006553643383085728,0.7634525299072266,-0.003322046948596835,0.7291654944419861,-0.007845577783882618,0.773826539516449,0.05734510347247124,2.1187994480133057,-0.02025832235813141,1.201533317565918,-0.032353825867176056,1.1399775743484497,0.009558072313666344,0.575556218624115,0.011618068441748619,0.5377506017684937,0.0010740493889898062,0.40398743748664856,-0.0011211781529709697,0.48559296131134033,0.0013790816301479936,0.37523847818374634,0.000740433344617486,0.4798198342323303,-0.0018432529177516699,0.43580570816993713,-0.0020528873428702354,0.3873758912086487,-0.0006531413528136909,0.37593549489974976,-0.0018950673984363675,0.4066626727581024,0.242888942360878,0.2857767641544342,0.17368096113204956,0.14827927947044373,0.32042333483695984,0.3042333126068115,0.439321905374527,0.4196304678916931,0.3059747815132141,0.2894696891307831,0.23389500379562378,0.251414030790329,0.27984368801116943,0.2617507874965668,0.4954758882522583,0.36389127373695374,0.3814769685268402,0.3033788204193115,0.2171470820903778,0.18644464015960693,0.2302151620388031,0.2729273736476898,0.18881475925445557,0.15784023702144623,0.1562688648700714,0.07990828901529312,551.8922343418353,120.03933835616904,608.0307272118964,197.9162294722592,0.023671723887814314,0.007794210449029494,126.04801829268293
chopin,48,70,22,sway,"close eyes, smile",1,-320.838623046875,38.19270324707031,217.7801055908203,24.974990844726562,74.07229614257812,17.190414428710938,-0.36601871252059937,13.701157569885254,-0.759800910949707,8.922118186950684,8.772584915161133,9.713915824890137,4.396861553192139,7.210565567016602,-3.260340452194214,7.4764299392700195,-6.204861164093018,6.594722747802734,-4.457621097564697,6.8479084968566895,-2.0382955074310303,8.582228660583496,-1.068302869796753,7.353110313415527,0.1253426969051361,8.416097640991211,0.010175800882279873,3.5080671310424805,0.007122774608433247,2.063093900680542,0.001788573688827455,1.8425124883651733,-0.007025943603366613,1.0694797039031982,-0.00650270190089941,0.9138544797897339,-0.00014642700261902064,0.7622872591018677,-0.000703946512658149,0.8284064531326294,-0.007377036847174168,0.6812213659286499,-0.010378585197031498,0.7357679605484009,-0.004955452401190996,0.6924476027488708,0.002138059353455901,0.6906729936599731,0.0014904419658705592,0.5828388333320618,-0.003842433914542198,0.6244295835494995,0.0019256612285971642,1.8170983791351318,-0.018984418362379074,1.0444114208221436,-0.007276350632309914,1.001847505569458,0.010938664898276329,0.5755564570426941,-0.0016894290456548333,0.47551673650741577,-0.0058903684839606285,0.44226470589637756,0.00032694145920686424,0.5275186896324158,0.0023155685048550367,0.35781607031822205,-0.0013615436619147658,0.43149685859680176,-0.0009519695304334164,0.3643505275249481,0.0018050639191642404,0.3640044331550598,0.0009298907243646681,0.32765254378318787,-0.003544206963852048,0.343243807554245,0.25414589047431946,0.2997402548789978,0.24499958753585815,0.24153099954128265,0.4277729392051697,0.30714547634124756,0.5569272637367249,0.37408706545829773,0.3771043121814728,0.20845656096935272,0.42751818895339966,0.3769119381904602,0.2864944636821747,0.1869574338197708,0.32242467999458313,0.32110753655433655,0.24180106818675995,0.18439756333827972,0.2522810101509094,0.21742084622383118,0.2731378376483917,0.2636350989341736,0.22986340522766113,0.20615346729755402,0.13778266310691833,0.05891706049442291,510.91282303539134,84.1270674040718,584.3108143276285,137.90964009028983,0.021043247031662268,0.006349661064811883,126.04801829268293
chopin,70,80,10,sway,smile,3,-298.60406494140625,40.59021759033203,228.88345336914062,23.313322067260742,50.64323425292969,21.116132736206055,-12.891843795776367,12.793631553649902,6.830350399017334,10.562568664550781,9.660983085632324,8.666966438293457,-5.19077730178833,10.395421028137207,-9.19792652130127,7.471181392669678,-8.223705291748047,6.750192642211914,-7.631739616394043,6.1831374168396,-5.033197402954102,9.46048641204834,-3.708559274673462,10.821258544921875,-3.592662811279297,9.188765525817871,0.06699156016111374,4.207401752471924,0.043942127376794815,2.662891149520874,-0.0039617447182536125,2.025031566619873,-0.003773726988583803,1.1313514709472656,0.010747794061899185,1.0571080446243286,0.0002564731112215668,0.9943308234214783,-0.015133587643504143,0.9826816916465759,-0.01515487302094698,0.821028470993042,-0.005527489818632603,0.7315508723258972,0.00921643152832985,0.6669818162918091,0.016895698383450508,0.7723008990287781,0.009054708294570446,0.827436089515686,0.007048105355352163,0.7799125909805298,0.05270831659436226,2.241032838821411,-0.07289552688598633,1.4242547750473022,-0.015212192200124264,1.0308127403259277,0.03227689117193222,0.610489547252655,-0.008990456350147724,0.5516196489334106,-0.012087848968803883,0.5219154953956604,0.00034787089680321515,0.5882931351661682,0.002940916223451495,0.4312014877796173,0.0028562576044350863,0.4563126862049103,0.001843584468588233,0.3749040961265564,-0.0009875651448965073,0.4224826395511627,0.0024649924598634243,0.44046589732170105,0.0008194537949748337,0.41482603549957275,0.21475276350975037,0.2759651243686676,0.16548112034797668,0.22053103148937225,0.3348521888256073,0.2993650436401367,0.46112486720085144,0.392689049243927,0.3451138138771057,0.27537140250205994,0.28851133584976196,0.28218787908554077,0.26677918434143066,0.1922895610332489,0.40670910477638245,0.357696533203125,0.31366682052612305,0.3008420765399933,0.22574348747730255,0.22555458545684814,0.23019002377986908,0.22040249407291412,0.2911126911640167,0.3401038348674774,0.16005723178386688,0.06600633263587952,604.296900634072,123.46391161116401,650.1904629613243,209.16792985155283,0.02233008718822506,0.0059962061971396315,82.03125
chopin,80,85,5,sway,"close eyes, smile",1,-279.9183044433594,33.64340591430664,243.70677185058594,13.051405906677246,49.36543273925781,22.639419555664062,-8.247003555297852,5.978796005249023,4.325199604034424,15.041672706604004,-1.1001126766204834,8.599238395690918,-4.508533000946045,11.650315284729004,0.22809503972530365,9.5264892578125,0.6120783686637878,9.695046424865723,2.7571661472320557,12.707452774047852,4.877780914306641,10.12759780883789,1.3602256774902344,9.611750602722168,-2.0984292030334473,9.81273078918457,-0.21636736392974854,4.095344543457031,-0.018027661368250847,2.056104898452759,0.0452263243496418,2.2105729579925537,-0.00016703351866453886,0.8948943018913269,-0.02649850957095623,0.9695211052894592,-0.00799006037414074,0.99602210521698,0.03673957660794258,0.8726518154144287,0.0540693923830986,0.8282307386398315,0.04941743239760399,0.7669985294342041,0.043467115610837936,0.8838229179382324,0.038806281983852386,1.0014283657073975,0.03215287625789642,0.9035805463790894,0.013330411165952682,0.8290188908576965,0.16460813581943512,2.5227315425872803,-0.08979544043540955,1.1130965948104858,-0.05267249047756195,1.3059111833572388,0.03631575405597687,0.5036948323249817,-0.004768273327499628,0.5296943783760071,-0.010565492324531078,0.5720439553260803,0.0004917778423987329,0.501146674156189,-0.0002907409507315606,0.41455331444740295,-0.0030950906220823526,0.4511801600456238,0.0019305377500131726,0.47476860880851746,0.006010559853166342,0.5460948944091797,0.009554714895784855,0.45206788182258606,0.003406146541237831,0.42062658071517944,0.36696505546569824,0.33995237946510315,0.3571082353591919,0.37683719396591187,0.20625117421150208,0.22336556017398834,0.2247515767812729,0.23587432503700256,0.3141544759273529,0.26217275857925415,0.30194997787475586,0.30128854513168335,0.20152266323566437,0.15744131803512573,0.40097373723983765,0.36508709192276,0.28470578789711,0.2835944592952728,0.13474294543266296,0.11590693145990372,0.2524171769618988,0.29237520694732666,0.2743825912475586,0.2597362995147705,0.22009387612342834,0.06256508827209473,611.9799477974739,116.02662070676313,642.2134405943099,225.6535274434551,0.026725184889791184,0.007196419354452855,84.72079918032787
chopin,85,97,12,none,oh face,3,-296.4286804199219,34.29428482055664,222.8733367919922,19.655868530273438,63.31886291503906,19.254257202148438,-3.730656862258911,11.199857711791992,1.4483466148376465,9.100966453552246,4.7327070236206055,8.995179176330566,-0.46069836616516113,11.418971061706543,-2.3579659461975098,8.863362312316895,-2.5682289600372314,7.1542582511901855,-0.5342368483543396,9.212050437927246,2.242279529571533,10.8357572555542,2.1032907962799072,11.817601203918457,1.0400331020355225,11.036667823791504,-0.03239407017827034,3.882824182510376,-0.0017757711466401815,1.975433111190796,0.018432993441820145,2.1298482418060303,0.003252564463764429,0.9408382177352905,0.003930562175810337,0.9887353181838989,0.011179088614881039,0.8573169112205505,0.007623381447046995,0.8428654074668884,-0.008384264074265957,0.7089195251464844,-0.018789269030094147,0.7670648097991943,-0.015260054729878902,0.7230261564254761,-0.01106247864663601,0.7138966917991638,-0.012456926517188549,0.735835611820221,-0.01116868108510971,0.7797226905822754,0.0732152909040451,2.315035581588745,-0.001904560485854745,1.1003135442733765,-0.0373062826693058,1.3204339742660522,0.002218310022726655,0.5544192790985107,0.00999597180634737,0.5599486231803894,0.005234831478446722,0.4969825744628906,-0.004573396407067776,0.5065599679946899,-0.007072094362229109,0.39618828892707825,-0.002331055700778961,0.4683515727519989,0.004903233610093594,0.4108858108520508,0.006783110089600086,0.40051811933517456,0.001955631887540221,0.40372395515441895,-0.0033493146765977144,0.4528305232524872,0.21384064853191376,0.25206902623176575,0.16237729787826538,0.15713030099868774,0.30777278542518616,0.282209187746048,0.4472809135913849,0.42159125208854675,0.3417592942714691,0.2737872898578644,0.33152490854263306,0.3165496587753296,0.2870588004589081,0.21182690560817719,0.4541900157928467,0.37127646803855896,0.3046996593475342,0.24674032628536224,0.18696175515651703,0.17638897895812988,0.2112903892993927,0.25132521986961365,0.21919509768486023,0.24973224103450775,0.17338800430297852,0.06983736902475357,571.5598041646209,115.93949338941114,613.373497793679,185.99334144982228,0.02434322866295938,0.007861520237001375,112.34714673913044
chopin,97,127,30,none,smile,3,-310.8974914550781,35.844383239746094,227.74478149414062,20.089311599731445,64.85720825195312,21.552825927734375,-6.489152908325195,13.127008438110352,2.4526619911193848,10.587924003601074,9.788867950439453,8.942078590393066,0.7689380645751953,9.527652740478516,-5.8422441482543945,8.16799545288086,-7.1502461433410645,7.06599235534668,-5.584930896759033,6.672497272491455,-3.043132781982422,9.226258277893066,-2.108562707901001,9.268277168273926,-1.6244126558303833,9.167912483215332,0.008495490066707134,3.814239501953125,0.011907561682164669,2.088651180267334,-0.0032584047876298428,2.063096761703491,-0.007056050468236208,1.0180728435516357,0.0014691079268231988,1.0661817789077759,0.0005038139061070979,0.8183801174163818,-0.0012230027932673693,0.9212939143180847,0.0013875323347747326,0.790286660194397,0.003924620803445578,0.7573255896568298,0.004894869867712259,0.6503420472145081,0.004335721023380756,0.722276508808136,0.0025180811062455177,0.6799812912940979,0.0031253048218786716,0.6790465116500854,0.01728343963623047,2.0088348388671875,-0.011413569562137127,1.118309497833252,-0.008474960923194885,1.0905479192733765,0.008117143996059895,0.5665013790130615,0.0024087128695100546,0.5433700084686279,-0.0019802122842520475,0.46104198694229126,-0.0015432311920449138,0.568196177482605,0.0013352808309718966,0.4198293685913086,0.0019498264882713556,0.4705091714859009,0.0001659865229157731,0.38165387511253357,-0.0011036691721528769,0.3780148923397064,0.0002611297823023051,0.37224891781806946,0.0012238459894433618,0.37038177251815796,0.24858109652996063,0.2883293628692627,0.22133976221084595,0.2408331036567688,0.40409913659095764,0.3083977997303009,0.5250385999679565,0.3854965269565582,0.37216582894325256,0.23362667858600616,0.3801666498184204,0.3603474795818329,0.27581021189689636,0.18710672855377197,0.3491612374782562,0.34007227420806885,0.2660018503665924,0.2274368405342102,0.25206929445266724,0.21822738647460938,0.28099098801612854,0.2547248303890228,0.2677046060562134,0.26342499256134033,0.15352582931518555,0.05927566811442375,545.9747400333288,96.79015373136508,595.4440594809392,123.36019092533927,0.021598319889222135,0.006200791886684969,112.34714673913044
chopin,127,153,26,sway,"close eyes, smile",1,-314.1432800292969,37.106327056884766,214.7293243408203,23.221296310424805,67.76317596435547,18.33470344543457,-2.4933879375457764,11.118318557739258,-0.4771628677845001,11.016814231872559,5.938075542449951,8.488682746887207,1.2410656213760376,10.953507423400879,-2.989760160446167,8.872944831848145,-4.526891231536865,9.439971923828125,-2.6410880088806152,9.067299842834473,0.4529098570346832,9.388970375061035,0.3514297604560852,10.910544395446777,-0.4797377586364746,11.078675270080566,-0.04316547140479088,3.6259303092956543,-0.005229686852544546,2.291248083114624,0.013101364485919476,1.718919277191162,0.0031286883167922497,1.045505404472351,0.0017660375451669097,0.8487759828567505,0.002653458621352911,0.7487311363220215,0.005048746708780527,0.8145006895065308,0.0019517643377184868,0.7895416617393494,-0.002744614612311125,0.7605195045471191,-0.00355211622081697,0.7172382473945618,-0.002007553353905678,0.7700150609016418,-0.0028633761685341597,0.7610998153686523,-0.005824297666549683,0.7358502745628357,0.018950458616018295,1.9983067512512207,-0.009074724279344082,1.222987174987793,-0.009138415567576885,1.0181243419647217,0.004592683631926775,0.6236903071403503,0.00035725077032111585,0.4704454243183136,-0.004242622759193182,0.42475154995918274,-0.0011019471567124128,0.48478591442108154,0.0030079197604209185,0.43414685130119324,0.0008781190845184028,0.46778565645217896,-0.002544048707932234,0.4084024727344513,-0.0024136381689459085,0.4036650061607361,0.0001714822428766638,0.40463897585868835,0.0010917872423306108,0.3799363374710083,0.22286413609981537,0.27764496207237244,0.20630888640880585,0.2423294484615326,0.3641680181026459,0.28603193163871765,0.5270338654518127,0.41896238923072815,0.38077986240386963,0.2718232274055481,0.2929760813713074,0.29557135701179504,0.2615504264831543,0.21417513489723206,0.4191551208496094,0.35925790667533875,0.2991735339164734,0.2775510549545288,0.1904887706041336,0.1975976824760437,0.21393778920173645,0.2477724552154541,0.2030862718820572,0.22407206892967224,0.1459657996892929,0.06776458770036697,551.9474343895508,96.39212516272949,599.193403635944,129.95985936216164,0.0235107421875,0.007396160121071284,129.19921875
chopin,153,187,34,sway,thoughtful,1,-317.1817932128906,30.6312198638916,206.04867553710938,18.936607360839844,75.09610748291016,16.635517120361328,2.3700554370880127,11.358566284179688,-2.4588160514831543,7.6896162033081055,7.421213626861572,7.8726091384887695,5.775106430053711,9.630899429321289,-3.1766457557678223,10.42431640625,-8.116257667541504,10.059210777282715,-4.17315673828125,7.6544952392578125,1.1993902921676636,8.495427131652832,1.099575161933899,9.989058494567871,-1.2119959592819214,11.511184692382812,0.02004879154264927,3.6358299255371094,0.008943013846874237,2.31249737739563,-0.003364664502441883,1.7102106809616089,-0.004813375882804394,1.2202202081680298,-0.002986806444823742,0.8113239407539368,0.0019877261947840452,0.6744864583015442,0.0028765310999006033,0.7862582206726074,0.00249306159093976,0.7433780431747437,0.0025061103515326977,0.8013880252838135,0.0003296515787951648,0.6943230032920837,-0.003415704471990466,0.7264018654823303,-0.0043100276961922646,0.6929197311401367,-0.001286958926357329,0.7538592219352722,0.010353798046708107,1.9681947231292725,-0.002935583470389247,1.1962192058563232,-0.007671084720641375,1.0226737260818481,0.001190579030662775,0.7134436368942261,0.0016464092768728733,0.466508150100708,-0.0021673403680324554,0.3945908546447754,-0.0025880243629217148,0.4795803725719452,0.0002475486253388226,0.40262317657470703,0.0010636579245328903,0.48411181569099426,9.799618419492617e-05,0.3986332416534424,-0.0002435412025079131,0.4031396210193634,0.0007134455954656005,0.38664260506629944,0.0012395576341077685,0.3784865736961365,0.13102185726165771,0.19586580991744995,0.12456593662500381,0.13054081797599792,0.41649729013442993,0.24498212337493896,0.6737616062164307,0.3709946870803833,0.4039762020111084,0.21586301922798157,0.27993088960647583,0.28960442543029785,0.23863539099693298,0.18559086322784424,0.39778077602386475,0.35900363326072693,0.3654450476169586,0.32831963896751404,0.2577049732208252,0.2604287266731262,0.23032905161380768,0.2456689476966858,0.1664726734161377,0.1793147176504135,0.13407325744628906,0.05877508595585823,527.2001919350033,96.87539075149799,576.8252958242276,120.88346641234034,0.022552458977039946,0.007833238273408143,120.18531976744185
chopin,187,203,16,none,oh face,3,-268.606201171875,55.3593635559082,234.93222045898438,27.46822166442871,42.307640075683594,29.228914260864258,-7.8979034423828125,10.31438159942627,7.055594444274902,11.013266563415527,10.902918815612793,9.391436576843262,7.44796085357666,8.6998291015625,0.11820872128009796,7.574587345123291,-2.7903566360473633,6.958220481872559,1.8415318727493286,8.226025581359863,1.054697036743164,10.296385765075684,-5.687857627868652,8.54096508026123,-6.571896076202393,12.435093879699707,-0.08166112005710602,4.903914451599121,-0.033528927713632584,1.203118920326233,0.013184924609959126,3.28456711769104,0.007631697226315737,1.1470223665237427,0.0015646234387531877,0.8551756143569946,-0.007800597231835127,0.9078561067581177,-0.005387877579778433,0.7808912396430969,0.0006689606816507876,0.6948069930076599,0.0034046315122395754,0.7807610034942627,0.004054944962263107,0.716519832611084,0.004675150848925114,0.8135602474212646,0.002350415103137493,0.8180157542228699,-0.0016875125002115965,0.9281883835792542,0.02751956135034561,2.898299217224121,-0.010815031826496124,0.6607294082641602,-0.01453401055186987,1.8982818126678467,0.010010433383286,0.6542634963989258,0.006345773581415415,0.5171247124671936,-0.005797955673187971,0.5251369476318359,-0.008435296826064587,0.48755931854248047,-0.0019100428326055408,0.4226376414299011,0.0013241033302620053,0.534131646156311,0.0012828418985009193,0.4378722310066223,0.0011357960756868124,0.4519672989845276,0.0007771601085551083,0.4657564163208008,-0.0005382105009630322,0.49365514516830444,0.24311263859272003,0.24272415041923523,0.17718292772769928,0.14890697598457336,0.29994869232177734,0.23288032412528992,0.4167425036430359,0.33966755867004395,0.327764093875885,0.1992858648300171,0.373427152633667,0.3373415172100067,0.2811748683452606,0.187423974275589,0.39552056789398193,0.2928866744041443,0.4868225157260895,0.3216019570827484,0.38694527745246887,0.27471277117729187,0.44995546340942383,0.3817085027694702,0.32868900895118713,0.27268871665000916,0.20275768637657166,0.09339888393878937,644.849698916191,189.2620701316173,746.2192847474906,252.96201156265386,0.02513320624093546,0.010454651777848455,79.50721153846153
chopin,203,215,12,none,surprise,3,-357.02984619140625,66.37061309814453,219.1101531982422,30.64525604248047,27.95740509033203,37.72141647338867,-20.382129669189453,13.684540748596191,6.039744853973389,18.450468063354492,19.177486419677734,14.55738353729248,18.465805053710938,9.405091285705566,3.7787935733795166,10.953816413879395,-5.7151923179626465,14.698614120483398,7.163383960723877,9.143019676208496,13.915929794311523,13.217607498168945,-0.708425760269165,8.034954071044922,-11.900860786437988,11.580209732055664,0.01731204427778721,5.166739463806152,0.029443956911563873,3.1830923557281494,0.029885903000831604,2.3168985843658447,0.017203671857714653,0.9762704372406006,0.008000479079782963,0.9727984070777893,0.006811988539993763,1.2495057582855225,0.0020736430305987597,1.2476587295532227,-0.00602013198658824,1.0428963899612427,-0.011081868782639503,1.0293165445327759,-0.011487237177789211,0.9611941576004028,-0.004616857971996069,0.8833256959915161,0.006381066981703043,1.0780937671661377,0.014209426008164883,0.9826751351356506,0.023223228752613068,3.899620771408081,-0.013064985163509846,2.1817572116851807,-0.030258001759648323,2.093262195587158,0.009342306293547153,0.7942132949829102,0.012107230722904205,0.8207995295524597,-0.00023120745026972145,0.9362524747848511,-0.006637237966060638,0.9785504341125488,-0.004032080993056297,0.664966881275177,-0.0009281584061682224,0.9233529567718506,-0.0015358523232862353,0.5508319735527039,-0.0008563286392018199,0.721729040145874,-0.0005664262571372092,0.6237314939498901,-0.000737868482246995,0.8641525506973267,0.40656858682632446,0.3913317322731018,0.21740776300430298,0.167208731174469,0.24798770248889923,0.2863330543041229,0.20066291093826294,0.2380361109972,0.1522621214389801,0.15035144984722137,0.1764201670885086,0.21553874015808105,0.12989453971385956,0.11847798526287079,0.18700668215751648,0.18971022963523865,0.32248198986053467,0.28226691484451294,0.4995625913143158,0.3654162287712097,0.42832985520362854,0.33115118741989136,0.2977958619594574,0.2492237240076065,0.07117805629968643,0.05004378780722618,886.3149418393377,245.26492170492463,895.05722615054,184.7664291254722,0.049444851607833656,0.020241823639030418,135.99917763157896
chopin,215,237,22,none,smile,3,-465.4624328613281,74.51958465576172,175.74465942382812,76.29834747314453,78.68513488769531,29.999130249023438,11.199151039123535,15.498492240905762,-3.8358664512634277,7.509077548980713,3.275200128555298,7.903158664703369,5.430080413818359,6.61917781829834,1.3091461658477783,7.9298415184021,-1.3832889795303345,6.352080345153809,-0.8673670291900635,5.487597465515137,0.06580800563097,5.832764625549316,0.03674978390336037,5.51797342300415,-0.3731968402862549,4.7097978591918945,-0.12946674227714539,2.4143424034118652,-0.11601745337247849,1.6495723724365234,-0.03863479569554329,1.1453874111175537,-0.010508791543543339,0.8245036005973816,-0.0008498760289512575,0.6187359094619751,-0.003427574411034584,0.5963990092277527,-0.003318933304399252,0.6296047568321228,0.0015258544590324163,0.49906688928604126,0.0033433863427489996,0.4470830261707306,0.0034075684379786253,0.45193547010421753,0.0013062937650829554,0.5510312914848328,-0.002285923110321164,0.6068778038024902,-0.004394321236759424,0.46247193217277527,0.010882270522415638,1.2281664609909058,-0.004884410183876753,0.7858580946922302,-0.006486795376986265,0.6419147253036499,0.0040942528285086155,0.46441081166267395,0.0016490683192387223,0.34751635789871216,-0.0015522888861596584,0.31147512793540955,-0.0016777015989646316,0.36930233240127563,-0.00021001546701882035,0.28153207898139954,-0.0002050306648015976,0.28367409110069275,-0.0001654924708418548,0.25955328345298767,-0.00019147302373312414,0.32362625002861023,-0.0010595679050311446,0.35203084349632263,-0.00029911258025094867,0.26049336791038513,0.2391686588525772,0.20630668103694916,0.23404821753501892,0.20642036199569702,0.5013515949249268,0.2537955343723297,0.7242497205734253,0.3443430960178375,0.4988429546356201,0.2632714807987213,0.29702845215797424,0.23952321708202362,0.3742719292640686,0.23916856944561005,0.6484301686286926,0.3123547434806824,0.41482013463974,0.23228873312473297,0.3825993537902832,0.24425764381885529,0.5025029182434082,0.2952176034450531,0.35858726501464844,0.22541841864585876,0.04289553314447403,0.04281945899128914,1508.3290467143079,2982.8254161366385,1471.2137359738238,1890.0548410805611,0.04470156868403694,0.08492835490876015,123.046875
closer,0,10,10,none,neutral,0,-327.045166015625,81.75353240966797,218.54531860351562,49.68798828125,51.8820915222168,27.939804077148438,-21.38624382019043,13.547836303710938,-20.139650344848633,10.283815383911133,5.528654098510742,12.646212577819824,-13.608318328857422,8.772254943847656,-12.268477439880371,7.159558296203613,-6.153085708618164,7.846729278564453,0.7115572690963745,6.7318949699401855,-7.087868690490723,5.629413604736328,-5.977542400360107,7.920748710632324,-14.06668472290039,6.5072407722473145,0.5022340416908264,4.119665622711182,0.13260634243488312,3.903836250305176,0.041136354207992554,1.6522259712219238,-0.023900287225842476,1.0058907270431519,-0.048718661069869995,1.0412211418151855,-0.002590842079371214,0.9082866311073303,-0.039451465010643005,0.7250068783760071,0.005909254774451256,0.7944941520690918,-0.014398154802620411,0.805840790271759,-0.0004827760567422956,0.9010049104690552,-0.00771773885935545,0.7387991547584534,-0.003507590852677822,0.7074371576309204,-0.015247856266796589,0.7422980070114136,0.008295404724776745,1.6894466876983643,-0.0019193998305127025,1.5827070474624634,-0.005681678652763367,0.8629913330078125,0.0018831375055015087,0.6379495859146118,0.004252326674759388,0.5879448652267456,-0.005594776943325996,0.5265284180641174,0.0016904139192774892,0.5116689801216125,0.001116046216338873,0.4307838976383209,0.004019705578684807,0.4747549593448639,0.00039906776510179043,0.5179003477096558,0.004148585721850395,0.4986220896244049,-7.419388566631824e-05,0.4404968023300171,0.004613419063389301,0.4189659059047699,0.28371185064315796,0.2549484968185425,0.24211449921131134,0.15806260704994202,0.4509933590888977,0.19801676273345947,0.7546176910400391,0.2931557297706604,0.5549591779708862,0.23555916547775269,0.3238942325115204,0.2371043711900711,0.22611236572265625,0.16768990457057953,0.3689406216144562,0.19855770468711853,0.6142366528511047,0.3089554011821747,0.4256651997566223,0.22014860808849335,0.4125397503376007,0.31278687715530396,0.2642776370048523,0.17941908538341522,0.08078939467668533,0.04829399287700653,1311.5605682025332,1539.1907395536145,2027.922418105061,1336.4215464224012,0.03322068499854988,0.03865045621641903,63.02400914634146
closer,10,27,17,nod,neutral,3,-209.41650390625,123.80573272705078,94.75189971923828,57.0972900390625,3.936535358428955,31.232301712036133,32.42616271972656,27.434364318847656,-5.047982692718506,19.896299362182617,29.45664405822754,19.539844512939453,-12.725458145141602,16.13294792175293,8.106095314025879,13.98276138305664,-5.627286911010742,13.746319770812988,4.715991497039795,10.770849227905273,-6.1507744789123535,10.33856201171875,-1.1484944820404053,9.691451072692871,-4.799659252166748,10.261241912841797,-0.05094636604189873,15.07808780670166,-0.006376811768859625,7.22406530380249,-0.006646611262112856,5.0796427726745605,0.05833348631858826,3.3785438537597656,0.019780375063419342,2.9326460361480713,0.03788679093122482,2.40106201171875,0.026608828455209732,2.4818789958953857,-0.011516920290887356,2.0915064811706543,0.009063993580639362,2.03896427154541,0.0028575588949024677,1.7237080335617065,0.008236808702349663,1.6082086563110352,0.010552752763032913,1.496293306350708,0.011791675351560116,1.5049898624420166,-0.022272977977991104,7.260739326477051,0.0019159766379743814,2.8942298889160156,-2.590218537079636e-05,2.2736454010009766,-0.004086057189851999,1.5863077640533447,-0.0013757614651694894,1.4317492246627808,0.0014485965948551893,1.0919615030288696,0.012870202772319317,1.2894610166549683,-0.0019950359128415585,1.048658847808838,0.0027094390243291855,0.9920515418052673,0.0016638014931231737,0.994036078453064,0.008140452206134796,0.9419342875480652,0.004878198262304068,0.8972374796867371,0.0056544397957623005,0.7482126355171204,0.43823933601379395,0.30573174357414246,0.4018012583255768,0.27532970905303955,0.47793594002723694,0.2877187132835388,0.5413763523101807,0.34859180450439453,0.49678492546081543,0.32691431045532227,0.39673560857772827,0.27736616134643555,0.37925589084625244,0.24283209443092346,0.4709203541278839,0.3238997757434845,0.5031178593635559,0.3081483542919159,0.4929529130458832,0.2831544280052185,0.5164750218391418,0.2999352514743805,0.4633379876613617,0.2756916880607605,0.1319100558757782,0.115555040538311,4021.196452385397,2117.800729047432,4086.5940436696756,1049.2291046793243,0.09355835377559726,0.10260210569270756,93.96306818181819
closer,27,47,20,sway,neutral,2,-111.88619232177734,77.27210235595703,103.92259979248047,36.69427490234375,-5.508428573608398,33.204471588134766,35.003517150878906,21.403606414794922,-28.570053100585938,20.484298706054688,26.369346618652344,19.45921516418457,-20.422195434570312,14.452665328979492,10.754813194274902,14.326619148254395,-12.71324348449707,11.387091636657715,7.809162139892578,8.794265747070312,-15.00220775604248,11.10029125213623,-0.08298882842063904,11.379541397094727,-5.578763008117676,10.23175048828125,0.01761428453028202,11.320693016052246,-0.007548658177256584,5.042459487915039,-0.007995229214429855,4.210466384887695,-0.005074615590274334,2.5089643001556396,-0.024157142266631126,2.331665277481079,-0.01075709331780672,2.2508466243743896,-0.0330381840467453,1.9917057752609253,0.005196672864258289,1.9288110733032227,-0.02099750190973282,1.5857123136520386,-0.0011356152826920152,1.4195542335510254,-0.013475204817950726,1.453234076499939,-0.0026177833788096905,1.3876179456710815,-0.0021975256968289614,1.4305448532104492,-0.04029477760195732,5.622908115386963,-0.015242432244122028,2.2864129543304443,0.009721655398607254,1.9327924251556396,0.0022390447556972504,1.2339450120925903,0.00232485868036747,1.115721583366394,0.0015670531429350376,1.0075225830078125,-3.843790545943193e-05,1.0785746574401855,0.0015010343631729484,0.9622395634651184,0.0005733861471526325,0.8084572553634644,-0.0011895827483385801,0.8265484571456909,0.003804302541539073,0.8385264277458191,-0.002996566006913781,0.7530004978179932,0.0010768824722617865,0.7444730997085571,0.34036919474601746,0.27719926834106445,0.30054914951324463,0.25425344705581665,0.4207639694213867,0.29061949253082275,0.5369394421577454,0.3523380160331726,0.44778168201446533,0.2969016134738922,0.4367825984954834,0.3102860152721405,0.40398961305618286,0.23385711014270782,0.505168616771698,0.2770634591579437,0.6271741986274719,0.3131883442401886,0.5177639722824097,0.2551858127117157,0.4939074218273163,0.30829817056655884,0.3598729074001312,0.24744632840156555,0.17682620882987976,0.10396084934473038,4445.594763167466,1769.0906465596127,4270.304221145986,839.6360099258468,0.10733374065946025,0.08221391665917877,95.703125
closer,47,70,23,nod,neutral,2,-69.22100830078125,40.28791427612305,115.34516906738281,31.449119567871094,-0.8901082277297974,16.845924377441406,47.73859405517578,15.781105995178223,-20.764320373535156,11.430445671081543,26.734928131103516,11.149429321289062,-20.062332153320312,8.886932373046875,17.20538902282715,10.477865219116211,-11.662284851074219,8.291664123535156,12.735023498535156,8.381974220275879,-7.766536712646484,8.01892375946045,5.0921549797058105,7.34972620010376,-1.0481117963790894,9.136591911315918,0.06575272232294083,6.643157005310059,-0.02173089049756527,4.69165563583374,-0.010597762651741505,2.3844358921051025,-0.000743720680475235,2.0648224353790283,0.011593081057071686,1.7370038032531738,-0.00080598279600963,1.5966907739639282,-0.000639187463093549,1.4260151386260986,-0.005812655668705702,1.3932636976242065,-0.0020408215932548046,1.3289854526519775,0.001540978904813528,1.2381178140640259,-0.0058849831111729145,1.190151333808899,-0.0035873891320079565,1.0746980905532837,-0.006777398753911257,1.17246413230896,0.015526363626122475,3.320678949356079,-0.005108601879328489,2.116483211517334,-0.0020072602201253176,1.1615643501281738,0.006726604886353016,1.0019065141677856,0.0030403085984289646,0.8696498870849609,0.0014006735291332006,0.8408693075180054,0.0011989197228103876,0.8082454204559326,-0.000701485900208354,0.7819931507110596,0.00039286978426389396,0.7336117625236511,0.007645307574421167,0.7034464478492737,0.004545217379927635,0.7041148543357849,-0.0011267809895798564,0.6514125466346741,-0.00020211520313750952,0.6653356552124023,0.3837011158466339,0.27447277307510376,0.29613196849823,0.20162270963191986,0.39608487486839294,0.26515379548072815,0.48458826541900635,0.3336181044578552,0.39018917083740234,0.24727515876293182,0.4032278060913086,0.26334667205810547,0.3397426903247833,0.2049662321805954,0.4493965208530426,0.2617076635360718,0.5967447757720947,0.32479724287986755,0.5278883576393127,0.21000507473945618,0.608268141746521,0.3284699022769928,0.4030608534812927,0.19456860423088074,0.2397761195898056,0.057700611650943756,3980.7378979001874,1412.97021948234,4355.154470556651,552.5935374742435,0.07823635374621594,0.05631443917248984,184.5703125
closer,70,90,20,shake,smile,4,-71.7471923828125,62.877967834472656,83.64049530029297,29.415332794189453,-33.00736618041992,25.30938720703125,45.37232971191406,17.29521942138672,-33.83769607543945,15.05513858795166,27.56346893310547,12.435894966125488,-22.678205490112305,12.285265922546387,5.535725116729736,14.46242904663086,-17.846187591552734,10.365673065185547,-1.5419577360153198,14.562439918518066,-16.502702713012695,10.062159538269043,-4.569575309753418,12.304614067077637,-9.741836547851562,7.747217655181885,-0.045302215963602066,11.046334266662598,0.021792763844132423,4.044909477233887,-0.0017808282282203436,3.595902919769287,0.0050890808925032616,2.146275043487549,-0.009714974090456963,1.855891466140747,-0.0035693389363586903,1.3737804889678955,1.2747575965477154e-05,1.7680914402008057,-0.00098716642241925,2.1429927349090576,0.008222423493862152,1.5166760683059692,-0.001901531359180808,1.7905144691467285,-0.0035289106890559196,1.4225718975067139,-0.00029975263169035316,1.6155564785003662,0.005160953383892775,1.1375080347061157,-0.001392243430018425,5.285060405731201,-0.00018175382865592837,1.7734291553497314,-0.00021359966194722801,1.7152626514434814,0.004955015145242214,1.131879210472107,0.0033495775423943996,0.9284600019454956,-0.0028477199375629425,0.762466549873352,0.00450077885761857,1.0231457948684692,-0.0019254962680861354,0.9323746562004089,0.0033857731614261866,0.7682165503501892,-0.0013588423607870936,0.8428966403007507,-0.0001751587842591107,0.7861955761909485,-0.0012913610553368926,0.7687393426895142,-0.0006032536621205509,0.6524667143821716,0.33026430010795593,0.33136361837387085,0.23060913383960724,0.23358680307865143,0.25098249316215515,0.26293879747390747,0.28503525257110596,0.2913764417171478,0.2467270791530609,0.2606813311576843,0.23851558566093445,0.23153415322303772,0.2498217076063156,0.23524676263332367,0.4404185712337494,0.312372088432312,0.5885217189788818,0.39679455757141113,0.5053284168243408,0.19882117211818695,0.541857898235321,0.3832830488681793,0.34141677618026733,0.21990782022476196,0.20748908817768097,0.09440229088068008,4926.584172124946,1148.7304248380126,4236.851763834233,544.1477381693073,0.11656149113102147,0.05859277337722244,95.703125
closer,90,111,21,nod,neutral,2,-199.29080200195312,116.66238403320312,91.9263687133789,53.44483184814453,7.856454372406006,32.62672424316406,31.73576545715332,24.305919647216797,-12.450738906860352,22.995849609375,17.517959594726562,18.20569610595703,-17.161884307861328,16.745079040527344,8.181983947753906,15.682741165161133,-11.448636054992676,11.959100723266602,6.914935111999512,10.657730102539062,-3.8349201679229736,10.62771987915039,-5.281433582305908,10.00663948059082,-0.3656233847141266,9.614117622375488,-0.06817594170570374,14.788263320922852,0.012240416370332241,7.0212202072143555,-0.03672701120376587,4.773669719696045,-0.03284112364053726,3.45831298828125,-0.01006728783249855,3.122408151626587,-0.01295812614262104,2.3667445182800293,0.004422886297106743,2.4285991191864014,-0.014353714883327484,1.9379961490631104,0.0006611572462134063,1.8417788743972778,0.003941139206290245,1.6735390424728394,0.016954120248556137,1.5324527025222778,0.004932379350066185,1.668609619140625,0.011972987093031406,1.3967347145080566,0.0013304194435477257,7.210281848907471,0.0010405287612229586,3.2767391204833984,0.001357150380499661,2.093883514404297,-0.002569646807387471,1.6745868921279907,0.0011127281468361616,1.5207208395004272,0.0009733454789966345,1.1793378591537476,0.0021463653538376093,1.3111062049865723,0.0002880800166167319,1.0295419692993164,0.0013065786333754659,0.9559193253517151,-0.00156828248873353,0.9289939999580383,-0.0013798326253890991,0.8257355093955994,0.0007061376818455756,0.9265367388725281,0.002360624959692359,0.7857479453086853,0.40931233763694763,0.3305571973323822,0.34439998865127563,0.29905498027801514,0.36167412996292114,0.29426538944244385,0.42912450432777405,0.3542347252368927,0.3943963646888733,0.3160262703895569,0.37141481041908264,0.3137471675872803,0.3407866954803467,0.2534672021865845,0.4329642355442047,0.34737005829811096,0.457096666097641,0.3398868143558502,0.4457646608352661,0.2935863137245178,0.5016847252845764,0.3282792270183563,0.41651496291160583,0.2628314793109894,0.14171932637691498,0.12064351886510849,4177.563023479052,2010.3045777432476,4221.317192441187,1009.4307165108759,0.08678234262714207,0.08715895473765922,63.02400914634146
closer,111,145,34,sway,neutral,3,-77.0251235961914,54.296600341796875,105.51483154296875,33.268760681152344,-5.874593257904053,26.65135383605957,38.380496978759766,19.6442928314209,-24.128814697265625,14.320672988891602,28.37807846069336,13.879708290100098,-23.17668342590332,11.80253791809082,19.836254119873047,11.62837028503418,-15.18072509765625,8.888319969177246,7.455648422241211,10.421913146972656,-7.178044319152832,9.72659969329834,0.18242748081684113,10.446372032165527,-5.2823710441589355,9.910649299621582,0.04753714054822922,8.327207565307617,0.0007781657041050494,4.560957908630371,0.02192399837076664,3.462684392929077,0.014808469451963902,2.0956223011016846,0.012744269333779812,1.9612456560134888,0.017903843894600868,1.8865022659301758,-0.007853017188608646,1.7913072109222412,0.012005037628114223,1.6555453538894653,-0.004938529338687658,1.403146505355835,0.0040761446580290794,1.4924437999725342,0.0031700115650892258,1.4045095443725586,0.002522081136703491,1.3787486553192139,0.0010000158799812198,1.1796188354492188,-0.0008260554750449955,4.112530708312988,-0.006661554332822561,2.1049044132232666,0.002062390558421612,1.586870551109314,-0.0020437941420823336,1.0593161582946777,0.003573513124138117,0.9715593457221985,-0.0003390481579117477,0.9286479353904724,-0.0010823427001014352,1.0242902040481567,-0.0025299196131527424,0.8678246736526489,0.0007824820349924266,0.8090823888778687,-0.0009667998529039323,0.7965551018714905,-0.0006415898678824306,0.7842513918876648,-0.0005277754389680922,0.7611542344093323,0.0008929854957386851,0.6525598764419556,0.33632877469062805,0.2794985771179199,0.2535611689090729,0.21629534661769867,0.3594592809677124,0.2666285037994385,0.48810961842536926,0.3414030969142914,0.36223751306533813,0.26551803946495056,0.36976417899131775,0.2738736569881439,0.31409674882888794,0.22552351653575897,0.41134005784988403,0.2635680139064789,0.5806683897972107,0.3369606137275696,0.4952525496482849,0.23709097504615784,0.5956653356552124,0.3608086109161377,0.36410287022590637,0.21927016973495483,0.2234971970319748,0.08916162699460983,4446.967640365879,1636.8707845922293,4400.106533681126,571.9973367658224,0.10666619766771936,0.07976559824686433,95.703125
closer,145,160,15,nod,big smile,5,-62.21735382080078,58.68804168701172,90.4134521484375,32.846397399902344,-23.286056518554688,26.362960815429688,44.8061637878418,15.744264602661133,-28.175037384033203,16.627071380615234,25.039634704589844,12.512409210205078,-22.36911392211914,11.78476619720459,8.684955596923828,14.570284843444824,-16.46639060974121,9.760176658630371,2.386164426803589,15.405200958251953,-13.575077056884766,10.704126358032227,-1.8493962287902832,11.916345596313477,-8.88245964050293,8.246938705444336,0.03366650268435478,9.733111381530762,-0.044777825474739075,4.2608537673950195,-0.028689252212643623,3.2280399799346924,-0.026804842054843903,1.9383994340896606,-0.021123990416526794,1.7433339357376099,-0.0016931307036429644,1.292844533920288,-0.007184008602052927,1.6890405416488647,0.011022982187569141,1.8437037467956543,-0.00885166134685278,1.2864488363265991,-0.013891278766095638,1.5292510986328125,-0.036942820996046066,1.383968710899353,-0.0074760462157428265,1.414595127105713,-0.01492972020059824,1.1796658039093018,0.0842423364520073,4.59033203125,-0.0025777341797947884,1.9313842058181763,-0.013191075064241886,1.5150161981582642,-0.010497222654521465,1.0016452074050903,-0.005586432293057442,0.8746633529663086,-0.0023722448386251926,0.7202774882316589,-0.0012410222552716732,0.9449895024299622,-0.0012412822106853127,0.8524754047393799,0.0031677864026278257,0.705838680267334,0.002198937814682722,0.6871121525764465,0.007873676717281342,0.7458044290542603,-0.0008208102080971003,0.6638386249542236,0.0006941922474652529,0.6707146167755127,0.32540223002433777,0.3024578392505646,0.23180188238620758,0.2103097140789032,0.262844979763031,0.24513182044029236,0.32653138041496277,0.3006914556026459,0.26678648591041565,0.24613577127456665,0.26819226145744324,0.23243582248687744,0.25959891080856323,0.2196846902370453,0.4275926649570465,0.2783558964729309,0.6357943415641785,0.3772083520889282,0.5279735922813416,0.21571479737758636,0.5392935872077942,0.3745768964290619,0.3365372121334076,0.2079947292804718,0.22135533392429352,0.08231772482395172,4745.277994472578,1275.2459401736442,4342.188336600777,572.9695109759698,0.10749065765286378,0.056090797300199904,95.703125
closer,160,172,12,shake,frown,3,-60.990699768066406,57.42397689819336,88.24907684326172,27.793439865112305,-32.18113708496094,23.406848907470703,45.04887771606445,15.360334396362305,-30.77176856994629,14.333654403686523,30.33597183227539,10.727635383605957,-20.942598342895508,11.53509521484375,8.240762710571289,13.049722671508789,-17.376115798950195,9.73310661315918,1.7680346965789795,12.303831100463867,-14.640628814697266,9.296170234680176,-2.461228370666504,10.918621063232422,-9.291763305664062,7.191878318786621,-0.06888075917959213,9.971198081970215,0.013839375227689743,3.8616931438446045,0.05918993800878525,3.1669819355010986,0.002723309677094221,2.1204562187194824,0.013957792893052101,1.7811329364776611,0.010522824712097645,1.3371504545211792,0.019329216331243515,1.6075000762939453,-0.006892219185829163,1.9811558723449707,0.0005201924359425902,1.4490641355514526,-0.008616052567958832,1.646966576576233,0.0010938611812889576,1.3760679960250854,0.008430922403931618,1.6188241243362427,0.011824983172118664,1.1588003635406494,0.023777123540639877,4.922722339630127,0.016759265214204788,1.6656348705291748,0.014551241882145405,1.5564165115356445,0.011425095610320568,1.1309665441513062,0.003768519265577197,0.9213240742683411,0.006711801514029503,0.8023694753646851,0.00841801892966032,0.9482166767120361,-0.005477131810039282,0.9043362736701965,-0.006749723106622696,0.7684900164604187,-0.003955281805247068,0.822150468826294,0.0015205784002318978,0.7763811349868774,-0.0014356630854308605,0.7967450618743896,-0.0021331969182938337,0.6618391275405884,0.3340300917625427,0.30824339389801025,0.24486173689365387,0.2371639609336853,0.23745174705982208,0.23507572710514069,0.2688938081264496,0.26869913935661316,0.24986889958381653,0.2558702528476715,0.25288641452789307,0.23143814504146576,0.2544419765472412,0.22522179782390594,0.3977976441383362,0.3018774688243866,0.602540135383606,0.3871604800224304,0.5103433728218079,0.224906787276268,0.563657283782959,0.3772096633911133,0.4028894603252411,0.24544309079647064,0.21726766228675842,0.09543628245592117,4824.176345222377,1081.764360784967,4258.224253680314,492.4592110702202,0.11630207703699226,0.0574710544160703,95.703125
closer,172,210,38,nod,frown,3,-71.59607696533203,50.79737854003906,134.82952880859375,28.781044006347656,-1.1826756000518799,20.2845458984375,44.16008758544922,14.802071571350098,-19.469850540161133,12.783289909362793,31.286848068237305,10.066558837890625,-24.85379409790039,9.670092582702637,16.17906951904297,9.813287734985352,-13.661176681518555,8.7394437789917,6.512979984283447,8.085466384887695,-8.494246482849121,9.582332611083984,3.3191850185394287,7.831707000732422,-4.225613594055176,8.025956153869629,0.007727702613919973,5.606109142303467,0.006675168871879578,4.1362433433532715,-0.022237064316868782,2.1018128395080566,-0.01226627454161644,1.9466681480407715,-0.0021766957361251116,1.5533567667007446,-0.005403892602771521,1.5077546834945679,-0.006177869625389576,1.430410623550415,0.0033612672705203295,1.4093942642211914,0.00011593842646107078,1.3552014827728271,-0.0059356060810387135,1.2732551097869873,0.004391309805214405,1.2981981039047241,0.00280953012406826,1.0719499588012695,-0.0011456459760665894,1.1920866966247559,-0.005487197544425726,2.6862900257110596,-0.00010358595318393782,1.9867525100708008,0.002133285393938422,1.051571249961853,-0.0020791692659258842,0.9876641631126404,-0.00011830979201477021,0.8252440094947815,0.00019214069470763206,0.8601364493370056,-0.0003912718966603279,0.7886286377906799,0.0016313400119543076,0.8353051543235779,0.0005592462257482111,0.7402149438858032,-0.000826571136713028,0.7121368050575256,0.00041398557368665934,0.7279149889945984,0.0018205613596364856,0.6741384267807007,0.0032332856208086014,0.6575117707252502,0.3813229501247406,0.2866630554199219,0.26200857758522034,0.17693279683589935,0.3787807524204254,0.2358260452747345,0.5146642923355103,0.3253254294395447,0.3610462546348572,0.22724156081676483,0.31088945269584656,0.21843111515045166,0.2819850444793701,0.1791100800037384,0.45383140444755554,0.24869588017463684,0.6577560901641846,0.3186599314212799,0.529313862323761,0.22133204340934753,0.5678325295448303,0.32908424735069275,0.3976525068283081,0.2048858404159546,0.2576298117637634,0.08541349321603775,3371.914452976113,1175.797695669704,4058.065878205368,614.3545897465889,0.06842738240684178,0.046624393622964465,95.703125
closer,210,232,22,nod,big smile,4,-10.1464262008667,35.96680450439453,112.58694458007812,18.712717056274414,-23.82913589477539,12.964399337768555,45.045631408691406,13.141987800598145,-24.206525802612305,11.228473663330078,32.3303108215332,8.113537788391113,-21.227214813232422,9.215906143188477,18.493330001831055,7.8079023361206055,-10.635153770446777,7.393852233886719,8.199925422668457,8.257326126098633,-3.8656389713287354,7.724953651428223,5.538674831390381,5.906936168670654,-4.310193061828613,8.621280670166016,0.013899427838623524,6.123083114624023,-0.0037814907263964415,3.4453372955322266,0.006445780396461487,2.0280861854553223,0.0017857820494100451,1.4492157697677612,-0.0080801323056221,1.3223066329956055,0.006193167995661497,0.9513716697692871,0.011819885112345219,1.2610844373703003,0.004490845836699009,1.1033744812011719,0.012767279520630836,1.0276941061019897,0.008165384642779827,1.1398491859436035,-0.005250169895589352,1.1507676839828491,-0.009664822369813919,0.9263437390327454,0.005395391024649143,0.9838955402374268,0.021015137434005737,2.7629754543304443,-0.010216123424470425,1.5186402797698975,-0.006653785705566406,1.0560222864151,0.0001991073222598061,0.8369605541229248,-0.0019527111435309052,0.7577207088470459,0.0055730510503053665,0.6240342855453491,0.0007301090518012643,0.7742864489555359,-0.00010384582128608599,0.6396881937980652,0.0020904047414660454,0.6369270086288452,0.00031384328030981123,0.674720823764801,-0.0013062396319583058,0.6751933097839355,-0.0029657266568392515,0.6004611849784851,0.0012411262141540647,0.5927188992500305,0.4985535740852356,0.32687798142433167,0.3003045320510864,0.18293564021587372,0.3507614731788635,0.2281741201877594,0.47519344091415405,0.2940840423107147,0.35082387924194336,0.22538655996322632,0.3158321678638458,0.21087267994880676,0.29466620087623596,0.18723639845848083,0.4416690170764923,0.25187140703201294,0.6602329015731812,0.3290315270423889,0.4738740622997284,0.18844087421894073,0.5367007851600647,0.3304334878921509,0.3994085192680359,0.19842618703842163,0.3157266080379486,0.05327970162034035,4082.3462453293955,799.4114295393472,4220.559189110026,428.509055361893,0.09301255359498681,0.03063726796680515,95.703125
closer,232,244,12,none,neutral,0,-349.795166015625,129.1590118408203,122.62893676757812,52.817657470703125,30.302846908569336,32.06318664550781,19.457258224487305,18.563579559326172,13.041504859924316,17.63570785522461,17.97653579711914,8.932267189025879,7.342723369598389,15.061727523803711,8.710281372070312,10.247515678405762,4.253106117248535,11.939742088317871,2.194535732269287,12.972092628479004,4.074275493621826,7.740057945251465,1.4900648593902588,6.4372239112854,-2.4977805614471436,5.527266025543213,-0.5430876016616821,1.8444156646728516,-0.08218490332365036,1.8151146173477173,0.033524516969919205,1.297358512878418,-0.03332197293639183,1.138709306716919,0.021411657333374023,0.9599945545196533,-0.020281381905078888,0.9358985424041748,0.019267477095127106,1.0008779764175415,-0.017116064205765724,0.7669632434844971,0.0058157918974757195,0.6437261700630188,-0.007552547380328178,0.7471522688865662,0.0029220571741461754,0.7694225311279297,-0.005468593444675207,0.6828776001930237,0.002306347945705056,0.6123306751251221,-0.0016514561139047146,0.7157812714576721,-0.006260212045162916,0.7446252107620239,0.0009165468509308994,0.6026372313499451,-0.005841460078954697,0.5609122514724731,0.0018062357557937503,0.5712763071060181,-0.003934638109058142,0.5065736174583435,0.0029972470365464687,0.5293625593185425,-0.007837026380002499,0.4918874502182007,0.004172355402261019,0.43947139382362366,-0.0005043339333496988,0.46016207337379456,0.003690962679684162,0.4742642343044281,-0.004098813980817795,0.44510695338249207,-0.0016429377719759941,0.3922359049320221,0.4801352322101593,0.2862732708454132,0.4914247393608093,0.25653746724128723,0.6756555438041687,0.21159566938877106,0.8841047286987305,0.1890297681093216,0.7213538289070129,0.21062006056308746,0.5658844709396362,0.2724370062351227,0.500034511089325,0.2374923676252365,0.50259929895401,0.23319055140018463,0.4881475567817688,0.23822282254695892,0.41191035509109497,0.2236844152212143,0.3852784335613251,0.20647434890270233,0.4205770194530487,0.22858715057373047,0.05572434514760971,0.06952544301748276,1586.1642378243268,1793.6267411648396,2577.7258668933264,1451.7849107440072,0.024840009973404256,0.029749629694498517,191.40625
cruel_summer,0,28,28,nod,neutral,3,-146.25125122070312,79.2958984375,172.14231872558594,34.71266555786133,2.3117544651031494,26.710704803466797,29.83671760559082,21.610797882080078,-3.997004270553589,17.51663589477539,26.980892181396484,13.917086601257324,-5.594596862792969,16.829769134521484,12.914016723632812,10.929189682006836,0.8633826971054077,8.414770126342773,-3.3957598209381104,8.596435546875,6.320528030395508,9.429710388183594,1.5457743406295776,6.914666175842285,-0.3306994140148163,7.571038246154785,0.21020495891571045,11.068205833435059,0.057717449963092804,5.176811218261719,-0.022932369261980057,4.263269901275635,0.013496960513293743,3.1310830116271973,0.002315657213330269,2.4720540046691895,0.004276360850781202,1.8717131614685059,-0.011492198333144188,2.269197940826416,0.004131651017814875,1.6479060649871826,0.0037037271540611982,1.4348149299621582,-0.0012510091764852405,1.434257984161377,0.011837637051939964,1.3369485139846802,0.0007612780318595469,1.186376690864563,-0.009021539241075516,1.1492246389389038,0.0016053806757554412,5.797460079193115,-0.0010976935736835003,2.619507074356079,0.001351666054688394,2.3119306564331055,0.0006236272747628391,1.658837914466858,0.0003748201997950673,1.2757635116577148,-0.00025445016217418015,1.095442295074463,0.0003718250372912735,1.1669127941131592,0.0009028593194670975,0.9363770484924316,0.0003566818486433476,0.7926123142242432,-0.0006218633498065174,0.8059170246124268,0.0012439980637282133,0.7583936452865601,-0.0029517600778490305,0.7083821892738342,-0.0005853140028193593,0.6637656092643738,0.5945446491241455,0.30281081795692444,0.6350380182266235,0.32067564129829407,0.5393528938293457,0.29145801067352295,0.4977647662162781,0.2786891460418701,0.5499950051307678,0.296827495098114,0.5002074241638184,0.27847132086753845,0.45619842410087585,0.25846609473228455,0.4249739348888397,0.23988552391529083,0.46728089451789856,0.2378433644771576,0.5953060388565063,0.2983553409576416,0.5626171827316284,0.24014334380626678,0.596021831035614,0.30064013600349426,0.2456454038619995,0.10016094893217087,1906.159994148318,1089.3374835708587,2808.4340536422696,992.2070863384567,0.03253791265029021,0.02851808012083124,84.72079918032787
cruel_summer,28,39,11,none,big smile,3,-66.11656188964844,28.47394371032715,149.82562255859375,21.557138442993164,-25.339832305908203,15.106549263000488,36.74858093261719,9.350388526916504,-10.772135734558105,10.83433723449707,26.76531982421875,9.453825950622559,-8.735856056213379,10.393756866455078,15.118167877197266,6.996986389160156,-2.3094167709350586,8.233150482177734,-4.877626895904541,7.158374786376953,5.715641021728516,10.112892150878906,7.851647853851318,7.205423831939697,-4.150392055511475,6.473609447479248,-0.05165252089500427,5.579506874084473,0.045093417167663574,3.2782275676727295,-0.004084607120603323,2.1678528785705566,-0.0007957275374792516,1.337568998336792,-0.016342880204319954,1.5300757884979248,0.0033059357665479183,1.3728785514831543,0.009632796980440617,1.4783093929290771,0.005841962527483702,1.1948670148849487,0.005115262698382139,1.2572002410888672,0.0007047049584798515,1.1493369340896606,-0.009688010439276695,1.1402788162231445,0.030697396025061607,0.9893409013748169,0.008044685237109661,1.0406090021133423,0.0035133613273501396,2.934720993041992,-0.0045112804509699345,1.5794858932495117,0.0010597427608445287,1.0584125518798828,0.0004948338610120118,0.7360973358154297,0.0049617113545536995,0.770133376121521,-0.00048684419016353786,0.8026312589645386,0.0007384291384369135,0.8085576891899109,-0.010439720004796982,0.7418134212493896,0.00820900034159422,0.7368391156196594,0.009315947070717812,0.6624897718429565,-0.003092094324529171,0.6283753514289856,-0.007933931425213814,0.601762592792511,0.0024933810345828533,0.6521063446998596,0.5011383295059204,0.29649996757507324,0.5979182124137878,0.3262803554534912,0.3859754502773285,0.25485265254974365,0.3516368567943573,0.2460993230342865,0.44053131341934204,0.2839736044406891,0.3344605267047882,0.21147692203521729,0.3898092806339264,0.2914566993713379,0.3328670859336853,0.20676268637180328,0.4396284520626068,0.24127990007400513,0.5641864538192749,0.3280276358127594,0.42169320583343506,0.24259305000305176,0.4887791872024536,0.3382226526737213,0.2792401909828186,0.0817766785621643,2701.6897628157703,781.0065064208401,3428.8573948506596,535.2740435125588,0.05532205959915612,0.02949008640426228,112.34714673913044
cruel_summer,39,50,11,shake,neutral,3,-66.07576751708984,28.39598846435547,156.33334350585938,20.47215461730957,-26.771223068237305,13.631179809570312,33.34776306152344,7.472458839416504,-12.298020362854004,10.398051261901855,24.45266342163086,8.981983184814453,-7.513530731201172,9.038719177246094,16.262672424316406,7.456561088562012,-4.708903789520264,7.030797958374023,-4.496993064880371,7.677614212036133,5.384210586547852,9.316291809082031,7.787193298339844,6.970720291137695,-3.456173896789551,6.493805408477783,0.013369681313633919,5.322195529937744,-0.013990307226777077,3.31337308883667,-0.017730368301272392,1.9692333936691284,-0.0026324649807065725,1.2659744024276733,0.023655321449041367,1.5280842781066895,-0.006202762480825186,1.417921543121338,0.009272227995097637,1.598705768585205,0.014933199621737003,1.1824871301651,-0.01821301318705082,1.2587381601333618,-0.007693830877542496,1.1301225423812866,-0.019689766690135002,1.221089482307434,-0.026575258001685143,1.0587313175201416,-0.0010733231902122498,1.156783103942871,-0.010453600436449051,2.8172261714935303,0.007461453787982464,1.5742201805114746,-0.008476818911731243,1.0761456489562988,-0.008601916953921318,0.8146164417266846,-0.0021182801574468613,0.8472056984901428,0.008748067542910576,0.8391425609588623,0.00031206250423565507,0.8839724659919739,0.0016756694531068206,0.6854799389839172,0.008677641861140728,0.7361674904823303,-0.00044001254718750715,0.669023871421814,0.0021349091548472643,0.6040102243423462,0.005545897874981165,0.5797340273857117,-0.007069607265293598,0.695309579372406,0.47483769059181213,0.2869899868965149,0.5807878375053406,0.3267298936843872,0.3899891972541809,0.24636052548885345,0.36200016736984253,0.23906917870044708,0.5057591199874878,0.29976686835289,0.36707332730293274,0.2148161679506302,0.37667569518089294,0.2924119532108307,0.30502432584762573,0.192411407828331,0.41755878925323486,0.21819646656513214,0.5746546387672424,0.3276735246181488,0.42094817757606506,0.2370418906211853,0.4844073951244354,0.33781594038009644,0.2788642942905426,0.08222412317991257,2547.8807389720255,760.5116369699109,3319.188716473708,536.7972304413555,0.05220334338739451,0.028038868657092403,84.72079918032787
cruel_summer,50,63,13,sway,frown,3,-122.61817932128906,58.84861373901367,168.6250762939453,37.47722625732422,-6.711659908294678,23.63389015197754,34.48223114013672,20.01239585876465,-8.696170806884766,17.23415184020996,24.592679977416992,16.06142807006836,-5.549167633056641,14.210856437683105,10.791749000549316,12.017851829528809,-2.6681509017944336,9.677908897399902,-4.19312858581543,8.859983444213867,5.9693427085876465,11.109920501708984,-0.022925104945898056,8.108596801757812,1.2298177480697632,7.158202171325684,-0.008409859612584114,10.061707496643066,-0.08334444463253021,5.530567169189453,0.015506124123930931,3.4460692405700684,0.041833747178316116,2.778904676437378,-0.03670579940080643,2.543870687484741,-0.004143245052546263,1.90934157371521,0.01572551764547825,2.363636016845703,0.005638265982270241,1.4405547380447388,-0.006232500076293945,1.4569885730743408,0.02013557218015194,1.5445154905319214,-0.01748073473572731,1.5311893224716187,0.004147220402956009,1.125859260559082,-0.006432010792195797,1.1864919662475586,0.03163028135895729,5.067348003387451,-0.0318107046186924,2.5130226612091064,0.0022549948189407587,1.7216105461120605,0.005611192435026169,1.385961890220642,-0.002815955551341176,1.292811393737793,-0.0060233259573578835,1.0761967897415161,-0.002693767659366131,1.2369107007980347,0.0028913437854498625,0.8491573929786682,-0.0015956299612298608,0.7919194102287292,-0.004467680584639311,0.8778756260871887,-0.004300322849303484,0.8536748290061951,-0.007649291306734085,0.6996649503707886,-0.010659885592758656,0.7010315656661987,0.6208311915397644,0.28408190608024597,0.6296946406364441,0.29359132051467896,0.49751630425453186,0.25898435711860657,0.44890639185905457,0.25319376587867737,0.48275670409202576,0.2926482558250427,0.4213767945766449,0.2593703269958496,0.4256766736507416,0.27148234844207764,0.39010077714920044,0.23408454656600952,0.4688660204410553,0.25109970569610596,0.599865198135376,0.2969726622104645,0.5647660493850708,0.24153636395931244,0.6080652475357056,0.30434083938598633,0.24369122087955475,0.08994045108556747,2228.43908149609,1249.9445414872275,2996.14994757691,915.534130047547,0.04121791294642857,0.038474772597510205,112.34714673913044
cruel_summer,63,69,6,nod,frown,3,-95.5044174194336,50.40765380859375,156.00120544433594,35.825286865234375,-5.563919544219971,21.040157318115234,37.51583480834961,17.430397033691406,-13.556098937988281,16.766881942749023,35.515838623046875,13.800139427185059,-12.203498840332031,14.044477462768555,14.628600120544434,8.70258903503418,-0.8970658183097839,8.579133987426758,-2.3184549808502197,8.555953025817871,6.283135890960693,8.715837478637695,0.6509263515472412,6.982702732086182,-0.5544754862785339,7.07583475112915,-0.11618203669786453,9.565117835998535,0.2566647231578827,5.830411911010742,0.015892788767814636,3.7723588943481445,-0.11988518387079239,2.9444634914398193,0.04006730392575264,2.738874912261963,0.054671257734298706,2.237271785736084,-0.04100118950009346,2.105274200439453,-0.028706960380077362,1.5097761154174805,-0.006690997164696455,1.4162367582321167,-0.052952975034713745,1.4360164403915405,0.04198792576789856,1.3887016773223877,-0.024461209774017334,1.2295184135437012,0.0038517965003848076,1.2806793451309204,-0.024607961997389793,4.761558532714844,-0.010685337707400322,2.880713701248169,0.03529881313443184,1.7351593971252441,-0.01370271947234869,1.6120517253875732,-0.04393899068236351,1.4071674346923828,-0.022695165127515793,1.2502621412277222,0.018316347151994705,1.1662009954452515,0.0037595105823129416,0.9104285836219788,-0.0030429146718233824,0.8054964542388916,0.008097237907350063,0.8854828476905823,0.006356164813041687,0.790902853012085,0.0026212988886982203,0.738028883934021,-0.013723153620958328,0.7037304639816284,0.658326268196106,0.2921515107154846,0.6249114871025085,0.26936808228492737,0.5348095297813416,0.26152822375297546,0.5991091132164001,0.2707711160182953,0.5954206585884094,0.2735742926597595,0.4805315434932709,0.2267037034034729,0.46728262305259705,0.22610251605510712,0.5137867331504822,0.21982841193675995,0.6903163194656372,0.2516131103038788,0.6499456167221069,0.25555798411369324,0.5332773923873901,0.23553593456745148,0.5680508613586426,0.28038841485977173,0.2669638991355896,0.0827750414609909,2674.555887589321,1323.0439154078115,3433.1630224370083,824.9067447834356,0.04881962493955513,0.036878839425086046,84.72079918032787
cruel_summer,69,76,7,none,thoughtful,3,-96.22663879394531,40.50712203979492,164.44747924804688,27.35964584350586,-18.116182327270508,19.190210342407227,37.96864318847656,15.006559371948242,-17.28290557861328,13.932367324829102,29.57575035095215,13.32007122039795,-6.718401908874512,11.64399242401123,13.561022758483887,9.131901741027832,3.0712571144104004,9.506081581115723,-5.224212646484375,7.891085624694824,7.183018684387207,7.683310031890869,4.434413909912109,7.769362449645996,-3.5641636848449707,7.3171892166137695,0.14064772427082062,7.899258613586426,-0.018474211916327477,4.884180068969727,-0.07848809659481049,3.030264139175415,-0.0017802410293370485,2.6083714962005615,-0.06124885380268097,2.239772081375122,-0.024056700989603996,1.8688768148422241,-0.029857603833079338,2.124143123626709,0.05582800507545471,1.5466601848602295,0.0009901511948555708,1.4597645998001099,0.004681745544075966,1.3838393688201904,0.023709753528237343,1.3957464694976807,0.01053309440612793,1.3048158884048462,-0.02581414207816124,1.1874661445617676,-0.013752940110862255,4.16049337387085,-0.005203991197049618,2.602266788482666,0.025013374164700508,1.6996148824691772,-0.017722072079777718,1.4186307191848755,0.021463686600327492,1.1577682495117188,-0.003573451656848192,1.0606189966201782,0.00760676572099328,1.1893806457519531,0.006491573061794043,0.9575394988059998,0.004208800382912159,0.8070052266120911,-0.004045106470584869,0.8520859479904175,6.384478183463216e-05,0.8214543461799622,-0.002610431984066963,0.768643856048584,0.0011497089872136712,0.7010394930839539,0.4851766526699066,0.29875513911247253,0.5352160334587097,0.3235427141189575,0.46480482816696167,0.2844378650188446,0.4075874090194702,0.24523627758026123,0.534751296043396,0.28065499663352966,0.4909690320491791,0.2687038779258728,0.4254435896873474,0.2677003741264343,0.41189587116241455,0.2457570731639862,0.47235968708992004,0.24024389684200287,0.6700713038444519,0.31295251846313477,0.5742695927619934,0.2653004825115204,0.49986863136291504,0.2835685908794403,0.2622675597667694,0.07554110884666443,2366.6685736425134,1003.1456765780205,3100.9583311667657,639.7377168864648,0.04710820895522388,0.03473721588831618,84.72079918032787
cruel_summer,75,99,24,sway,oh,3,-62.40068054199219,28.413461685180664,150.0199432373047,20.21997833251953,-26.272544860839844,13.89953327178955,35.47871398925781,8.750167846679688,-12.80277156829834,10.59508991241455,24.7940673828125,9.373620986938477,-8.073629379272461,9.415101051330566,15.863447189331055,7.268764495849609,-3.5178487300872803,7.415614604949951,-3.706362009048462,7.578054904937744,5.54641580581665,9.017001152038574,8.366236686706543,7.085567951202393,-3.6004350185394287,6.13105583190918,0.0034695446956902742,5.306175231933594,-0.009240111336112022,3.0503945350646973,0.0036519132554531097,1.9926493167877197,0.00876567605882883,1.2689313888549805,-0.002936824457719922,1.5249552726745605,0.0012135060969740152,1.3660799264907837,-0.014180806465446949,1.4660313129425049,0.00557479914277792,1.124267816543579,0.0013040963094681501,1.196073293685913,0.0054041245020926,1.064145803451538,-0.010269825346767902,1.1577386856079102,-0.01250737439841032,1.024700403213501,0.006339947693049908,1.0248223543167114,0.00862465426325798,2.851609468460083,-0.011407255195081234,1.4870556592941284,0.004060075152665377,1.050431489944458,-0.009913941845297813,0.7426341772079468,0.004248354583978653,0.8384255170822144,-0.00343827111646533,0.7917419672012329,0.0023395575117319822,0.7872697710990906,-0.004889028146862984,0.6847065687179565,-0.0030028480105102062,0.7338632941246033,-0.0008841268718242645,0.6282583475112915,4.750178777612746e-05,0.6232789754867554,-0.0025254071224480867,0.6113135814666748,0.00031259615207090974,0.6562344431877136,0.4736953377723694,0.29318612813949585,0.5578294992446899,0.33205679059028625,0.3784172236919403,0.25271308422088623,0.37674638628959656,0.24974365532398224,0.4957967698574066,0.3001294732093811,0.3629648685455322,0.21895542740821838,0.387300580739975,0.2848459780216217,0.33257371187210083,0.21275876462459564,0.4443299174308777,0.23129725456237793,0.5844623446464539,0.3284263610839844,0.42357778549194336,0.2377670854330063,0.48141923546791077,0.3335631787776947,0.27514970302581787,0.07977080345153809,2706.51917309884,773.4161012089851,3431.6941486417577,522.5714787386709,0.05579486898573501,0.02881418705519294,112.34714673913044
cruel_summer,99,115,16,nod,neutral,4,-68.62100219726562,49.53422164916992,119.8551025390625,23.198881149291992,-9.6377534866333,19.423490524291992,28.88882827758789,15.992523193359375,-8.097615242004395,14.017077445983887,25.09247589111328,10.47963809967041,-7.108101844787598,12.180367469787598,12.7937650680542,9.98625373840332,-4.783231258392334,8.839021682739258,1.9407165050506592,8.283010482788086,1.2520174980163574,8.401055335998535,8.119301795959473,7.8551106452941895,-5.791210651397705,8.569201469421387,0.061862848699092865,10.391724586486816,-0.027576088905334473,3.946031093597412,0.019077466800808907,3.2583625316619873,-0.00526393111795187,2.8399598598480225,-0.0023834742605686188,2.281855583190918,0.0036150249652564526,1.8405581712722778,0.02519466169178486,2.0085208415985107,-0.0029212164226919413,1.6000431776046753,-0.00011049136810470372,1.6244685649871826,0.008454606868326664,1.3547273874282837,0.012632891535758972,1.3194708824157715,0.018628384917974472,1.3997949361801147,-0.0006681985687464476,1.511782169342041,-0.02943451702594757,6.5781660079956055,0.008257132023572922,2.6976983547210693,-0.00046271737664937973,2.3067638874053955,-0.005804723594337702,1.7565280199050903,-0.0018149231327697635,1.430946946144104,-0.0020554405637085438,1.1050384044647217,0.0050335414707660675,1.160125732421875,0.004904837813228369,0.9826146364212036,0.004505767486989498,0.9339547753334045,-0.0037232344038784504,0.8491659760475159,0.005134667735546827,0.8598687648773193,-0.0036801088135689497,0.8981253504753113,0.0026795181911438704,0.8380087018013,0.5641754269599915,0.29734280705451965,0.6612599492073059,0.31957560777664185,0.4371841549873352,0.2745724022388458,0.4326492249965668,0.2578153610229492,0.530471920967102,0.3121762275695801,0.3782040476799011,0.23024632036685944,0.3489345610141754,0.26539346575737,0.36330777406692505,0.22852151095867157,0.540901243686676,0.25442472100257874,0.5974730849266052,0.3066858649253845,0.4364473223686218,0.2474445104598999,0.48499220609664917,0.292481392621994,0.24597874283790588,0.09808436781167984,3615.3428439330933,1110.5532384443038,4283.035896764704,659.0575462973835,0.06956502957306018,0.042937280242997,112.34714673913044
cruel_summer,115,120,5,shake,neutral,2,-52.24258804321289,36.99418640136719,130.51010131835938,21.10443115234375,-14.36567211151123,14.176935195922852,24.05243492126465,11.70324420928955,-12.606993675231934,10.004175186157227,23.127105712890625,10.046448707580566,-7.347712516784668,9.510554313659668,14.176313400268555,8.459816932678223,-2.6169729232788086,7.637405872344971,4.436089515686035,7.162141799926758,2.6898868083953857,7.827489852905273,10.404473304748535,6.185056686401367,-4.216042995452881,6.972486972808838,-0.0576009601354599,7.850443363189697,-0.004697436932474375,3.3757832050323486,-0.040636271238327026,2.26713228225708,0.019646456465125084,2.2652251720428467,-0.016533125191926956,1.6645073890686035,0.004060072358697653,1.7076889276504517,-0.010163070634007454,1.6777342557907104,-0.002903542248532176,1.3737858533859253,0.007243851199746132,1.4934754371643066,0.0016203380655497313,1.2097479104995728,-0.03033716417849064,1.2092278003692627,-0.021921426057815552,1.149472713470459,-0.011165561154484749,1.2320969104766846,0.013425939716398716,5.035523414611816,0.006049222778528929,2.5206010341644287,0.0204143188893795,1.936654806137085,-0.01457299292087555,1.4848997592926025,-0.0014317677123472095,1.2164849042892456,-0.0005976174725219607,1.1129955053329468,0.011974832974374294,0.9932133555412292,-0.009535322897136211,0.8062346577644348,-0.012396736070513725,0.8747060298919678,-0.011713492684066296,0.8194389939308167,0.014998258091509342,0.7162244915962219,-0.00023523007985204458,0.7434872984886169,0.009745790623128414,0.7362781167030334,0.5240718722343445,0.2794044613838196,0.5871523022651672,0.290487676858902,0.4126814603805542,0.24481861293315887,0.40514230728149414,0.23228977620601654,0.548811137676239,0.2743265926837921,0.42312419414520264,0.20386506617069244,0.4174738824367523,0.24303098022937775,0.39342427253723145,0.2158813327550888,0.5619946122169495,0.23756419122219086,0.7134840488433838,0.2956342101097107,0.4883834719657898,0.21273349225521088,0.5059409737586975,0.28257474303245544,0.25700777769088745,0.08278536051511765,3327.253063573931,913.6039569055619,4119.442538655848,612.9661465305827,0.06138635622099768,0.031294108106689617,172.265625
cruel_summer,120,121,1,shake,neutral,4,-32.017616271972656,35.251590728759766,116.60883331298828,14.722879409790039,-16.683862686157227,12.341466903686523,34.207237243652344,10.154828071594238,-6.943638801574707,8.47694206237793,23.595054626464844,9.195451736450195,-5.273603916168213,6.401495933532715,12.80344009399414,5.49372673034668,-0.7194515466690063,5.534639835357666,1.4655303955078125,6.139682769775391,-0.6966103911399841,5.776041507720947,4.177538871765137,6.16416597366333,-0.03825240209698677,5.9044976234436035,2.38476824760437,7.234986305236816,-0.6479887962341309,2.179628849029541,-0.27925339341163635,1.9527987241744995,-0.061934251338243484,1.9974968433380127,-0.0840621143579483,1.4571826457977295,0.0999629944562912,1.494800090789795,-0.17145730555057526,1.2171672582626343,-0.03185563534498215,1.106591820716858,-0.02722748927772045,0.8833246827125549,-0.06834178417921066,1.0772349834442139,-0.1272554248571396,0.8659681081771851,-0.06733522564172745,1.2776284217834473,0.08038600534200668,1.3750358819961548,-0.44500961899757385,4.199650764465332,0.018067367374897003,1.5194944143295288,-0.01514831930398941,1.4407063722610474,-0.026727600023150444,1.0698199272155762,0.009648383595049381,0.7687522768974304,-0.0017204175237566233,0.6833841800689697,0.09254802018404007,0.8318953514099121,0.08873707801103592,0.6839167475700378,0.02512916550040245,0.46526843309402466,-0.08278322219848633,0.7170649170875549,-0.004968484863638878,0.6148133873939514,0.11736911535263062,0.811856210231781,0.06009173020720482,0.7579889297485352,0.6234224438667297,0.22587549686431885,0.7127915024757385,0.23191379010677338,0.6420379877090454,0.2546437084674835,0.6068152785301208,0.23773795366287231,0.7231647372245789,0.23854045569896698,0.5471259951591492,0.20159734785556793,0.500182032585144,0.22933590412139893,0.42257440090179443,0.18644846975803375,0.4618252217769623,0.1675008237361908,0.6598354578018188,0.2880668044090271,0.6096515655517578,0.27136003971099854,0.6289939284324646,0.2629900574684143,0.28001314401626587,0.08659398555755615,3686.2572388034864,703.0580873094526,4276.975308978673,355.94998858516925,0.06666442169540229,0.02935890515106831,172.265625
cruel_summer,121,122,1,none,neutral,3,-69.14409637451172,72.74994659423828,140.71726989746094,21.522199630737305,-43.1874885559082,23.73825454711914,10.30291748046875,11.22153377532959,-21.18915367126465,6.746068000793457,14.532145500183105,7.148827075958252,-6.626972675323486,8.361709594726562,9.134102821350098,8.362492561340332,-1.981071949005127,6.5795440673828125,-0.718068540096283,6.046186447143555,-3.0898375511169434,5.669758319854736,-1.7260392904281616,10.415114402770996,-5.835297584533691,6.80812931060791,-2.1539077758789062,4.7625885009765625,0.271047979593277,2.8062937259674072,-0.5061777830123901,1.8080642223358154,-0.3748057186603546,1.0393593311309814,-0.16657833755016327,1.5030215978622437,0.05876922607421875,1.2591859102249146,-0.23361223936080933,1.7450177669525146,0.07594580948352814,1.122776985168457,0.11628083884716034,0.8308352828025818,-0.10041268914937973,0.9331231713294983,0.17995791137218475,1.1921378374099731,-0.3615770637989044,1.0588698387145996,-0.09168203175067902,1.2636879682540894,0.14080004394054413,2.2293405532836914,-0.13662081956863403,1.3793598413467407,0.12862227857112885,1.4414430856704712,0.14521290361881256,1.0155049562454224,-0.016293903812766075,0.9359574317932129,-0.05105944350361824,0.7408848404884338,-0.24168050289154053,1.0611752271652222,-0.01619398221373558,0.7333071827888489,-0.028837647289037704,0.5538975596427917,-0.00914668943732977,0.4523749053478241,0.02863301709294319,0.7647233605384827,1.732062992232386e-05,0.48910030722618103,0.13698481023311615,0.7854654788970947,0.46679452061653137,0.22725874185562134,0.5152938961982727,0.3089710474014282,0.3917497992515564,0.2739562690258026,0.5083433389663696,0.2522152066230774,0.6687455773353577,0.2807556986808777,0.28282737731933594,0.13283105194568634,0.2337227314710617,0.19821062684059143,0.2211238145828247,0.14130081236362457,0.33781611919403076,0.22026342153549194,0.4077706038951874,0.2550381124019623,0.4162239134311676,0.211786687374115,0.6596876382827759,0.2757449746131897,0.19612401723861694,0.08987326920032501,3094.2061558935575,684.7565626784051,3501.699950582358,871.9680760993115,0.0746789691091954,0.014004055350725993,135.99917763157896
cruel_summer,122,132,10,shake,big smile,5,-82.41817474365234,59.746612548828125,124.55266571044922,36.91570281982422,-40.28271484375,28.85738182067871,30.329788208007812,17.45209503173828,-18.372055053710938,19.10818862915039,21.117298126220703,14.211324691772461,-15.775461196899414,14.75869369506836,9.948342323303223,14.53460693359375,-5.565406322479248,10.331768035888672,-5.513206481933594,9.722122192382812,1.7026596069335938,10.691751480102539,1.1937181949615479,13.382862091064453,-7.549088478088379,8.408783912658691,0.09448379278182983,5.770496368408203,0.016458965837955475,3.537306547164917,0.015434382483363152,2.586336374282837,0.040512312203645706,1.5592211484909058,0.0346820242702961,1.6820776462554932,0.009697867557406425,1.4915034770965576,0.0364852175116539,1.7476423978805542,0.021033156663179398,1.5416678190231323,0.0036637336015701294,1.324231505393982,-0.0028436915017664433,1.1602197885513306,0.03342047706246376,1.2438961267471313,0.052046410739421844,1.0975240468978882,0.01063656434416771,1.1692395210266113,0.009256944991648197,3.085648775100708,-0.01678774319589138,1.7461286783218384,-0.00045221782056614757,1.1378939151763916,-0.01294528879225254,0.8073058128356934,0.010113691911101341,0.8829736113548279,-0.004021519795060158,0.8827692270278931,0.00897302571684122,0.983553409576416,-0.004484869539737701,0.8533692359924316,-0.0036460973788052797,0.7678284645080566,-0.0017139228293672204,0.6952417492866516,-0.006009299773722887,0.7308432459831238,-0.004019861109554768,0.6663500070571899,-0.0014414499746635556,0.7021538019180298,0.5164636969566345,0.2793746888637543,0.6343948841094971,0.3325597643852234,0.3356766104698181,0.2292921096086502,0.30788207054138184,0.24064216017723083,0.39122751355171204,0.31821349263191223,0.2950206398963928,0.23534272611141205,0.3225494921207428,0.2858293652534485,0.2933650612831116,0.21221792697906494,0.3950788974761963,0.26214274764060974,0.429193913936615,0.3240858018398285,0.37160149216651917,0.2519035339355469,0.510789155960083,0.3550425171852112,0.2381931096315384,0.10924997925758362,3234.368491058616,1030.330382359876,3550.2098429060384,474.5250926145101,0.07686577816850348,0.04766822469700077,112.34714673913044
cruel_summer,132,148,16,sway,neutral,3,-54.695987701416016,29.448307037353516,144.6920928955078,19.353578567504883,-23.62018394470215,12.368727684020996,32.30054473876953,8.478367805480957,-12.121513366699219,10.291028022766113,23.203229904174805,9.116910934448242,-6.241517543792725,8.614630699157715,17.05156135559082,8.10859203338623,-4.6642961502075195,6.798366546630859,-1.969771146774292,7.651042461395264,5.512035846710205,8.073603630065918,9.118087768554688,6.913249969482422,-3.844292163848877,6.086983680725098,0.003342611948028207,5.66339111328125,0.028117341920733452,3.097669839859009,0.020310457795858383,1.8930257558822632,0.002555037382990122,1.2739161252975464,-0.002205406781286001,1.4555270671844482,0.005125235300511122,1.3699630498886108,-0.0006934505654498935,1.4251439571380615,-0.007050210610032082,1.0884156227111816,0.0003309747844468802,1.1696900129318237,0.018928254023194313,1.2466230392456055,-0.005565275903791189,1.1067293882369995,-0.006986761000007391,1.0064246654510498,0.00230030226521194,0.9825276136398315,-0.026254624128341675,3.1319594383239746,-0.0021978230215609074,1.5507125854492188,0.004881757777184248,1.0382407903671265,0.001952651422470808,0.8043944835662842,0.00784906093031168,0.8509833216667175,-0.0006567648379132152,0.8124861121177673,0.00676635792478919,0.8083951473236084,-0.0013587272260338068,0.6713199615478516,0.003953993320465088,0.7223834991455078,0.001398255000822246,0.7279022932052612,0.0010058822808787227,0.6297786831855774,0.00030561353196389973,0.6330578923225403,0.0014257470611482859,0.6263753175735474,0.4698992669582367,0.2863715589046478,0.5577945709228516,0.325480192899704,0.40348726511001587,0.2563778758049011,0.3849494457244873,0.24607272446155548,0.47936391830444336,0.2926737368106842,0.3545578718185425,0.2214985340833664,0.3879584074020386,0.2853260338306427,0.3426019251346588,0.21529102325439453,0.4594903290271759,0.22530986368656158,0.6227551102638245,0.3270576000213623,0.4395201802253723,0.23608088493347168,0.4768340289592743,0.32553645968437195,0.27554571628570557,0.078192338347435,2843.3613246316845,788.1988118224947,3605.5532609771917,518.1219010585428,0.05729107652737491,0.029049696645893845,112.34714673913044
cruel_summer,148,158,10,nod,smile,4,-43.77054977416992,32.86118698120117,136.8738555908203,18.921358108520508,-18.923614501953125,13.778776168823242,26.989803314208984,12.324324607849121,-5.388891220092773,10.712864875793457,23.560754776000977,9.458267211914062,-4.003551006317139,9.215998649597168,12.919541358947754,8.012847900390625,-2.21225905418396,7.483057022094727,2.2583842277526855,6.709648609161377,2.6794943809509277,7.569884300231934,7.153994560241699,6.0680460929870605,-3.656935453414917,6.75198221206665,0.03728828206658363,6.693221092224121,-0.013851096853613853,3.1493465900421143,-0.02189539559185505,2.301333427429199,-0.015111354179680347,2.03410267829895,-0.0073367999866604805,1.8466004133224487,0.0009874998359009624,1.5618549585342407,-3.540764737408608e-05,1.6440552473068237,0.0191727876663208,1.2862316370010376,-0.008417231030762196,1.398386836051941,-0.02383560501039028,1.090781807899475,0.01363013219088316,1.2119996547698975,-0.02436217851936817,1.0623034238815308,-0.008512165397405624,1.169548511505127,-0.03864484652876854,4.409325122833252,0.01882701925933361,2.5973358154296875,0.0007604412967339158,1.8522673845291138,0.004088145215064287,1.4508429765701294,-0.0006755338981747627,1.233224630355835,-0.00437804963439703,0.9934062361717224,0.0017551161581650376,0.9139087200164795,-0.0008082931744866073,0.7674721479415894,0.0008484764257445931,0.8156194090843201,0.001955528976395726,0.7905298471450806,0.0005317337345331907,0.8491445183753967,-0.001356392283923924,0.7360283732414246,-0.0009420559508726001,0.7168661952018738,0.5463945269584656,0.2624153196811676,0.6578817367553711,0.2744567394256592,0.4870528280735016,0.25630512833595276,0.4845248758792877,0.2303234487771988,0.6271931529045105,0.2797299027442932,0.4506527781486511,0.21299010515213013,0.42555299401283264,0.24933163821697235,0.40578940510749817,0.19351087510585785,0.5872697830200195,0.21177613735198975,0.7052786350250244,0.25373223423957825,0.4974527359008789,0.20442572236061096,0.5374080538749695,0.27691254019737244,0.27923572063446045,0.07745634019374847,3059.089319549609,765.435428788245,3915.3200424933198,590.6369406431435,0.05821875906322506,0.026795675513447696,112.34714673913044
cruel_summer,158,166,8,nod,neutral,1,-34.491676330566406,26.09454345703125,132.6253662109375,17.809120178222656,-17.963956832885742,13.060184478759766,25.778804779052734,10.288471221923828,-9.062212944030762,9.313048362731934,24.344356536865234,9.911340713500977,-5.9023847579956055,9.045101165771484,12.11281967163086,7.783406734466553,-2.2642428874969482,6.498481750488281,3.971449613571167,6.609959602355957,4.974728107452393,6.254031181335449,9.098735809326172,5.594359397888184,-3.2078640460968018,6.062397003173828,-0.05591055750846863,4.88120174407959,0.007071560248732567,2.5258328914642334,0.015012489631772041,2.0320889949798584,0.01815185137093067,1.7660303115844727,0.012199213728308678,1.4882698059082031,0.024996135383844376,1.5905131101608276,0.00484074279665947,1.494348406791687,-0.0009980284376069903,1.3231993913650513,0.019304854795336723,1.244860291481018,0.009203150868415833,1.1324042081832886,0.028005234897136688,1.0363320112228394,0.014749396592378616,1.026259183883667,0.012311095371842384,1.1384031772613525,-0.06618335098028183,3.4919652938842773,0.012598699890077114,2.0176477432250977,0.019712572917342186,1.6199535131454468,-0.010422289371490479,1.2265124320983887,0.01637384667992592,1.0209307670593262,-0.021611081436276436,0.999576985836029,0.010052108205854893,0.850252628326416,-0.00737678911536932,0.7520430684089661,-0.010076750069856644,0.721461296081543,-0.001488136244006455,0.7903216481208801,-0.008174330927431583,0.6746781468391418,0.00902154017239809,0.7322925925254822,0.004698897711932659,0.64564049243927,0.4504958987236023,0.2681778073310852,0.5730610489845276,0.29908525943756104,0.406299352645874,0.24808703362941742,0.43922993540763855,0.22327707707881927,0.6419172883033752,0.2734069526195526,0.4247075617313385,0.213978573679924,0.37961727380752563,0.25261592864990234,0.37735772132873535,0.2092687487602234,0.6454143524169922,0.23987174034118652,0.7574670910835266,0.2405819147825241,0.4454618990421295,0.19945327937602997,0.4458933174610138,0.27175119519233704,0.2872489094734192,0.07548919320106506,3232.287912360927,831.192994908934,4007.3679937950483,521.1879506039461,0.06235563858695652,0.030523630440133863,84.72079918032787
cruel_summer,166,170,4,shake,frown,3,-40.01123809814453,47.65620803833008,133.91659545898438,19.800447463989258,-23.50455665588379,13.185905456542969,23.970703125,11.689087867736816,-9.933466911315918,9.725292205810547,20.647506713867188,8.718250274658203,-2.027404546737671,8.43349838256836,10.1835298538208,7.133780479431152,-2.0461337566375732,7.486935615539551,0.30213913321495056,6.244530200958252,0.12663213908672333,5.706740379333496,5.365968704223633,6.662805557250977,-2.078439235687256,6.736166000366211,-0.5053084492683411,5.712345123291016,0.10728319734334946,2.452730894088745,-0.10292153060436249,1.8660752773284912,-0.13893279433250427,1.7008247375488281,0.012744663283228874,1.6246064901351929,-0.029875408858060837,1.365763783454895,0.04258410260081291,1.2769019603729248,-0.03410588949918747,1.0425161123275757,0.020324043929576874,1.1333779096603394,0.0016188538866117597,1.0651251077651978,-0.04696383699774742,0.9469481110572815,-0.04526178538799286,1.1273143291473389,-0.04651445150375366,1.2470736503601074,-0.07668718695640564,3.4443652629852295,0.00476848753169179,1.72199547290802,0.02450316585600376,1.56386137008667,0.01786176487803459,0.9668435454368591,0.007868640124797821,0.9449989199638367,-0.015250294469296932,0.8480144739151001,-0.018260156735777855,0.8147479891777039,-0.023714087903499603,0.695046603679657,0.0016094736056402326,0.664398729801178,0.008589698933064938,0.8607977032661438,0.010703051462769508,0.6598525643348694,0.012107307091355324,0.7309513092041016,0.015145712532103062,0.7422475218772888,0.5064987540245056,0.25168469548225403,0.5932050347328186,0.2615698575973511,0.5088356733322144,0.2689454257488251,0.49705228209495544,0.23084741830825806,0.695428192615509,0.26178058981895447,0.44364041090011597,0.17713691294193268,0.4543324410915375,0.268012136220932,0.37385961413383484,0.1959679275751114,0.46638643741607666,0.21861089766025543,0.623516321182251,0.2833707630634308,0.4731554090976715,0.2320108264684677,0.5352575778961182,0.2836889326572418,0.25569969415664673,0.08805917203426361,3182.873028944361,665.8269263239299,3887.571206919533,641.130377498909,0.06466966711956522,0.019670394789359617,172.265625
cruel_summer,170,178,8,nod,neutral,2,-375.3887634277344,173.72093200683594,169.7615509033203,109.44200897216797,-10.244097709655762,33.35166549682617,4.122459411621094,18.176166534423828,8.575668334960938,11.629043579101562,3.3455166816711426,8.634477615356445,5.096365928649902,6.054088115692139,-0.16250185668468475,6.892246723175049,-1.822420597076416,5.834904670715332,-1.700190544128418,5.5088629722595215,-1.99074387550354,5.004585266113281,0.3025297224521637,3.90375018119812,0.6746755242347717,4.6626176834106445,-0.5590248703956604,11.08100700378418,-0.3234897255897522,4.256528377532959,0.0710500106215477,5.193378448486328,-0.013002046383917332,2.2757575511932373,-0.004857364576309919,1.882652997970581,-0.007215035613626242,1.4537482261657715,-0.0015531193930655718,0.9642868638038635,0.007761815097182989,0.914763867855072,-0.008964299224317074,1.085923671722412,0.001614082371816039,0.8718186020851135,0.005603042431175709,0.7327815294265747,0.011974968016147614,0.639987051486969,0.011331743560731411,0.7057508826255798,-0.014140626415610313,5.99534797668457,-0.015572167932987213,2.0952048301696777,0.0024301093071699142,2.8338611125946045,0.0013320143334567547,1.329097032546997,0.006337580271065235,1.0098532438278198,0.009938482195138931,0.7634562849998474,0.00786647479981184,0.5998887419700623,0.014722866006195545,0.5989367365837097,0.004327999893575907,0.6094882488250732,-0.00036425850703381,0.4687701463699341,-0.00468192296102643,0.4776172935962677,0.002603962318971753,0.3886185884475708,0.008186494931578636,0.42478832602500916,0.5012739300727844,0.3118003308773041,0.6982088685035706,0.36771973967552185,0.5868578553199768,0.32550644874572754,0.48862093687057495,0.3145206570625305,0.6087215542793274,0.37892627716064453,0.5272620916366577,0.3304266035556793,0.42217203974723816,0.29346969723701477,0.4389892518520355,0.30438464879989624,0.45021334290504456,0.2975611090660095,0.5147657990455627,0.3275931179523468,0.43149086833000183,0.2714156210422516,0.4423217475414276,0.2990629971027374,0.06116349622607231,0.04934500902891159,993.2651980269337,677.3966212208668,1590.095089658581,1205.5409178561126,0.018486752717391305,0.018381214999816715,114.84375
despacito,0,7,7,none,frown,3,-379.8857727050781,146.21803283691406,87.40202331542969,41.921852111816406,-16.250925064086914,20.187793731689453,18.936721801757812,22.379249572753906,-23.771343231201172,18.022735595703125,2.3893232345581055,13.316300392150879,-2.801236629486084,10.66775894165039,3.147146463394165,10.077859878540039,-12.568093299865723,11.288908958435059,-11.096940040588379,13.230860710144043,-14.000728607177734,10.462677001953125,-4.306530475616455,12.451784133911133,1.5883327722549438,19.509538650512695,0.8000596761703491,13.871667861938477,0.25080516934394836,4.6812920570373535,-0.034713998436927795,2.59224796295166,-0.021302035078406334,2.579713821411133,-0.0829215869307518,1.7287962436676025,0.008179531432688236,1.8290005922317505,0.020561475306749344,1.4652427434921265,0.007354317232966423,1.504926323890686,-0.06321582198143005,1.3212217092514038,0.07945064455270767,1.3926724195480347,-0.03894086927175522,1.092214822769165,0.012379290536046028,1.3169853687286377,0.03356405347585678,1.5785949230194092,0.037125978618860245,6.695400238037109,-0.006869965232908726,2.359062433242798,-0.01865563541650772,1.4883577823638916,-0.008523776195943356,1.2472829818725586,0.0021887565962970257,0.8410342335700989,0.00521280849352479,0.889464795589447,0.002309627365320921,0.8127011060714722,0.003934008534997702,0.8128607869148254,0.001708868076093495,0.7972717881202698,0.0009333211346529424,0.7017806768417358,0.004886295646429062,0.7314402461051941,-0.002486190525814891,0.83323734998703,-0.004753404296934605,0.8514913320541382,0.13315832614898682,0.18862690031528473,0.17334575951099396,0.2522304952144623,0.3906331956386566,0.424922913312912,0.21708357334136963,0.24128536880016327,0.17251968383789062,0.30595099925994873,0.14397120475769043,0.188526913523674,0.322873055934906,0.3830518126487732,0.12745052576065063,0.21480481326580048,0.07017073780298233,0.15803341567516327,0.06982419639825821,0.13716764748096466,0.14742165803909302,0.18481862545013428,0.33195462822914124,0.42664963006973267,0.041542548686265945,0.03201381489634514,2766.5738546214434,1556.4892336469577,2967.3587113388057,1363.2300868316167,0.07368836157752902,0.05212808656535485,114.84375
despacito,7,11,4,none,smile,3,-185.5941619873047,79.90984344482422,103.21603393554688,31.654909133911133,-11.880243301391602,30.175365447998047,24.130489349365234,27.403932571411133,-10.329727172851562,21.862926483154297,15.710124969482422,17.560609817504883,-0.4176909923553467,14.674664497375488,-0.9606303572654724,26.30093765258789,-11.56590461730957,16.00905990600586,7.5441694259643555,19.436784744262695,-17.81789207458496,14.198553085327148,-6.729554653167725,12.41102123260498,-0.6907361149787903,14.511979103088379,-0.022783340886235237,8.164072036743164,0.00479672197252512,3.76751971244812,0.09357552230358124,3.130376100540161,0.1423947811126709,2.2414169311523438,0.16637741029262543,1.8495123386383057,0.1314118504524231,1.6915861368179321,-0.0046005467884242535,1.6402491331100464,0.036888785660266876,1.9955756664276123,0.09330406785011292,1.3958182334899902,-0.09718546271324158,1.296968698501587,0.020663997158408165,1.6048885583877563,0.02747056446969509,1.2324613332748413,-0.05529237166047096,1.3985377550125122,-0.04282793402671814,4.014491558074951,-0.03201919049024582,1.837689995765686,0.019786087796092033,1.3946871757507324,0.02061341144144535,1.1387444734573364,0.010736919939517975,0.9634273052215576,-0.002684665145352483,0.792502224445343,-0.006976040080189705,0.8858858346939087,-0.00023630046052858233,0.9746094942092896,-0.0035094094928354025,0.6743249297142029,0.0006237872876226902,0.7558692693710327,0.0014295093715190887,0.7594786882400513,-0.0052281529642641544,0.6229348182678223,0.0015838277759030461,0.7350940108299255,0.37251850962638855,0.3258821666240692,0.4393080472946167,0.31876325607299805,0.5688740015029907,0.35978567600250244,0.4773341417312622,0.2806313931941986,0.48958608508110046,0.3276526629924774,0.46947145462036133,0.31165602803230286,0.4959734380245209,0.3382955491542816,0.4251333177089691,0.3249397873878479,0.3872845768928528,0.3185305595397949,0.3930310308933258,0.3111836910247803,0.37574833631515503,0.3302435576915741,0.3769305646419525,0.33791789412498474,0.1601908802986145,0.11663919687271118,3353.3749297344584,1421.1458209224515,3870.913830453582,852.8385985664455,0.06797724184782608,0.06146728646619643,89.10290948275862
despacito,11,41,30,nod,smile,2,-165.1659698486328,71.43836212158203,130.46002197265625,36.294410705566406,-18.402416229248047,24.939184188842773,35.08864974975586,23.676271438598633,-6.067727565765381,19.137954711914062,15.003510475158691,17.84656524658203,-9.125187873840332,12.77492904663086,1.7657254934310913,14.250334739685059,-6.136309623718262,16.11246109008789,6.023901462554932,11.417105674743652,-10.728073120117188,11.045677185058594,-0.05723387375473976,13.6816987991333,-1.8332916498184204,12.558210372924805,-0.040869925171136856,8.748260498046875,0.017767440527677536,4.279829025268555,-0.005493889097124338,3.26759934425354,-0.01392597146332264,2.755302906036377,-3.83329825126566e-05,2.3756818771362305,-0.012910308316349983,1.99909508228302,-0.0016209392342716455,1.6881494522094727,-0.0025081781204789877,1.7431942224502563,0.0023321802727878094,1.6569020748138428,-0.0046987212263047695,1.3530436754226685,-0.000567497278098017,1.4691766500473022,-0.00303307780995965,1.541858196258545,0.0032673398964107037,1.393729329109192,-0.00694078765809536,4.569503307342529,0.0006535866996273398,2.254554033279419,0.004245918244123459,1.4579052925109863,-0.0022543775849044323,1.3618769645690918,0.0024458530824631453,1.2505228519439697,0.00017627178749535233,1.0536279678344727,0.0005534376250579953,0.9474316239356995,0.0011462322436273098,0.9906710982322693,-0.0008768511470407248,0.9048884510993958,-0.0031085361260920763,0.8076319694519043,-0.0002518073015380651,0.8310630321502686,0.0025880581233650446,0.8229948282241821,0.0011083075078204274,0.8072465658187866,0.3152131736278534,0.2767343521118164,0.43547874689102173,0.2971668541431427,0.5497242212295532,0.35435959696769714,0.37524837255477905,0.2468464970588684,0.3703182339668274,0.34614282846450806,0.2603137195110321,0.23253287374973297,0.28510597348213196,0.28423914313316345,0.290355384349823,0.29859161376953125,0.3117920458316803,0.2730523943901062,0.36627551913261414,0.3151179552078247,0.2778915762901306,0.2644973397254944,0.3125169575214386,0.3002588748931885,0.15446354448795319,0.08047352731227875,2759.82913104207,1189.1434457573898,3351.4172118764122,834.5137193739348,0.056306159902283284,0.03700747532938884,89.10290948275862
despacito,41,52,11,nod,neutral,3,-150.2321319580078,64.4950942993164,99.79734802246094,49.04404830932617,-29.02872085571289,21.244911193847656,40.21613311767578,18.595449447631836,-18.735448837280273,17.372220993041992,22.401308059692383,16.55194091796875,-9.818984985351562,12.807435989379883,7.289135456085205,12.253911018371582,-15.440350532531738,11.643511772155762,-1.3411897420883179,9.960953712463379,-8.28929615020752,11.060341835021973,0.36173975467681885,10.821989059448242,-6.515997886657715,9.806096076965332,0.11195209622383118,14.230704307556152,-0.05584380403161049,7.960707187652588,-0.025877023115754128,3.763502359390259,0.010635798797011375,3.0047121047973633,-0.03721455857157707,2.9034841060638428,0.009401775896549225,2.9467480182647705,-0.04773968085646629,2.1919758319854736,-0.003758226754143834,2.235450029373169,0.007061687298119068,1.8042024374008179,-0.011445911601185799,1.7817931175231934,-0.0163455531001091,1.876489520072937,-0.015458714216947556,1.739458441734314,-0.012373633682727814,1.5532671213150024,-0.048702072352170944,7.969838619232178,-0.025800732895731926,3.842336654663086,0.0012650992721319199,1.9183701276779175,-0.01012562308460474,1.6041289567947388,0.015019932761788368,1.5434939861297607,0.02671421878039837,1.554248571395874,0.01718064770102501,1.3240922689437866,-0.006130417808890343,1.2368335723876953,0.009339178912341595,1.0450268983840942,-0.013360892422497272,1.0954582691192627,-0.0014793395530432463,1.0828791856765747,-0.01397433690726757,0.9619175791740417,0.0001860580377979204,0.9213166832923889,0.3975479304790497,0.30688637495040894,0.45821133255958557,0.34170541167259216,0.3975307047367096,0.32045039534568787,0.32513898611068726,0.2763686776161194,0.3256385922431946,0.3234027624130249,0.28322336077690125,0.26089993119239807,0.30599871277809143,0.2919999957084656,0.29652920365333557,0.2887406349182129,0.3626479208469391,0.2955549955368042,0.4661858081817627,0.3505750000476837,0.44495832920074463,0.31392771005630493,0.4495105743408203,0.3390278220176697,0.13131660223007202,0.04592176899313927,3967.277727324495,1765.563231850103,3757.1450499454404,706.7479126774199,0.09257153217299578,0.0774517455421953,89.10290948275862
despacito,52,62,10,sway,smile,4,-102.03133392333984,53.70337677001953,115.46943664550781,24.603069305419922,-14.11161994934082,19.593835830688477,45.98086929321289,18.107973098754883,-6.5417304039001465,16.706666946411133,32.04018783569336,14.801021575927734,-12.935925483703613,12.062226295471191,8.907360076904297,12.956687927246094,0.8525782227516174,11.104488372802734,8.868912696838379,8.573286056518555,-11.351163864135742,8.897130966186523,7.376341342926025,9.897098541259766,2.269488573074341,10.8045654296875,0.06023800000548363,11.561535835266113,0.0033573827240616083,4.594994068145752,0.04611404240131378,3.1832644939422607,0.03167489916086197,2.7256417274475098,0.06644789129495621,2.8343238830566406,0.03558215871453285,2.085862159729004,0.03672274574637413,2.050036907196045,0.00654113944619894,2.1591951847076416,0.011433647014200687,1.5170923471450806,0.04039369523525238,1.2917596101760864,0.03841298446059227,1.4736062288284302,0.028768984600901604,1.440508484840393,0.007792227435857058,1.4952995777130127,-0.0176240187138319,6.504618167877197,0.004803829360753298,2.5967202186584473,0.020066242665052414,1.6397761106491089,0.009514126926660538,1.4967774152755737,0.0011720192851498723,1.489113450050354,-0.004049783106893301,1.1437761783599854,0.004589077550917864,1.1498491764068604,-0.006136519834399223,1.1743099689483643,0.01027846708893776,0.9041334390640259,0.00544179230928421,0.7781346440315247,0.006389068439602852,0.8685269355773926,-0.007277580443769693,0.8272502422332764,0.0005644194898195565,0.8530561923980713,0.3729369342327118,0.2393568605184555,0.5032979249954224,0.3382941484451294,0.4560852348804474,0.3213200569152832,0.3697734475135803,0.2553061842918396,0.34094902873039246,0.29912900924682617,0.30721360445022583,0.2328232228755951,0.4230387508869171,0.33939889073371887,0.3203693926334381,0.2540458142757416,0.31737297773361206,0.23339009284973145,0.41199439764022827,0.31777629256248474,0.34826672077178955,0.24691790342330933,0.42527738213539124,0.3336928188800812,0.2094828486442566,0.05835577845573425,3426.8908315790263,1021.4578780939172,3983.1037264752545,563.1960617847238,0.06491818173578887,0.02814649889619888,89.10290948275862
despacito,62,104,42,shake,neutral,4,-60.33823776245117,66.44953918457031,100.86763763427734,34.69336700439453,-12.57259750366211,19.021869659423828,37.821346282958984,16.948497772216797,-15.523027420043945,15.95218276977539,19.82650375366211,16.99193572998047,-7.252533912658691,10.861562728881836,12.722433090209961,12.415396690368652,-8.638405799865723,12.281846046447754,6.7095513343811035,10.247231483459473,-6.43999719619751,10.965206146240234,7.094696998596191,9.249372482299805,-0.18416638672351837,10.287261009216309,0.0014510884648188949,11.095460891723633,0.0001527861168142408,5.46992826461792,0.0023683987092226744,3.2261698246002197,0.0001816399017116055,2.514220952987671,-0.00021583089255727828,2.4084091186523438,0.004480197560042143,2.527101993560791,0.00023366733512375504,1.7845925092697144,-0.0012484200997278094,2.0211164951324463,-0.0028485094662755728,1.9859200716018677,-0.002515649888664484,1.5852153301239014,0.0021219628397375345,1.7619909048080444,0.0013306473847478628,1.3730331659317017,0.005771840922534466,1.6630431413650513,-0.0035324501805007458,6.4114227294921875,0.007559941150248051,2.8164801597595215,-0.000323160900734365,1.802795648574829,-0.002343103988096118,1.4027228355407715,0.002555216196924448,1.2379316091537476,-0.004786986391991377,1.2822164297103882,-0.00013409087841864675,0.9904845356941223,0.0022907638922333717,1.1285533905029297,0.0027504190802574158,1.0371248722076416,0.0007921440992504358,0.8875430226325989,0.0011967263417318463,0.9623316526412964,-0.0008233407279476523,0.7724769711494446,8.01852802396752e-05,0.9235938787460327,0.4382215440273285,0.310477614402771,0.5098274946212769,0.3100148141384125,0.5635973215103149,0.3146882951259613,0.46414846181869507,0.2627028226852417,0.463850736618042,0.3220493197441101,0.42679670453071594,0.2796461880207062,0.5128064751625061,0.3350332975387573,0.46025189757347107,0.2971603274345398,0.398353636264801,0.26306626200675964,0.4453248083591461,0.30311861634254456,0.4293157160282135,0.28636741638183594,0.45218750834465027,0.32506853342056274,0.3004292845726013,0.12257790565490723,4054.2757254660355,1415.788054817434,4289.376282587592,642.2141478260423,0.0772854207694168,0.06045895851401739,89.10290948275862
despacito,104,127,23,nod,smile,4,-86.23493957519531,69.91389465332031,128.28919982910156,31.79839324951172,-26.94135856628418,21.33544921875,10.637557983398438,21.313148498535156,-7.51404333114624,17.035722732543945,21.315654754638672,16.326156616210938,-13.341265678405762,12.416050910949707,6.798191070556641,16.407390594482422,-1.039986252784729,12.898382186889648,10.303231239318848,11.27402114868164,-12.831282615661621,12.601301193237305,8.388169288635254,11.221274375915527,-3.039979934692383,11.09587287902832,0.001968274125829339,14.793911933898926,0.02592371217906475,5.774352073669434,-0.02397615648806095,4.160635471343994,-0.02812112495303154,3.463618278503418,-0.012643178924918175,2.890746593475342,-0.004553737118840218,2.6135222911834717,-0.0014580597635358572,2.1695525646209717,-0.004319694824516773,2.907078981399536,0.0008940234547480941,2.177948474884033,0.0009077122085727751,1.9184857606887817,-0.01732483133673668,2.0141289234161377,0.0016757731791585684,1.9733290672302246,-0.010005533695220947,1.7196877002716064,-0.03161078691482544,8.800487518310547,0.011869661509990692,3.274909496307373,-0.006017816718667746,2.245715856552124,-0.007102070841938257,1.7361555099487305,0.0033039560075849295,1.5212929248809814,-0.0010329188080504537,1.3860455751419067,0.007203463930636644,1.1876691579818726,-0.006854287814348936,1.509454607963562,0.0006588301621377468,1.1869360208511353,-0.0014274012064561248,1.0952532291412354,0.01132882945239544,1.097556233406067,0.00046622465015389025,1.121559977531433,-0.0005266575026325881,0.9932184219360352,0.3986637592315674,0.29472482204437256,0.4755840599536896,0.2967504858970642,0.610579788684845,0.3261459469795227,0.49430495500564575,0.2716986835002899,0.48847317695617676,0.325400710105896,0.383492112159729,0.2684438228607178,0.41479623317718506,0.30369243025779724,0.35159581899642944,0.27350088953971863,0.37761515378952026,0.2699400782585144,0.4688595235347748,0.31718626618385315,0.3921939432621002,0.2646307945251465,0.4535452723503113,0.3177575469017029,0.2970675826072693,0.12884606420993805,3106.9117473526917,1336.7460464448945,3724.776171544795,793.3109873804265,0.059498129651236124,0.044320110260862106,89.10290948275862
despacito,127,150,23,sway,neutral,3,-90.89894104003906,59.36447525024414,106.49317169189453,36.64279556274414,-22.395397186279297,21.67203712463379,20.980627059936523,24.4727783203125,-11.882061004638672,19.56379508972168,22.500221252441406,15.750771522521973,-17.266529083251953,11.824177742004395,3.8435628414154053,15.960796356201172,-0.666854202747345,12.517779350280762,10.375893592834473,10.273422241210938,-14.558732032775879,11.134261131286621,6.386438369750977,11.1824369430542,-3.521738052368164,8.784692764282227,0.037073757499456406,12.774515151977539,-0.039444901049137115,6.331758975982666,0.009633257985115051,4.0082197189331055,0.013467133976519108,3.495765209197998,-0.019063957035541534,3.0017244815826416,0.00100901338737458,2.4550366401672363,-0.0010748534696176648,2.0204882621765137,0.002641848288476467,2.5254604816436768,-0.013579994440078735,2.1172428131103516,-0.010870473459362984,1.591515064239502,-0.0061746565625071526,1.7206486463546753,-0.01097929012030363,1.6621265411376953,3.9263281337298395e-07,1.4686776399612427,0.011061419732868671,7.456899166107178,-0.003548677545040846,3.4713618755340576,0.0030126452911645174,2.0702712535858154,0.00917226355522871,1.7640680074691772,-0.00022463696950580925,1.4948556423187256,0.005200020503252745,1.282395839691162,0.004504084121435881,1.154033899307251,0.0021174789872020483,1.2568612098693848,0.0009754893835633993,1.1533610820770264,0.004131968133151531,0.970726728439331,0.007869705557823181,1.0028945207595825,0.007488620467483997,0.9451846480369568,0.003840518184006214,0.8914571404457092,0.3781321942806244,0.296269953250885,0.4609207510948181,0.3114621937274933,0.5802744626998901,0.3407084047794342,0.46689099073410034,0.29608866572380066,0.38274165987968445,0.300823450088501,0.32224711775779724,0.25959527492523193,0.36445844173431396,0.29848548769950867,0.32098376750946045,0.2815852463245392,0.35800960659980774,0.283800333738327,0.4288256764411926,0.3257838785648346,0.36107921600341797,0.2788311541080475,0.42657002806663513,0.34016838669776917,0.24353566765785217,0.11708372831344604,3819.9151366809215,1581.2318630546,4050.580545140433,674.9317914207375,0.08363183692293139,0.06507159148681822,89.10290948275862
despacito,150,170,20,nod,neutral,3,-72.4697265625,61.11040496826172,105.70374298095703,35.4624137878418,-17.680282592773438,21.226232528686523,36.4019775390625,19.435901641845703,-14.252972602844238,17.715970993041992,20.208906173706055,19.15032386779785,-6.781678676605225,11.479813575744629,10.019998550415039,15.819201469421387,-10.544004440307617,14.558488845825195,5.648960590362549,11.385415077209473,-8.729547500610352,11.356494903564453,5.415853023529053,10.052067756652832,-2.3853936195373535,10.47754192352295,0.053088895976543427,11.999274253845215,0.004051819443702698,6.058480262756348,0.028801430016756058,3.3162989616394043,0.011153116822242737,2.7929108142852783,0.017202232033014297,2.7610254287719727,0.02126508764922619,2.8966171741485596,0.012073640711605549,1.8763302564620972,0.022708000615239143,2.3078794479370117,0.004884444177150726,2.13291597366333,0.004112299531698227,1.7783784866333008,-0.0005604029283858836,1.8807148933410645,-0.000625266635324806,1.5705598592758179,-0.00016447201778646559,1.7065353393554688,0.0015856819227337837,7.091243267059326,-0.006251154933124781,3.014190912246704,0.018710454925894737,1.9108386039733887,0.0026641187723726034,1.5471394062042236,0.003346775658428669,1.408113956451416,0.005997599568217993,1.4465456008911133,0.0005704318755306304,1.072949767112732,0.005206040106713772,1.2585833072662354,-0.0003801443672273308,1.10110342502594,0.003123614937067032,0.9783636927604675,0.004767049103975296,0.9754649996757507,0.0031155061442404985,0.8061113357543945,0.005453976336866617,0.9375290274620056,0.5075201392173767,0.30154356360435486,0.5352844595909119,0.31366607546806335,0.5422651767730713,0.31625595688819885,0.46292778849601746,0.2711780369281769,0.4391348659992218,0.30701231956481934,0.41243240237236023,0.28697896003723145,0.47988757491111755,0.32819294929504395,0.4530438184738159,0.3041582405567169,0.44985201954841614,0.2769336700439453,0.5028891563415527,0.29733651876449585,0.5118966698646545,0.2813989520072937,0.5544024705886841,0.3260810077190399,0.2820284366607666,0.12855331599712372,3851.806405134093,1516.5052985955585,4102.7643428858,677.83055995604,0.07596755069283227,0.06745538628709849,178.20581896551724
despacito,170,192,22,shake,neutral,4,-38.082027435302734,46.57133483886719,99.9487533569336,25.449554443359375,-10.677154541015625,16.373092651367188,37.840476989746094,14.473472595214844,-18.08501625061035,13.636672019958496,18.8330020904541,14.391974449157715,-9.111660957336426,9.571049690246582,12.923704147338867,10.752598762512207,-9.41524887084961,11.369744300842285,7.385082721710205,9.182812690734863,-6.0971832275390625,10.566351890563965,9.232359886169434,8.051519393920898,1.5346726179122925,9.998845100402832,0.005951901897788048,9.549590110778809,-0.028471078723669052,4.397610664367676,-0.0054825423285365105,2.946019172668457,0.014813140034675598,2.281132459640503,-0.007738837040960789,2.1523404121398926,-0.0033692140132188797,2.373300790786743,-0.01549372635781765,1.6331813335418701,-0.0007857400923967361,1.795462965965271,-0.014110729098320007,1.9662312269210815,-0.0051452890038490295,1.4305626153945923,0.010295526124536991,1.6875739097595215,-0.007956993766129017,1.2450344562530518,-0.003534913994371891,1.6348873376846313,0.007605041842907667,5.435595512390137,-0.006377546116709709,2.4378297328948975,0.005060884170234203,1.581912875175476,-0.002652621129527688,1.2872925996780396,0.002482598414644599,1.1318694353103638,-0.001526249572634697,1.1991100311279297,0.003249143250286579,0.8734954595565796,-0.0008972394280135632,1.013068437576294,0.004094001837074757,1.0274025201797485,-0.005171634256839752,0.818874180316925,-0.0006102233310230076,0.9640392065048218,-0.003169022034853697,0.7559497952461243,-0.001967584015801549,0.9072958827018738,0.35937589406967163,0.2974892258644104,0.4587124288082123,0.30863064527511597,0.564447820186615,0.3258686661720276,0.44858473539352417,0.24803341925144196,0.4881270229816437,0.3389025628566742,0.42665931582450867,0.27085429430007935,0.5304068326950073,0.34343016147613525,0.4549257159233093,0.2940142750740051,0.351210355758667,0.23963016271591187,0.39953240752220154,0.2985917627811432,0.36073634028434753,0.2684062719345093,0.3644116520881653,0.30303600430488586,0.32871079444885254,0.09400198608636856,4166.258207953047,1158.4178808093004,4442.624764613807,527.88805603543,0.07474696982189974,0.04326597925833825,89.10290948275862
despacito,192,204,12,none,thoughtful,3,-145.36436462402344,75.8983154296875,98.45368194580078,40.520790100097656,-19.874204635620117,23.933395385742188,35.937400817871094,19.86410903930664,-18.26787567138672,18.152400970458984,13.88216781616211,16.043664932250977,-10.262605667114258,13.296934127807617,-3.2636005878448486,14.936577796936035,-18.895830154418945,12.251028060913086,-0.46567296981811523,10.577617645263672,-10.621430397033691,11.466832160949707,-4.247807502746582,13.80373764038086,-6.409083366394043,11.336810111999512,-0.08305621892213821,11.710103988647461,0.05039004981517792,6.667449951171875,0.017230482771992683,3.862536668777466,-0.024401862174272537,3.0311083793640137,-0.0008516551461070776,3.1577181816101074,0.007836373522877693,2.653095245361328,0.03227002173662186,2.092599868774414,0.0013030677800998092,1.9524362087249756,0.0037589147686958313,1.965451717376709,0.007241907995194197,1.7169770002365112,-0.008217021822929382,1.8584407567977905,0.02205781266093254,1.7547458410263062,0.012210501357913017,1.63023042678833,-0.03668231889605522,7.0049848556518555,0.0042880503460764885,3.3782644271850586,0.015185286290943623,2.094473361968994,0.0016349786892533302,1.712777018547058,-0.0015628504334017634,1.6352405548095703,-0.004967230372130871,1.456372618675232,0.006561849731951952,1.3293583393096924,0.002257521031424403,1.1088168621063232,0.0020742970518767834,1.131400465965271,-0.002917768433690071,0.9949856400489807,0.001427510753273964,1.0992969274520874,-0.003348774742335081,0.9265344738960266,0.008849948644638062,1.0057926177978516,0.38792645931243896,0.29418668150901794,0.4196484684944153,0.31249377131462097,0.38891205191612244,0.3034800887107849,0.34084805846214294,0.25914430618286133,0.3621119558811188,0.322783887386322,0.3415546119213104,0.2738739252090454,0.41247880458831787,0.3423693776130676,0.39457082748413086,0.33163976669311523,0.3480479419231415,0.27359721064567566,0.35791775584220886,0.2977604269981384,0.38080719113349915,0.30760008096694946,0.4132166802883148,0.3308820426464081,0.14680081605911255,0.08659274131059647,3886.537531263845,1537.7865109230113,3937.9513501222223,638.9829974665951,0.08672375559115086,0.06915467176943779,120.18531976744185
despacito,204,216,12,nod,"smile, frown",5,-33.52934646606445,46.835548400878906,108.6272201538086,21.788379669189453,-13.501420021057129,14.705977439880371,37.66960525512695,13.185564994812012,-18.926712036132812,12.877565383911133,16.110733032226562,13.672379493713379,-8.535841941833496,9.279372215270996,12.263306617736816,11.285301208496094,-6.601258277893066,9.940723419189453,12.237262725830078,9.696196556091309,-6.814055919647217,9.347455024719238,8.809557914733887,8.466320037841797,1.4567816257476807,9.501994132995605,0.04272238910198212,8.779088020324707,-0.055456407368183136,3.501256227493286,-0.02447659522294998,2.6161274909973145,0.03258966654539108,2.0564723014831543,0.00962249469012022,1.896799921989441,-0.001954704988747835,2.2443888187408447,-0.02733892761170864,1.4012974500656128,-0.025461480021476746,1.7389248609542847,-0.004669561982154846,1.5953168869018555,0.015170451253652573,1.4321000576019287,-0.015593227930366993,1.4921985864639282,-0.0179230198264122,1.2934155464172363,-0.006976396776735783,1.3995583057403564,-0.01362383458763361,4.962382793426514,-0.0006545811775140464,1.8714202642440796,-0.0035897139459848404,1.4065040349960327,-0.012734953314065933,1.08072829246521,0.001005162368528545,0.9719176292419434,-0.0010555221233516932,1.0612025260925293,-0.0007909224950708449,0.8058848977088928,0.004197124391794205,0.9362647533416748,0.001579473027959466,0.8028053641319275,-0.004573159851133823,0.809389054775238,0.00372674991376698,0.9175241589546204,-0.004395263735204935,0.7166063785552979,-0.004088391084223986,0.789103090763092,0.3845885992050171,0.27757301926612854,0.49809762835502625,0.2996690273284912,0.5629286170005798,0.31474369764328003,0.4290677607059479,0.23005984723567963,0.44219088554382324,0.3126373291015625,0.3926719129085541,0.24303551018238068,0.5183367729187012,0.3081304430961609,0.44309037923812866,0.29181987047195435,0.34756049513816833,0.21590489149093628,0.4213528335094452,0.2944183349609375,0.37670034170150757,0.24941274523735046,0.41733619570732117,0.3077111840248108,0.3323112726211548,0.08268769085407257,3869.312250183344,981.2089537384545,4300.677941372099,538.0152018237583,0.06821676287475822,0.033815202340902045,89.10290948275862
despacito,216,227,11,sway,neutral,3,-92.07518005371094,68.71265411376953,83.87323760986328,33.661155700683594,-26.02446746826172,19.9165096282959,32.881744384765625,15.913829803466797,-24.203760147094727,15.427017211914062,10.221487998962402,17.388471603393555,-15.850288391113281,11.327047348022461,4.398018836975098,12.274133682250977,-16.746644973754883,11.998614311218262,1.9497400522232056,10.59868049621582,-13.205012321472168,10.752197265625,1.7488789558410645,10.761876106262207,-4.952866554260254,10.03561782836914,-0.20933380722999573,9.620312690734863,0.035073865205049515,5.303369045257568,0.02566996030509472,3.0239315032958984,-0.05420435592532158,2.4699149131774902,-0.04630313068628311,2.0978856086730957,-0.029390785843133926,2.3285787105560303,-0.007021821569651365,1.6480597257614136,-0.005282904952764511,1.9925166368484497,-0.025096934288740158,1.5320560932159424,-0.041149552911520004,1.4301539659500122,0.015189249999821186,1.5115349292755127,0.022926563397049904,1.318927526473999,0.007651106920093298,1.4469823837280273,-0.04266459494829178,5.1878743171691895,0.027901222929358482,2.6653621196746826,0.04301733151078224,1.5986343622207642,0.01062637660652399,1.2638587951660156,-0.001976763131096959,1.1684072017669678,-0.005460695363581181,1.086262583732605,0.008228501304984093,0.9529926776885986,0.009764635004103184,0.9848971962928772,0.010286787524819374,0.8585480451583862,-0.004125031176954508,0.8453539609909058,0.005723687820136547,0.8599713444709778,0.0004873240541201085,0.7680855989456177,0.008244721218943596,0.8320809006690979,0.2721049189567566,0.2612297534942627,0.38453409075737,0.3259187936782837,0.46849286556243896,0.3634321689605713,0.3231585919857025,0.2497669756412506,0.3032931685447693,0.31310561299324036,0.26685792207717896,0.21380668878555298,0.42555713653564453,0.3640066981315613,0.32944074273109436,0.28569528460502625,0.28120529651641846,0.2751445472240448,0.3112415671348572,0.30654940009117126,0.2846582233905792,0.27025923132896423,0.3125782012939453,0.3209470510482788,0.18488916754722595,0.07774233818054199,4553.230511752659,1291.170411496765,4300.185382009926,488.14115003994544,0.1043484844738924,0.05707570411431171,89.10290948275862
dynamite,0,7,7,none,smile,3,-167.2718048095703,107.14826965332031,109.0640640258789,51.936187744140625,-11.5141019821167,27.137710571289062,47.42657470703125,22.26718521118164,-19.564308166503906,20.64411163330078,31.040376663208008,15.678995132446289,-23.478500366210938,15.993343353271484,3.6742868423461914,12.215717315673828,-9.909242630004883,12.8160400390625,-0.3762539029121399,10.258476257324219,-10.148236274719238,9.267630577087402,-7.400851249694824,10.07238483428955,-8.594131469726562,8.00737190246582,0.6781362891197205,13.421037673950195,0.19646327197551727,6.916049003601074,-0.012128880247473717,4.27881383895874,0.11481606215238571,2.9249722957611084,-0.06045110896229744,2.6572299003601074,0.07069365680217743,2.2578799724578857,-0.03869801014661789,2.400191307067871,-0.041655052453279495,1.9791723489761353,-0.014457879588007927,1.7583504915237427,0.018909800797700882,1.45236337184906,0.018031958490610123,1.561366081237793,-0.016804184764623642,1.4327627420425415,-0.03410862758755684,1.2944343090057373,-0.017527565360069275,6.355992794036865,0.001894319779239595,3.026414155960083,0.016431961208581924,2.069608211517334,-0.004173425491899252,1.5441672801971436,-0.001326755154877901,1.4092978239059448,-0.015833526849746704,1.1709049940109253,0.02611706033349037,1.2197051048278809,0.007879422046244144,1.0906728506088257,-0.012835473753511906,0.9833601713180542,0.00734169315546751,0.845804750919342,0.004112838767468929,0.886686384677887,-0.0009825387969613075,0.837799608707428,0.004032383672893047,0.7776118516921997,0.31770652532577515,0.28015291690826416,0.36995893716812134,0.3548608422279358,0.2547570466995239,0.23559452593326569,0.34543687105178833,0.28099915385246277,0.47686144709587097,0.36395370960235596,0.35063037276268005,0.2861272394657135,0.3172546327114105,0.3126929700374603,0.2648243010044098,0.2661387622356415,0.32999518513679504,0.317137748003006,0.33063969016075134,0.33766308426856995,0.2822875380516052,0.22923852503299713,0.38970184326171875,0.377617746591568,0.13859345018863678,0.05658986046910286,3787.216200218307,2020.1348017226928,3623.12322643503,1038.7371642172998,0.09838340847844113,0.08971115776926875,112.34714673913044
dynamite,7,25,18,sway,smile,2,-157.71719360351562,87.0971450805664,128.1889190673828,34.58302307128906,6.146955490112305,33.53738021850586,57.37249755859375,23.362337112426758,-7.296603202819824,27.177932739257812,38.59375,16.003028869628906,-9.0375337600708,16.012786865234375,11.84656047821045,12.969758033752441,5.7781901359558105,12.61048698425293,4.303548336029053,10.783162117004395,-0.8964294195175171,10.601237297058105,1.4007773399353027,11.116517066955566,2.920245409011841,10.01794147491455,0.028693469241261482,12.225358009338379,0.0059867431409657,6.020781993865967,0.013394837267696857,4.398353576660156,-0.025466112419962883,3.487178325653076,-0.008068230003118515,3.6024208068847656,0.004212378989905119,2.328279495239258,-2.5503870347165503e-05,2.6004390716552734,0.03634757921099663,2.041171073913574,0.008184033446013927,2.3009164333343506,-0.004829871468245983,1.8366222381591797,-0.00856222864240408,1.8385168313980103,0.025619953870773315,1.8916420936584473,0.015558598563075066,1.627052903175354,-0.003932918421924114,6.879693031311035,-0.004832414444535971,3.222900867462158,0.008116419427096844,2.2409322261810303,-0.007167484145611525,1.7787659168243408,0.0049925316125154495,1.8932095766067505,-0.004881959408521652,1.3389637470245361,-0.002052364870905876,1.5125908851623535,-0.002016668440774083,1.2621997594833374,0.002207350917160511,1.2811882495880127,-0.00250315316952765,1.0828163623809814,0.0018864661687985063,1.1301339864730835,-0.004566920455545187,1.0658022165298462,0.0032048418652266264,0.9544968605041504,0.5204346776008606,0.30818185210227966,0.4897530674934387,0.32219088077545166,0.4715389907360077,0.286427766084671,0.568340539932251,0.25981321930885315,0.7195003628730774,0.3143429756164551,0.5159028768539429,0.28442221879959106,0.39500245451927185,0.2862945795059204,0.3604374825954437,0.27036628127098083,0.3674717843532562,0.26881447434425354,0.3629133105278015,0.2626201808452606,0.4428592920303345,0.26799988746643066,0.5948384404182434,0.31590062379837036,0.2512650787830353,0.1075991839170456,2661.7162983408334,1487.7181175336564,3362.3431384252694,949.6346872785923,0.043129936331399096,0.0424893767476053,114.84375
dynamite,25,35,10,nod,big smile,2,-69.90129852294922,65.36166381835938,100.33599090576172,37.520042419433594,-5.954986572265625,29.629980087280273,53.66413497924805,23.528562545776367,-3.8356435298919678,15.75394344329834,36.3265495300293,15.402345657348633,-1.922826886177063,11.854423522949219,11.099912643432617,12.448386192321777,5.689504623413086,8.984376907348633,10.798364639282227,9.16462230682373,5.803374290466309,8.65281867980957,2.6241016387939453,8.606800079345703,5.5201334953308105,7.31518030166626,0.07684217393398285,13.190397262573242,-0.06105292961001396,6.8836798667907715,0.0014823506353423,5.019278526306152,-0.029678180813789368,3.810859203338623,-0.013777673244476318,2.750028610229492,-0.015427111648023129,2.679774761199951,-0.012956744991242886,2.1386334896087646,0.012002063915133476,2.0608737468719482,0.0034578244667500257,1.5871174335479736,0.003141893306747079,1.5747641324996948,-0.008184725418686867,1.5762176513671875,0.005461730062961578,1.5150139331817627,0.019626079127192497,1.3257027864456177,0.032802682369947433,7.167754650115967,-0.06508241593837738,3.5087366104125977,0.026364704594016075,2.729339838027954,-0.016051972284913063,1.9843432903289795,-0.007879188284277916,1.489798665046692,0.0096327168866992,1.3614070415496826,0.013225408270955086,1.2519935369491577,-0.0006074761622585356,1.1952816247940063,-0.0022527379915118217,1.0395334959030151,-0.01997341588139534,0.9505600929260254,-0.0036343035753816366,0.9073458313941956,0.003863085061311722,0.8797442317008972,0.006380937527865171,0.8189948797225952,0.6666308045387268,0.24817243218421936,0.6532817482948303,0.26260825991630554,0.6017022132873535,0.22597496211528778,0.6306838989257812,0.23941510915756226,0.7173776030540466,0.28908661007881165,0.5833160281181335,0.2730933129787445,0.49254924058914185,0.26139968633651733,0.4697757661342621,0.23568588495254517,0.49824774265289307,0.24068164825439453,0.503751277923584,0.2413686215877533,0.5820258259773254,0.22742314636707306,0.7069193720817566,0.24389097094535828,0.32205504179000854,0.10815633088350296,4035.501865129275,1690.3058322772754,4334.039387752991,1052.0488415432594,0.06414950696055685,0.04503338515640157,114.84375
dynamite,35,41,6,shake,big smile,2,-75.23876953125,65.39952087402344,119.37065887451172,35.239810943603516,-9.230427742004395,22.641210556030273,41.028953552246094,17.28139305114746,-10.549981117248535,17.8625545501709,30.15690803527832,12.246814727783203,2.889646053314209,10.791239738464355,16.89536476135254,10.518204689025879,8.028020858764648,8.15881633758545,7.757376670837402,7.628106594085693,3.819845199584961,8.342631340026855,5.8573737144470215,7.915655136108398,7.758573055267334,6.867250442504883,-0.2619932293891907,13.373682975769043,0.24978259205818176,7.309678554534912,-0.17954549193382263,3.7073285579681396,0.031844362616539,3.249387502670288,0.031276851892471313,3.2773797512054443,-0.021815722808241844,2.4167261123657227,0.045481499284505844,2.1362457275390625,-0.0068832156248390675,1.7359310388565063,0.053386569023132324,1.3246710300445557,0.027385994791984558,1.2186182737350464,0.03117685578763485,1.334471344947815,0.015840496867895126,1.3237663507461548,-0.006786744575947523,1.2728029489517212,0.06459188461303711,6.737942695617676,-0.04119962453842163,3.401536464691162,0.014092601835727692,2.055055856704712,-0.015565247274935246,1.8620232343673706,-0.00443037785589695,1.753867745399475,-0.019904961809515953,1.4233427047729492,0.009874544106423855,1.2485376596450806,-0.023636702448129654,1.040771245956421,-0.012653123587369919,0.8803625702857971,0.0104400385171175,0.8041266798973083,-0.010883428156375885,0.7646704316139221,0.004150472581386566,0.8352084159851074,-0.008870841935276985,0.7426726818084717,0.5052965879440308,0.25448229908943176,0.5139176845550537,0.27925029397010803,0.4642724096775055,0.22995394468307495,0.5715249180793762,0.2539418935775757,0.7508844137191772,0.29095155000686646,0.5386632084846497,0.2823154032230377,0.4368250370025635,0.2910451889038086,0.39594265818595886,0.24509689211845398,0.41394346952438354,0.24882319569587708,0.3779352903366089,0.23788128793239594,0.44648268818855286,0.2416251003742218,0.6079482436180115,0.30935391783714294,0.31662535667419434,0.1017104908823967,3424.1341025128404,1623.9637426654585,4100.674896300366,1148.2194226412946,0.052206426801257255,0.03968036447161811,114.84375
dynamite,41,59,18,nod,big smile,3,-53.71417236328125,56.30445861816406,105.07878875732422,37.75191116333008,-13.448896408081055,26.231111526489258,42.411285400390625,16.346736907958984,-4.019927978515625,18.528894424438477,27.636615753173828,13.627673149108887,0.26132601499557495,12.647455215454102,13.801302909851074,10.52770709991455,2.1406869888305664,10.240456581115723,8.439064979553223,8.730719566345215,5.022781848907471,8.31602954864502,5.177777290344238,8.255507469177246,2.7802751064300537,6.9444780349731445,0.12586110830307007,10.375541687011719,-0.039923422038555145,6.457208156585693,0.04371753707528114,4.0515851974487305,0.0017255774000659585,2.8699657917022705,0.015079259872436523,2.6223771572113037,-0.00016201027028728276,2.115342855453491,0.023827657103538513,2.1633365154266357,-0.010302599519491196,1.6001346111297607,-0.00041838939068838954,1.6957882642745972,-0.007181008346378803,1.5190998315811157,-0.012911953032016754,1.4226187467575073,-0.010333020240068436,1.2789608240127563,-0.004268390126526356,1.2153171300888062,-0.06388149410486221,5.367141246795654,0.02538234554231167,3.082749605178833,0.008956842124462128,2.1101794242858887,0.002917011734098196,1.5690876245498657,-0.004440527409315109,1.4138163328170776,-0.0002526927855797112,1.180476188659668,0.014317176304757595,1.1808123588562012,0.005596371833235025,0.9469383358955383,0.010022361762821674,0.9265232682228088,0.00249634706415236,0.898375391960144,0.008361905813217163,0.8741523027420044,0.007388890255242586,0.7544659972190857,0.0025912653654813766,0.7302138805389404,0.5319910049438477,0.28326523303985596,0.5331240892410278,0.30066603422164917,0.48581230640411377,0.26120495796203613,0.5594356656074524,0.26633360981941223,0.6518493890762329,0.30035218596458435,0.5569903254508972,0.2787325084209442,0.531015157699585,0.2707326412200928,0.4523075819015503,0.23308685421943665,0.5071191787719727,0.2639711797237396,0.5125577449798584,0.27920398116111755,0.5077950954437256,0.23472778499126434,0.6230065822601318,0.3116658627986908,0.3277798891067505,0.10717780143022537,3965.8907298921713,1666.8121948647026,4282.237899855507,1095.7415911254768,0.07209593860815602,0.05216849799347632,114.84375
dynamite,59,76,17,sway,smile,2,-86.3027114868164,67.9515151977539,110.58748626708984,44.49882125854492,-9.160587310791016,35.637874603271484,43.62294006347656,21.482515335083008,-3.478890895843506,19.628719329833984,25.48094940185547,16.16556739807129,6.446957588195801,13.032651901245117,13.538406372070312,12.240755081176758,4.8585429191589355,12.069308280944824,6.194953918457031,10.842864990234375,0.5522159934043884,11.36560344696045,5.650863170623779,9.159468650817871,6.461363315582275,8.556366920471191,-0.10793182998895645,13.723695755004883,0.05739167332649231,8.364325523376465,0.019866732880473137,5.1748552322387695,-0.0022494001314044,3.9069161415100098,0.002277740743011236,2.954911708831787,0.01988278701901436,2.459035634994507,-0.006434931419789791,2.223212480545044,-0.009818232618272305,2.1009106636047363,-0.0009340448887087405,1.9008480310440063,-0.00551875913515687,1.7818810939788818,-0.007787441369146109,1.7935014963150024,0.00029464566614478827,1.5715885162353516,-0.007552585564553738,1.5498814582824707,0.029648801311850548,7.620020389556885,-0.0032829982228577137,4.314668655395508,0.004727435298264027,2.8937506675720215,-0.006532035768032074,2.197145700454712,-0.0024521329905837774,1.6803168058395386,0.0010120143415406346,1.3889793157577515,-0.0009963553166016936,1.3463752269744873,-0.005287406500428915,1.2625075578689575,0.0018199225887656212,1.0819718837738037,-0.004192571621388197,0.9786367416381836,0.0009003660525195301,1.0887560844421387,0.0005840540979988873,0.9303668737411499,-0.0058083366602659225,0.9212884902954102,0.6278985738754272,0.2677799463272095,0.6098191738128662,0.26861920952796936,0.5705264806747437,0.24600017070770264,0.6349954009056091,0.23711085319519043,0.7349544167518616,0.2767646908760071,0.5997422933578491,0.2755597233772278,0.5307154059410095,0.2658114433288574,0.5119714736938477,0.23982864618301392,0.5319101810455322,0.24646902084350586,0.4917285442352295,0.23663105070590973,0.5508353114128113,0.23238010704517365,0.6603827476501465,0.27343907952308655,0.3221850097179413,0.12079699337482452,3687.479191902581,2056.014201024714,4086.437632363193,1334.143044310102,0.06054154223549488,0.05890586564713745,114.84375
dynamite,76,110,34,"sway, nod",smile,2,-50.42456817626953,57.99009323120117,108.14038848876953,36.21751403808594,-14.352465629577637,26.252002716064453,38.978668212890625,17.757240295410156,-0.21065109968185425,16.770065307617188,30.924894332885742,13.154350280761719,-4.834461212158203,12.864496231079102,14.9625883102417,10.392827987670898,5.27230978012085,9.339571952819824,7.649651050567627,8.720612525939941,3.216219663619995,9.14625358581543,5.531236171722412,7.581785202026367,6.663859844207764,7.148385524749756,0.041288651525974274,11.238199234008789,-0.02150236815214157,6.3196702003479,0.0029054642654955387,4.248983383178711,0.0020615563262254,3.359423875808716,-0.005257910583168268,2.7117807865142822,-0.0028943673241883516,2.1925365924835205,0.0011858033249154687,2.25506854057312,-0.0004359844606369734,1.7429379224777222,-0.0018726103007793427,1.4982975721359253,0.0006880956934764981,1.4358484745025635,-0.006802135147154331,1.5696032047271729,-0.003183743916451931,1.3303542137145996,0.0030855948571115732,1.2381315231323242,-0.006277595646679401,6.170044898986816,0.016293570399284363,3.0931951999664307,-0.007614161819219589,2.3279783725738525,0.0026771314442157745,2.0026111602783203,-0.001357370289042592,1.5436872243881226,0.0014904943527653813,1.2643694877624512,-0.0010368708753958344,1.181304931640625,0.0017956183291971684,1.029849648475647,0.00014779331104364246,0.9135939478874207,-0.0016491054557263851,0.8746251463890076,-0.0004675816453527659,0.9341541528701782,0.0012962562032043934,0.7975621819496155,-0.00033795120543800294,0.7924933433532715,0.5476651787757874,0.2795335650444031,0.551765501499176,0.30120858550071716,0.49850744009017944,0.2518247067928314,0.5634945631027222,0.24922020733356476,0.7071319222450256,0.2942955195903778,0.5676478743553162,0.27196961641311646,0.49809831380844116,0.26348549127578735,0.443825900554657,0.23424480855464935,0.4879489243030548,0.25020289421081543,0.47035396099090576,0.2622888386249542,0.4939795732498169,0.23715324699878693,0.626019299030304,0.2931346893310547,0.3351234197616577,0.09701893478631973,3893.621691259075,1616.9343631609986,4315.820759351241,1064.1757424271282,0.06787276080786958,0.048191521654292906,114.84375
dynamite,110,125,15,sway,smile,3,-25.480852127075195,45.30326461791992,101.9883041381836,30.34901237487793,-20.660017013549805,21.089229583740234,35.25932693481445,13.519009590148926,3.5736634731292725,13.0586519241333,29.174583435058594,9.73868465423584,-4.122661590576172,11.259149551391602,14.753117561340332,7.937655925750732,4.796642780303955,7.998395919799805,7.1070098876953125,7.433871269226074,3.051889419555664,8.760896682739258,6.509736061096191,6.682188987731934,4.520450115203857,6.233022212982178,-0.09098321944475174,9.4144287109375,0.04632518067955971,5.791501045227051,-0.044125478714704514,3.7735602855682373,0.011853950098156929,2.641427516937256,-0.005810585804283619,2.299213171005249,0.008405013009905815,1.7705882787704468,-0.0014100664993748069,1.9866786003112793,0.0028786954935640097,1.4278159141540527,-0.011390595696866512,1.4796823263168335,-0.015329118818044662,1.3904849290847778,-0.00901206023991108,1.5597039461135864,0.0096660191193223,1.209712028503418,0.003829025197774172,1.1366852521896362,0.009997676126658916,5.383907318115234,0.006782952696084976,2.677175283432007,0.008201650343835354,1.9919984340667725,-0.0005944166332483292,1.57492196559906,0.0005314342561177909,1.3530067205429077,-0.004906788468360901,1.0776978731155396,-0.00627349317073822,1.023492693901062,-0.010409937240183353,0.9105464220046997,-0.005104376934468746,0.8915397524833679,-0.00756087526679039,0.8495845198631287,-0.00532130803912878,0.9746721982955933,-0.0033883776050060987,0.7718935012817383,-0.002988690510392189,0.7005282640457153,0.49316197633743286,0.26202860474586487,0.49683862924575806,0.267323762178421,0.4546205997467041,0.23039217293262482,0.5602524876594543,0.23429161310195923,0.7357706427574158,0.27928704023361206,0.5831668972969055,0.2557613253593445,0.5408825874328613,0.2532358467578888,0.44656607508659363,0.20836755633354187,0.516815721988678,0.25443342328071594,0.45049911737442017,0.24385757744312286,0.45818525552749634,0.2147120088338852,0.626607358455658,0.31245484948158264,0.348505437374115,0.09199251979589462,4070.306656054477,1372.1628130349877,4453.492661583183,945.1130084055876,0.072932665562113,0.04121433761415777,114.84375
dynamite,125,130,5,nod,big smile,3,-70.39364624023438,70.6682357788086,99.77410125732422,28.736146926879883,-22.84121322631836,27.251802444458008,34.60605239868164,15.960441589355469,-6.573592662811279,16.5649471282959,27.70036506652832,12.970738410949707,-9.39669132232666,15.891401290893555,7.524345874786377,12.81124210357666,1.3672266006469727,12.399421691894531,4.220905780792236,9.451058387756348,5.851573944091797,10.518816947937012,6.2834343910217285,12.668984413146973,5.939702987670898,9.744178771972656,-0.21766306459903717,12.682600021362305,0.02002430148422718,5.8420281410217285,-0.1448066383600235,4.840580463409424,0.005031824577599764,2.886430501937866,-0.07933233678340912,2.7774815559387207,-0.03452228382229805,1.9544708728790283,-0.04221739619970322,2.412566661834717,-0.024072090163826942,1.8104044198989868,-0.04531107097864151,1.4759917259216309,-0.02883659303188324,1.3603811264038086,-0.01306668110191822,1.5472209453582764,-0.041431162506341934,1.9368261098861694,-0.013080183416604996,1.4139227867126465,0.10421968251466751,7.063494682312012,0.0017390428110957146,3.2473678588867188,0.03844166547060013,2.550891876220703,0.00505045335739851,1.5827237367630005,0.008016671054065228,1.6715481281280518,-0.015289477072656155,1.1146633625030518,-0.003442622721195221,1.3271294832229614,0.009686024859547615,0.9300894141197205,0.021709373220801353,0.8705535531044006,0.02069520764052868,0.8134270906448364,-0.01246759481728077,0.9961668252944946,0.011336584575474262,1.1291779279708862,0.010625620372593403,0.7733558416366577,0.4100244343280792,0.28925102949142456,0.3462773561477661,0.2756389379501343,0.3736201226711273,0.253913938999176,0.5503988265991211,0.21265816688537598,0.8219003081321716,0.25069892406463623,0.5082165002822876,0.2500525414943695,0.37237608432769775,0.23880991339683533,0.33449313044548035,0.19770073890686035,0.4466637670993805,0.27962765097618103,0.31817615032196045,0.21817919611930847,0.3855837881565094,0.26524555683135986,0.5978503823280334,0.3421582281589508,0.3156406581401825,0.11329005658626556,3850.719431674382,1511.5402754816062,4308.362218570626,1030.4128599318353,0.06069415240719257,0.03743277207209372,114.84375
dynamite,130,145,15,sway,smile,2,-61.32952880859375,56.02607345581055,97.0222396850586,35.35927200317383,-30.94325065612793,29.6029109954834,33.35866165161133,20.9073543548584,-6.839115142822266,18.488319396972656,27.505840301513672,17.45431900024414,-12.528057098388672,20.032541275024414,9.444632530212402,13.176982879638672,-2.956941604614258,12.558883666992188,-0.7798945903778076,13.525038719177246,4.474154949188232,10.435956001281738,1.9378807544708252,12.293482780456543,1.802240014076233,11.532758712768555,-0.12283779680728912,10.630305290222168,0.06702186912298203,5.363030433654785,-0.04018089175224304,4.973839282989502,0.019068647176027298,3.423347234725952,-0.026405980810523033,3.1026978492736816,0.021936191245913506,2.534881353378296,-0.009932735934853554,2.8070878982543945,0.005222352221608162,2.0250892639160156,-0.0009781712433323264,1.8235702514648438,-0.021292496472597122,1.7992345094680786,-0.003043694421648979,1.8436261415481567,-0.0034899881575256586,1.8467562198638916,-0.007915616966784,1.614441156387329,0.00020291857072152197,6.087304592132568,0.0034845208283513784,2.6461684703826904,0.00882413238286972,2.4785287380218506,0.0025672223418951035,1.8864541053771973,-0.0006377807585522532,1.6944535970687866,-0.0016357700806111097,1.2934054136276245,0.001984697999432683,1.3652924299240112,0.0016485765809193254,1.0765964984893799,-0.009783273562788963,1.0280487537384033,-0.006379853934049606,0.9690525531768799,-0.0075624240562319756,1.0891903638839722,-0.007297918666154146,0.9671841263771057,-0.009433676488697529,0.8664498925209045,0.41928526759147644,0.2664549946784973,0.3867607116699219,0.3089001774787903,0.373829185962677,0.2664144039154053,0.47282207012176514,0.25464439392089844,0.7057475447654724,0.3275221586227417,0.45633184909820557,0.2639142572879791,0.37711599469184875,0.24931874871253967,0.3553818166255951,0.23444311320781708,0.47148051857948303,0.2881855070590973,0.34583520889282227,0.25172263383865356,0.3979205787181854,0.24069324135780334,0.6322057843208313,0.3199177086353302,0.30736133456230164,0.1134193167090416,4051.942002780563,1681.8391942536748,4221.03810221829,953.0614086370946,0.08069301168246903,0.06844675537322953,114.84375
dynamite,145,159,14,nod,smile,1,-107.5800552368164,74.45812225341797,124.19110107421875,38.488624572753906,-14.875609397888184,27.803457260131836,47.467552185058594,19.157960891723633,-8.442689895629883,17.537885665893555,35.556156158447266,12.799422264099121,-15.2496337890625,13.434283256530762,14.607855796813965,11.026865005493164,-2.852818489074707,11.309159278869629,2.3854827880859375,9.3523588180542,0.7800002694129944,9.312996864318848,-2.2665581703186035,10.111507415771484,-1.3497583866119385,9.362183570861816,0.1550561636686325,9.190051078796387,-0.07651840895414352,5.5284271240234375,-0.00738221500068903,3.7111918926239014,0.008999617770314217,2.7782399654388428,-0.00045645178761333227,2.496277332305908,-0.0013424777425825596,1.9741076231002808,0.004674958996474743,1.8981279134750366,-0.0023643088061362505,1.5695722103118896,0.0050672609359025955,1.8054226636886597,0.016719410195946693,1.5247149467468262,0.00018313314649276435,1.462895154953003,-0.016998663544654846,1.3822193145751953,-0.002710894448682666,1.3816847801208496,0.009766506031155586,4.712357997894287,-0.0014991408679634333,2.582314968109131,-0.023712852969765663,1.9150280952453613,0.00939386710524559,1.4488980770111084,0.0004433723515830934,1.2897621393203735,0.00445795152336359,1.0873644351959229,0.0025130517315119505,1.1055961847305298,-0.0013437358429655433,0.8688938617706299,0.004247544799000025,0.9746301174163818,-0.000942845072131604,0.9140856266021729,0.002274738857522607,0.8578370809555054,0.002883193315938115,0.7508331537246704,0.0002483016869518906,0.7825872302055359,0.37903696298599243,0.25910165905952454,0.35223761200904846,0.2788296043872833,0.29310449957847595,0.20516903698444366,0.42224815487861633,0.2610843777656555,0.6043348908424377,0.3596881330013275,0.4969528019428253,0.3146631717681885,0.4503501355648041,0.3162294924259186,0.357619971036911,0.2531362771987915,0.4186922013759613,0.30684760212898254,0.4025174677371979,0.30238234996795654,0.3777414560317993,0.23653438687324524,0.49772894382476807,0.3415626883506775,0.20841430127620697,0.06429662555456161,3464.8351429161235,1519.3340041609733,3760.830996616948,802.7584549071832,0.07509611771869817,0.05320202067858455,114.84375
dynamite,159,175,16,"shake, nod",smile,3,-13.109829902648926,38.427791595458984,95.48280334472656,25.760753631591797,-22.779556274414062,19.3236083984375,34.6691780090332,13.400003433227539,-2.2799715995788574,12.944618225097656,28.37558937072754,10.823176383972168,-4.360081195831299,12.270113945007324,15.410228729248047,9.789600372314453,4.551959037780762,8.045690536499023,7.356558799743652,8.327645301818848,0.6257413625717163,8.905917167663574,6.304533958435059,7.170848846435547,5.379360675811768,7.118376731872559,-0.05203045532107353,7.276835918426514,0.046066202223300934,4.5977888107299805,0.01407522615045309,3.394637107849121,-0.03190077096223831,2.5616893768310547,0.00945840310305357,2.261815309524536,-0.02304602414369583,1.9055877923965454,-0.005390557460486889,2.0211832523345947,2.7539679649635218e-05,1.555891513824463,0.014920031651854515,1.405234456062317,-0.02047848515212536,1.3766608238220215,-0.005084771662950516,1.3624818325042725,0.005903433542698622,1.1428329944610596,0.006689397152513266,1.2006316184997559,0.008956271223723888,4.144631862640381,-0.008731478825211525,2.1421072483062744,0.0052397889085114,1.8164693117141724,-0.013239413499832153,1.4471001625061035,0.014942474663257599,1.277483582496643,-0.004459872376173735,1.0682851076126099,0.005115954205393791,1.0031129121780396,-0.004844840615987778,0.9570510387420654,0.0036142098251730204,0.873496413230896,0.0030357721261680126,0.812930166721344,0.006179634481668472,0.8144059777259827,0.010438957251608372,0.7534351944923401,-0.0005046334117650986,0.725379228591919,0.41052448749542236,0.2511345148086548,0.5603078007698059,0.3200553357601166,0.4465109407901764,0.2313305139541626,0.5342272520065308,0.30623969435691833,0.4403327703475952,0.2609551250934601,0.497079074382782,0.28316807746887207,0.571988582611084,0.3026113212108612,0.43616336584091187,0.21857771277427673,0.484690397977829,0.28586626052856445,0.41447243094444275,0.24614302814006805,0.49291515350341797,0.2924138605594635,0.4231725335121155,0.2887572646141052,0.36062565445899963,0.09303537011146545,4330.919876383345,1242.8146981062735,4495.521285026414,796.7477783457493,0.08863774134336476,0.04868029706188294,114.84375
dynamite,175,199,24,"shake, nod",big smile,3,-97.81056213378906,177.57159423828125,87.3809814453125,41.127506256103516,-20.821640014648438,18.656558990478516,25.883760452270508,17.889005661010742,2.299694299697876,12.480001449584961,20.463563919067383,15.196675300598145,-3.918423652648926,11.04835319519043,9.9707670211792,8.49960994720459,3.6531565189361572,7.426154613494873,5.208847999572754,7.903162002563477,3.5512280464172363,8.178191184997559,6.672045707702637,7.33132791519165,5.8496294021606445,8.061493873596191,-0.233596071600914,6.715332508087158,-0.028930652886629105,4.121659278869629,-0.00697770481929183,3.0700318813323975,-0.0147728705778718,2.3193576335906982,-0.0054368870332837105,1.982082486152649,-0.007424220908433199,1.7103861570358276,-0.005597633775323629,1.7617518901824951,-0.008787974715232849,1.251905918121338,0.0023604407906532288,1.1968787908554077,-0.0002741435600910336,1.2283326387405396,-0.005405048839747906,1.3152278661727905,0.0016267565079033375,1.1123547554016113,0.006065170746296644,1.1730260848999023,0.001169803785160184,3.8643624782562256,-0.0068625714629888535,1.949397325515747,-0.004944875370711088,1.6637351512908936,-0.011822480708360672,1.3362958431243896,0.0045409416779875755,1.1366413831710815,-0.0002668038650881499,0.9989138841629028,-0.0042982641607522964,0.9323279857635498,0.0016419931780546904,0.8114683628082275,0.007419442292302847,0.772701621055603,-0.0013304681051522493,0.7427590489387512,-0.003471571486443281,0.7668213844299316,0.0017014663899317384,0.6867719888687134,0.0009375407244078815,0.6926190853118896,0.4419713020324707,0.2778102457523346,0.6080852746963501,0.3096970319747925,0.3965764343738556,0.2321218103170395,0.39949822425842285,0.271814227104187,0.4010796546936035,0.23853079974651337,0.49427154660224915,0.2494710236787796,0.6858049631118774,0.29151245951652527,0.45803993940353394,0.2149946540594101,0.43288832902908325,0.26930204033851624,0.3842650055885315,0.23026251792907715,0.49640724062919617,0.279261976480484,0.42478808760643005,0.2925999164581299,0.28713467717170715,0.16520296037197113,4299.907634287425,1359.3899892954832,4570.835523807264,1024.7788898415208,0.08847807362185686,0.040041220138719365,114.84375
empire_state,0,50,50,nod,smile,3,-74.73198699951172,97.17604064941406,103.53594207763672,42.21021270751953,-13.51318073272705,24.84165382385254,40.91963577270508,17.49294662475586,-8.802191734313965,19.737390518188477,30.662809371948242,12.71059799194336,-8.781092643737793,16.43147087097168,15.968060493469238,11.062700271606445,-3.190964698791504,11.037837982177734,11.055274963378906,9.531596183776855,-9.470787048339844,10.298369407653809,7.842217922210693,8.758793830871582,-4.2782063484191895,8.665982246398926,0.03073936700820923,14.361992835998535,0.008187249302864075,7.306017875671387,-0.0009462140733376145,4.221199989318848,0.0065308245830237865,3.0276577472686768,0.004787718411535025,3.2974374294281006,0.005376863293349743,2.195582628250122,-0.002826359122991562,2.782586097717285,0.0019627700094133615,2.2099153995513916,-0.0030879087280482054,2.0181076526641846,0.006971344817429781,1.7347644567489624,0.0004555008199531585,1.6407241821289062,0.007817555218935013,1.460903525352478,0.004362048115581274,1.5159776210784912,-0.03000604175031185,7.404322624206543,-0.014536880888044834,3.840986490249634,-0.0022346721962094307,2.0710036754608154,-0.004173917695879936,1.676812767982483,0.0009248307906091213,1.6998018026351929,-0.00452888198196888,1.2340368032455444,0.0009857203112915158,1.4292824268341064,-0.0028664213605225086,1.2297539710998535,-0.0006748661980964243,1.1630043983459473,-0.0016642786795273423,1.0167471170425415,-0.0007002355996519327,0.9026113748550415,-0.0013628198066726327,0.8801944255828857,-0.00014840307994745672,0.8376602530479431,0.43937569856643677,0.3146977424621582,0.47290167212486267,0.3201795816421509,0.47611141204833984,0.30348750948905945,0.5461391806602478,0.3146231770515442,0.5107153058052063,0.29775917530059814,0.5314764976501465,0.3143039643764496,0.590734601020813,0.3158227801322937,0.5264812111854553,0.2771194279193878,0.5410396456718445,0.28704628348350525,0.5289638638496399,0.2863721251487732,0.5798170566558838,0.31350433826446533,0.44413575530052185,0.2892472445964813,0.3176478147506714,0.1670897901058197,3888.348230427583,1732.8302726256934,4030.6106799109225,682.2425653648448,0.09282082583584862,0.08200261233237685,86.1328125
empire_state,50,85,35,nod,big smile,3,-14.745569229125977,39.211185455322266,109.37792205810547,27.71998405456543,-20.16912269592285,17.11177635192871,29.00514793395996,13.614684104919434,-5.607707977294922,13.894990921020508,21.65224266052246,11.328804969787598,-10.795379638671875,10.964015007019043,17.702835083007812,9.338834762573242,3.5359530448913574,9.077556610107422,6.708724498748779,9.265970230102539,1.7338776588439941,10.158740043640137,11.862215042114258,8.573296546936035,0.7650743722915649,8.705513000488281,-0.0256175734102726,7.4922943115234375,-0.020557917654514313,4.727808475494385,-0.007042122073471546,3.084268808364868,0.01736276037991047,2.3375375270843506,0.006151134613901377,2.269163131713867,0.012453206814825535,1.7962619066238403,-0.005703002214431763,1.9399745464324951,-0.001486521097831428,1.6603565216064453,0.001638378482311964,1.5523333549499512,0.0005495911464095116,1.5820012092590332,-0.0010937356855720282,1.5141569375991821,0.0037798741832375526,1.3599681854248047,-0.004098706878721714,1.3711307048797607,-0.008592130616307259,3.644505262374878,0.0012612540740519762,2.566880464553833,0.005585069768130779,1.581106185913086,0.0007214416400529444,1.2606183290481567,0.005481169559061527,1.2267223596572876,0.0013396732974797487,0.9656085968017578,-0.0014654072001576424,1.0460060834884644,-0.0056458571925759315,0.9537246823310852,-0.0010824421187862754,0.8717981576919556,-0.0006572439451701939,0.8597827553749084,-0.0010732311056926847,0.8549832105636597,-0.0024466244503855705,0.8194911479949951,-0.0020757659804075956,0.7978016138076782,0.36672720313072205,0.27968230843544006,0.40662986040115356,0.3182663321495056,0.3275972604751587,0.24918639659881592,0.3888717591762543,0.3016839921474457,0.36374032497406006,0.26679185032844543,0.4411751925945282,0.2979273498058319,0.4513697028160095,0.3045649528503418,0.3750932812690735,0.25537967681884766,0.44866037368774414,0.2915017902851105,0.47708263993263245,0.2815361022949219,0.6879643201828003,0.31910645961761475,0.41194289922714233,0.2536407709121704,0.3806329667568207,0.11899520456790924,3795.4415942620362,1064.7079843759848,4224.163858563961,510.7765838042002,0.08214963593490879,0.04410737619388617,172.265625
empire_state,85,125,40,nod,smile,3,-43.21076965332031,48.461692810058594,112.21586608886719,31.942291259765625,-24.505178451538086,19.73194694519043,39.27610778808594,14.491290092468262,-6.440849304199219,18.68934440612793,30.1278076171875,11.579565048217773,-14.964174270629883,13.39879322052002,15.209409713745117,10.774367332458496,-3.665461540222168,11.910141944885254,11.261744499206543,9.86806583404541,-10.81802749633789,8.982544898986816,11.176074981689453,9.486557006835938,-7.552618026733398,9.088274002075195,-0.015282649546861649,10.285920143127441,0.017319150269031525,5.675464153289795,0.005822211503982544,3.8784968852996826,-0.013327277265489101,2.722733736038208,0.009651468135416508,3.2272536754608154,-0.001290488406084478,2.0022265911102295,0.005382941570132971,2.485109567642212,-0.00028862955514341593,2.1509172916412354,-0.00023274523846339434,2.0367114543914795,-0.00020661494636442512,1.9405226707458496,0.000858748855534941,1.589112639427185,-0.0027621788904070854,1.582571029663086,-0.0016580529045313597,1.4468647241592407,-0.004982172977179289,5.275343894958496,-0.0001696945255389437,2.9409120082855225,0.006139288656413555,1.9798814058303833,0.0001707865740172565,1.510812520980835,0.0020712753757834435,1.565473198890686,-0.004786226898431778,1.1423273086547852,0.003917689435184002,1.2929940223693848,0.0020261313766241074,1.1821945905685425,-0.0004594823403749615,1.130243182182312,-0.002468873979523778,1.10723078250885,0.0002337239566259086,0.9068694710731506,0.0003849619533866644,0.913051962852478,-8.05951640359126e-05,0.8467101454734802,0.38845884799957275,0.2899833619594574,0.40548452734947205,0.28755027055740356,0.3711931109428406,0.2659013569355011,0.44384413957595825,0.2955327033996582,0.4543609917163849,0.2992688715457916,0.4397243857383728,0.3004782199859619,0.5066964626312256,0.3255985379219055,0.4542745351791382,0.2770318388938904,0.5388882160186768,0.2768495976924896,0.625187873840332,0.2912476658821106,0.6376593112945557,0.3034076988697052,0.423090398311615,0.273213654756546,0.33643797039985657,0.14313863217830658,3783.753461068238,1294.8142429318118,4015.5439577414554,563.796564439167,0.0880491817959228,0.05869926720331417,86.1328125
empire_state,125,144,19,nod,big smile,3,-12.362405776977539,38.74010467529297,105.72233581542969,25.38556671142578,-19.27613639831543,16.25265884399414,28.871143341064453,11.91287612915039,-4.622313022613525,13.818838119506836,19.9823055267334,10.633615493774414,-9.772675514221191,10.884846687316895,16.133163452148438,9.054744720458984,3.955686092376709,8.372542381286621,6.529933452606201,8.877082824707031,3.190483331680298,9.002132415771484,11.212675094604492,8.94393539428711,1.2554043531417847,8.124334335327148,0.04804934933781624,7.639296054840088,0.022843752056360245,4.224154472351074,-0.025465931743383408,2.850848436355591,-0.028786083683371544,2.1211047172546387,0.015729818493127823,2.2412219047546387,-0.016017971560359,1.8194447755813599,-0.021462788805365562,1.9024609327316284,-0.016918160021305084,1.5342650413513184,-0.0013806931674480438,1.544378638267517,-0.011908126063644886,1.521560788154602,0.0018854823429137468,1.45021390914917,0.00045424551353789866,1.361161231994629,-0.0016749253263697028,1.2816351652145386,-0.03489849716424942,3.585681200027466,0.017640184611082077,2.4230990409851074,0.005004595033824444,1.3130335807800293,-0.014545153826475143,1.1893068552017212,0.006327343173325062,1.1763321161270142,-0.0046585844829678535,0.9438983798027039,0.0042292154394090176,0.9899420142173767,-0.004368397407233715,0.8928618431091309,0.0054182978346943855,0.8294565081596375,-0.006194170098751783,0.8624602556228638,0.00013884583313483745,0.8255586624145508,-0.0018496334087103605,0.7961702942848206,0.0030749577563256025,0.7335004806518555,0.3644988238811493,0.2852621376514435,0.40459927916526794,0.31927037239074707,0.3367528021335602,0.2606250047683716,0.3668581247329712,0.2930546700954437,0.3381446599960327,0.26089057326316833,0.4411030411720276,0.30147337913513184,0.4449634850025177,0.30411309003829956,0.3711983561515808,0.2585524022579193,0.4457838833332062,0.3016435205936432,0.47005242109298706,0.2706384062767029,0.7252361178398132,0.3135433793067932,0.41258856654167175,0.24831879138946533,0.38035255670547485,0.1219499409198761,3903.1596155531774,999.4533049990364,4314.9884172096135,498.27012229155235,0.08392114004276115,0.04202206805415433,172.265625
empire_state,144,228,84,shake,smile,2,-28.814231872558594,44.09476852416992,107.67908477783203,31.083467483520508,-19.577877044677734,17.845426559448242,34.960262298583984,15.394579887390137,-8.246150970458984,16.58955955505371,25.49965476989746,12.47999095916748,-10.925593376159668,11.960613250732422,16.882408142089844,10.261051177978516,-0.19736292958259583,10.661498069763184,7.701597213745117,10.416219711303711,-3.776028633117676,12.356039047241211,12.281856536865234,8.962313652038574,-2.582841634750366,9.527491569519043,-0.005961153190582991,8.18702507019043,-0.004970768932253122,5.292459487915039,0.0008884578128345311,3.30141019821167,0.007099275942891836,2.4719860553741455,-0.002464927500113845,2.708688974380493,0.0015441661234945059,1.823480248451233,-0.0025347971823066473,2.112396478652954,-0.0006247099372558296,1.9126418828964233,-0.0006280853413045406,1.6494747400283813,-0.00043606586405076087,1.7725752592086792,0.00039911744534038007,1.6260676383972168,-0.0006234515458345413,1.5175846815109253,0.001972741913050413,1.407849669456482,-0.0033375127241015434,4.08357048034668,-0.001877862960100174,2.814700126647949,0.0013009975664317608,1.7291947603225708,-0.0016260130796581507,1.3437647819519043,-0.0007143632392399013,1.3988734483718872,-0.0018389951437711716,1.0134915113449097,-0.0012968252412974834,1.162676215171814,5.13993036292959e-05,1.0654637813568115,0.0006258236244320869,0.93234783411026,0.0007487243274226785,0.9854772686958313,0.0012627639807760715,0.9157538414001465,0.00016500361380167305,0.8984681963920593,-0.0003187859838362783,0.8231267333030701,0.36862343549728394,0.2884698510169983,0.42819327116012573,0.32335811853408813,0.37954309582710266,0.27262160181999207,0.4209371507167816,0.3037399351596832,0.3830799162387848,0.2682265639305115,0.46551135182380676,0.2993190288543701,0.5402428507804871,0.31661760807037354,0.47805339097976685,0.28692489862442017,0.49097010493278503,0.2965589761734009,0.4667274057865143,0.2738720774650574,0.6315258145332336,0.32826632261276245,0.3989141881465912,0.2617429196834564,0.3583763837814331,0.13398592174053192,3904.5616764182173,1252.457044896647,4186.536616230802,535.1919445022393,0.087527653075767,0.05671861257494787,86.1328125
empire_state,228,276,48,nod,smile,2,-57.17820358276367,108.52306365966797,106.89159393310547,35.38850784301758,-14.651703834533691,19.388900756835938,26.643421173095703,15.562934875488281,-7.047350883483887,15.022502899169922,21.16510581970215,11.723258972167969,-11.820924758911133,14.344972610473633,18.55893325805664,9.973089218139648,3.054044246673584,9.362480163574219,5.522917747497559,10.63581657409668,4.049200057983398,9.84105110168457,10.755213737487793,9.602218627929688,0.20903703570365906,8.69528579711914,-0.10006527602672577,8.113844871520996,-0.02426554262638092,4.379859447479248,0.0052482630126178265,2.624403715133667,-0.011260272935032845,2.103442907333374,0.005145702511072159,2.0608508586883545,-0.004730310291051865,1.6909596920013428,0.009661959484219551,1.987579584121704,-0.003240298479795456,1.4682577848434448,8.149291534209624e-05,1.4414747953414917,-0.000929026398807764,1.4530029296875,0.001956263557076454,1.5358585119247437,0.00313470303080976,1.3057124614715576,0.0008878844091668725,1.221300721168518,-0.001064926735125482,3.9952826499938965,0.0019614389166235924,2.384117603302002,-9.681137453299016e-05,1.2401505708694458,0.0010188724845647812,1.1819889545440674,0.00041266693733632565,1.0810142755508423,-0.00019029919349122792,0.9126957654953003,0.0004337002173997462,1.0546542406082153,-0.001116739702410996,0.8370070457458496,-0.0003338982642162591,0.7999958992004395,0.00011817463382612914,0.7856780886650085,0.0001790215028449893,0.7942857146263123,-0.0012067658826708794,0.7396911978721619,0.00021113536786288023,0.6927791237831116,0.3730272650718689,0.27874037623405457,0.4655050039291382,0.34283652901649475,0.36295437812805176,0.2685548961162567,0.3890860676765442,0.30588769912719727,0.3752587139606476,0.2950696647167206,0.468519002199173,0.33288833498954773,0.4731219708919525,0.333555668592453,0.38400405645370483,0.29364922642707825,0.43350934982299805,0.3092179596424103,0.4350692927837372,0.2860632538795471,0.6155940890312195,0.33834362030029297,0.3940143585205078,0.25887611508369446,0.3386453688144684,0.14994430541992188,3700.15312963239,1393.315669170301,4130.880136438313,830.2609136291762,0.0795697693092503,0.05624028411709909,172.265625
faded,0,20,20,none,neutral,0,-251.89051818847656,80.88813018798828,197.3237762451172,40.17366027832031,21.832477569580078,23.565898895263672,-4.913043022155762,26.132966995239258,-2.6263985633850098,14.455887794494629,12.63248062133789,8.031278610229492,-4.847382545471191,12.269622802734375,9.08349609375,15.607577323913574,-2.742809772491455,9.625041961669922,1.0412663221359253,8.50009536743164,1.721587896347046,8.37935733795166,-1.6909990310668945,8.652731895446777,-4.094546794891357,7.48356294631958,0.2594815492630005,5.209105491638184,0.04883033037185669,4.0074357986450195,0.014226649887859821,1.8072880506515503,0.016351841390132904,1.9796401262283325,0.0010858813766390085,1.462040901184082,0.01189669780433178,0.9756982922554016,-0.011954719200730324,1.367824912071228,0.013080119155347347,1.1942574977874756,-0.0007953954045660794,1.100053310394287,0.008952630683779716,1.088642954826355,-0.004105542320758104,0.9764595031738281,0.006467901635915041,0.9910116195678711,-0.009700445458292961,0.9616019129753113,-0.005821004044264555,2.476191520690918,-0.0046419077552855015,1.766740322113037,0.006420490797609091,0.9221792221069336,-0.0008513884386047721,0.8916088342666626,-0.0011685789795592427,0.7329462766647339,-0.002278570318594575,0.5714479684829712,0.0013178536901250482,0.6545550227165222,0.0012871901271864772,0.5880488157272339,0.00010972253221552819,0.6068692207336426,-0.00325395236723125,0.5738407373428345,0.000963218801189214,0.5451918244361877,-0.0012542139738798141,0.5301960706710815,0.003013761481270194,0.5387136340141296,0.313542902469635,0.28149449825286865,0.3489794135093689,0.31032148003578186,0.26298415660858154,0.2304583340883255,0.3271125257015228,0.35338133573532104,0.2554381787776947,0.2143488973379135,0.3957637846469879,0.325090616941452,0.4066213071346283,0.34851476550102234,0.2586367130279541,0.19525019824504852,0.32419025897979736,0.3290345072746277,0.26332831382751465,0.18249045312404633,0.4171644151210785,0.37569329142570496,0.28633633255958557,0.21797062456607819,0.12151090055704117,0.06770025193691254,1553.92405328251,1576.955219648339,2275.481044238828,949.028316201221,0.040932875072547885,0.0627658462818714,89.10290948275862
faded,20,30,10,nod,neutral,2,-155.63619995117188,54.37796401977539,172.1874237060547,44.80629348754883,0.05147377401590347,18.618053436279297,20.647857666015625,21.263103485107422,-10.88642692565918,16.90546417236328,11.023076057434082,8.819504737854004,-17.926164627075195,15.6243314743042,20.586034774780273,13.023930549621582,-4.7339959144592285,10.65281867980957,1.5116676092147827,8.849261283874512,3.9545931816101074,7.45837926864624,-2.29831862449646,7.755539417266846,-3.070991039276123,8.130742073059082,-0.0677112489938736,4.680559158325195,0.12522678077220917,4.105681896209717,-0.06748669594526291,2.1017906665802,-0.010891441255807877,2.0351109504699707,0.026130279526114464,1.9347341060638428,-0.021109402179718018,1.1584601402282715,0.02890881523489952,1.4591792821884155,-0.028914334252476692,1.251024603843689,0.005674838088452816,1.3433451652526855,-0.00826581846922636,1.1928702592849731,0.009898087941110134,1.0899425745010376,-0.00869486853480339,1.1215113401412964,0.004341629333794117,1.129233479499817,0.009006906300783157,2.0522773265838623,-0.013590149581432343,1.5926445722579956,0.01296241581439972,0.8090978860855103,-0.006250828038901091,0.8562778830528259,-0.003874729620292783,0.8230281472206116,0.00021882275177631527,0.6597747802734375,-0.0011881121899932623,0.7291480898857117,-0.0013339660363271832,0.6162417531013489,0.002950381487607956,0.696366548538208,0.00032211566576734185,0.638491153717041,0.0032501164823770523,0.6069230437278748,0.004617876373231411,0.5836049914360046,-0.0030296086333692074,0.6194254159927368,0.2889755964279175,0.2629174292087555,0.45411741733551025,0.3610883355140686,0.35495689511299133,0.24566294252872467,0.35005828738212585,0.3334943652153015,0.2837159037590027,0.27544793486595154,0.30740049481391907,0.2533755600452423,0.49122002720832825,0.36891692876815796,0.2768935561180115,0.21016867458820343,0.28355684876441956,0.3062532842159271,0.2446403056383133,0.19711393117904663,0.4410903751850128,0.3777897357940674,0.32332345843315125,0.25468572974205017,0.17777521908283234,0.06926275789737701,2370.6021765292394,1395.9681402276717,3118.075922005813,1090.3449675598533,0.050337151972157775,0.03724089760237049,86.1328125
faded,30,50,20,nod,frown ,3,-116.80890655517578,59.10575485229492,149.2859649658203,47.27679443359375,-6.3174214363098145,14.590985298156738,26.645782470703125,15.018961906433105,-6.220670223236084,10.758371353149414,18.447566986083984,10.401848793029785,-6.543865203857422,12.952167510986328,17.63129425048828,11.085502624511719,-1.5124143362045288,8.217046737670898,4.347987174987793,8.368034362792969,4.404828071594238,7.142054557800293,3.6901321411132812,7.860898017883301,-7.239600658416748,10.241249084472656,0.03916916623711586,6.864747047424316,-0.03627007454633713,4.293464660644531,0.018213113769888878,1.7703378200531006,0.03315197676420212,1.8348954916000366,-0.009083778597414494,1.4335922002792358,0.01983238384127617,1.3879393339157104,-0.010152720846235752,1.3725866079330444,0.009513352066278458,1.3317999839782715,-0.007172784302383661,1.0454533100128174,-0.010769105516374111,1.180879831314087,0.008653853088617325,1.1948000192642212,-0.011978032998740673,1.1536192893981934,0.00410941569134593,1.1297416687011719,0.00472641084343195,4.0849609375,-0.014576590619981289,2.5179691314697266,0.009282921440899372,1.129736304283142,-0.006026536226272583,1.0323960781097412,-0.0035761536564677954,0.8204392194747925,0.0034047358203679323,0.8016570806503296,0.0008973438525572419,0.7583523392677307,0.0011348738335072994,0.7631949186325073,0.001165846479125321,0.7012832164764404,0.0018335988279432058,0.7365521788597107,-0.002599411178380251,0.7100322246551514,-0.004660632461309433,0.6629970669746399,0.004115052986890078,0.6553645730018616,0.2760006785392761,0.2765280306339264,0.2894684076309204,0.2904669940471649,0.2567669451236725,0.23220081627368927,0.2961362302303314,0.2752141058444977,0.25767824053764343,0.20939238369464874,0.3741283714771271,0.29168978333473206,0.32681742310523987,0.2947574555873871,0.2816605865955353,0.22648286819458008,0.43126046657562256,0.33501410484313965,0.4826415777206421,0.22712257504463196,0.6952846050262451,0.35869547724723816,0.34618353843688965,0.2158355563879013,0.2068515568971634,0.05221747234463692,2730.9225206455153,1428.2314248433013,3561.8020903208135,1143.8295036933857,0.05105670523795705,0.034742672658057173,178.20581896551724
faded,50,90,40,shake,frown ,3,-28.48307228088379,47.57347106933594,91.33644104003906,21.471193313598633,-11.082493782043457,12.429347038269043,31.621932983398438,9.604874610900879,-3.7466747760772705,9.49246883392334,19.347190856933594,8.419949531555176,-4.778437614440918,10.89785099029541,17.45892906188965,8.651313781738281,1.2833614349365234,7.825250625610352,9.69460391998291,6.711055755615234,1.679612159729004,7.52606725692749,6.620119094848633,6.603394031524658,-0.8685373067855835,7.921353340148926,0.03158697858452797,5.225546360015869,-0.011814514175057411,2.7077512741088867,-0.007709259167313576,1.4564504623413086,-0.007283055689185858,1.3251792192459106,-0.0009686913690529764,1.2907766103744507,-0.006424267310649157,1.2735352516174316,0.009454651735723019,1.1809847354888916,0.00016819067241158336,1.197863221168518,0.004510811995714903,1.0760337114334106,-0.0005591792869381607,1.039376139640808,-0.00903280545026064,1.1334617137908936,0.002349518472328782,0.9764347076416016,0.0023050811141729355,0.9449119567871094,-0.0010212493361905217,3.0494422912597656,-0.0020410893484950066,1.467209815979004,-0.0010143406689167023,0.8009945750236511,0.00039954172098077834,0.8219802975654602,0.00010608090815367177,0.7824623584747314,-0.002024855464696884,0.7784959077835083,-0.0004029717529192567,0.7077147960662842,-0.0026538425590842962,0.7106744647026062,0.001815310213714838,0.6672378778457642,-0.0018217407632619143,0.673285961151123,-0.00156807666644454,0.6994643211364746,-0.001684158924035728,0.6083763241767883,3.0552171665476635e-05,0.5995274782180786,0.4030844569206238,0.2619820833206177,0.438698947429657,0.30728915333747864,0.38699549436569214,0.25885453820228577,0.4396373927593231,0.3059864938259125,0.39435526728630066,0.24302010238170624,0.5132529735565186,0.31404754519462585,0.4586438536643982,0.31157490611076355,0.33746376633644104,0.21512842178344727,0.3610759675502777,0.2644210159778595,0.40556710958480835,0.22683215141296387,0.6220386624336243,0.33339861035346985,0.47118303179740906,0.2862592935562134,0.32560038566589355,0.08109954744577408,4383.207408680006,1051.5188346097943,4764.157720847025,530.6030845868668,0.07494054474390598,0.04016221165546262,90.66611842105263
faded,90,98,8,nod,frown ,4,-11.988249778747559,27.473262786865234,92.36982727050781,15.80559253692627,-9.909196853637695,8.307401657104492,29.363744735717773,8.67070484161377,-7.779359340667725,8.766196250915527,16.099123001098633,7.842401027679443,-7.259087562561035,9.97696590423584,19.921802520751953,7.992576599121094,4.7833170890808105,6.652740955352783,10.688324928283691,6.558599472045898,2.7791340351104736,6.800710678100586,1.8682507276535034,6.783877849578857,-3.9267492294311523,7.065615653991699,-0.03302930295467377,3.9808831214904785,-0.005191497504711151,2.2334043979644775,-0.024559929966926575,1.3058212995529175,0.05228836461901665,1.2808194160461426,-0.024683872237801552,1.2252600193023682,-0.028700919821858406,1.1187798976898193,-0.03886472061276436,1.086769700050354,0.0017374978633597493,1.215739130973816,-0.03035072609782219,1.0365325212478638,-0.0035107936710119247,1.0287567377090454,-0.004794744309037924,1.0931262969970703,-0.008467640727758408,1.024865746498108,-0.012034936808049679,0.9602105021476746,-0.009973260574042797,2.4771130084991455,-0.014254793524742126,1.1911239624023438,0.004757648799568415,0.6802079081535339,0.0020500971004366875,0.8188648819923401,-0.026806127279996872,0.7407958507537842,-0.01777927577495575,0.8157724738121033,0.009761529974639416,0.7018147706985474,0.004330016206949949,0.7474358081817627,-0.0044034025631845,0.6553325057029724,0.0034678324591368437,0.6643997430801392,0.005575160961598158,0.6601369976997375,-0.006860366556793451,0.64585280418396,-0.0032546597067266703,0.6292706727981567,0.4070833623409271,0.22618074715137482,0.6228878498077393,0.3564104437828064,0.32472994923591614,0.1948923021554947,0.29028815031051636,0.2577352523803711,0.26480481028556824,0.20107978582382202,0.3841741681098938,0.32258549332618713,0.3442162275314331,0.2653718888759613,0.23411564528942108,0.18663500249385834,0.26827436685562134,0.21382279694080353,0.2812771499156952,0.19489604234695435,0.4533078372478485,0.3114340603351593,0.44208842515945435,0.3047734498977661,0.34053921699523926,0.05607443302869797,4403.415693517222,858.258697237145,4775.5722541240075,325.3090540990233,0.08021187160326088,0.03803095133498716,90.66611842105263
faded,98,113,15,shake,frown ,2,-115.65003204345703,53.415733337402344,146.0973358154297,32.64026641845703,-14.81931209564209,15.807951927185059,29.214250564575195,16.039154052734375,-7.585566997528076,12.72127914428711,12.374651908874512,9.789337158203125,-17.147789001464844,12.233296394348145,14.45949649810791,12.079397201538086,-6.877813339233398,8.62751579284668,0.771389901638031,8.133389472961426,1.7804654836654663,9.403753280639648,0.7701297998428345,8.975643157958984,-1.7119040489196777,6.799361228942871,-0.0832817405462265,8.492466926574707,0.06508775800466537,4.585529804229736,-0.0002214783162344247,2.283116579055786,-0.019737495109438896,1.9696186780929565,0.02974613569676876,1.9366501569747925,-0.0050376164726912975,1.4168137311935425,-0.017703648656606674,1.6705297231674194,0.012892230413854122,1.8059899806976318,-0.007255710661411285,1.2794193029403687,-0.005303536541759968,1.23037850856781,0.01179176103323698,1.3976789712905884,-0.011282446794211864,1.35895836353302,0.007860559038817883,1.0481202602386475,-0.004089721478521824,4.787651062011719,-0.005690291989594698,2.5533370971679688,0.003911229316145182,1.2334834337234497,-0.003318301634863019,1.0614936351776123,-0.001998485065996647,1.024959921836853,-0.005182267166674137,0.8875231146812439,0.001118851127102971,0.900134801864624,0.00532487453892827,0.9599739909172058,0.00787312351167202,0.8126381039619446,0.0023392988368868828,0.7435003519058228,-0.00023705358034931123,0.8430362343788147,-0.00412065489217639,0.8003692030906677,0.00015621399506926537,0.6363178491592407,0.17651239037513733,0.19693610072135925,0.29492515325546265,0.31603381037712097,0.22206176817417145,0.22714263200759888,0.2078271359205246,0.27973246574401855,0.19839373230934143,0.22779490053653717,0.3608250916004181,0.31414473056793213,0.6102635860443115,0.38095149397850037,0.3107466995716095,0.23024414479732513,0.2061016708612442,0.2682550847530365,0.19584538042545319,0.20457063615322113,0.34284481406211853,0.37139907479286194,0.2143429070711136,0.23228968679904938,0.21643854677677155,0.0881088525056839,2748.550143188623,1195.3528188051428,3490.672142987874,696.1721745226802,0.055574493880611454,0.04852438073257594,178.20581896551724
faded,113,115,2,nod,frown ,2,-129.5771484375,51.1968994140625,138.86004638671875,25.614656448364258,-13.699292182922363,8.023921012878418,36.495601654052734,6.624414443969727,-8.938218116760254,6.3701348304748535,14.917192459106445,7.4764838218688965,-18.49724769592285,10.548991203308105,11.62950611114502,10.14431095123291,-6.979852199554443,6.096610069274902,7.799383640289307,5.3723978996276855,-3.273378849029541,7.143209934234619,0.016375767067074776,6.723805904388428,-1.4832897186279297,5.058938026428223,-0.3916383385658264,10.901293754577637,0.16549155116081238,5.308360576629639,-0.08068990707397461,1.397861123085022,0.042239345610141754,1.3691178560256958,-0.10142433643341064,1.3631291389465332,0.11428762227296829,1.3775502443313599,0.1880837380886078,1.4028195142745972,-0.10231553763151169,1.4308160543441772,-0.02608170546591282,1.0451704263687134,-0.1271316260099411,1.0452817678451538,-0.1447729766368866,1.0728808641433716,0.1268075555562973,0.9245359897613525,0.07631482928991318,0.9004616141319275,0.06108218804001808,5.1435980796813965,-0.021213825792074203,2.323237419128418,0.009910632856190205,0.6830500364303589,-0.07530402392148972,0.9433717727661133,0.02891397662460804,0.7227707505226135,-0.10695028305053711,0.8363038301467896,0.0447818860411644,0.7821698784828186,-0.053403060883283615,0.8767575621604919,0.08207133412361145,0.8067086935043335,0.007671177852898836,0.5482528805732727,0.022536467760801315,0.5116956830024719,0.012246347963809967,0.5513730049133301,0.006540367379784584,0.4764746427536011,0.18441371619701385,0.13767589628696442,0.35822436213493347,0.30741968750953674,0.18147529661655426,0.14284595847129822,0.09929974377155304,0.07192299515008926,0.12372196465730667,0.07984909415245056,0.296685129404068,0.15843310952186584,0.7414243221282959,0.37222158908843994,0.3054901361465454,0.16893373429775238,0.10452917963266373,0.06704375892877579,0.15394382178783417,0.10417324304580688,0.4609301686286926,0.3745540976524353,0.18693509697914124,0.10762492567300797,0.1472877711057663,0.059353575110435486,2733.7754998376986,793.1709617508094,3604.35554484607,508.90007439502034,0.054255667449421965,0.020251237031178863,178.20581896551724
faded,115,118,3,none,surprise,3,-60.40034484863281,35.48506164550781,101.11946105957031,20.32103157043457,-21.414823532104492,9.774496078491211,30.479564666748047,10.065810203552246,-10.22804069519043,7.252055644989014,15.226393699645996,6.70185661315918,-13.405691146850586,8.46765422821045,13.302336692810059,8.58596420288086,-9.28007984161377,7.221123695373535,4.914379119873047,6.069308280944824,-3.589879035949707,6.465163707733154,5.904433727264404,6.507075786590576,-3.0960230827331543,7.044430732727051,0.5585112571716309,6.142201900482178,-0.27740442752838135,2.912109375,0.07484946399927139,1.4050897359848022,-0.03507514297962189,1.3669278621673584,0.016151996329426765,1.2101163864135742,-0.020024582743644714,1.0810885429382324,-0.09474531561136246,1.1585476398468018,0.007218747399747372,1.2027283906936646,0.0021099289879202843,1.0834758281707764,0.03595174103975296,1.1157478094100952,-0.004323445726186037,0.9684045910835266,-0.01575539819896221,0.8483289480209351,-0.10101090371608734,0.9205373525619507,-0.018016863614320755,3.508836507797241,0.002067630412057042,1.6010119915008545,0.01165687758475542,0.9373191595077515,-0.014639213681221008,0.8997165560722351,-0.007581263314932585,0.7639342546463013,-0.028931688517332077,0.6580939888954163,0.008679837919771671,0.603190004825592,-0.02941562794148922,0.7419881820678711,-0.013782726600766182,0.6498605012893677,-0.0036142554599791765,0.688689112663269,0.004750663414597511,0.5807563066482544,0.02350344881415367,0.5567991137504578,0.0012324723647907376,0.5287688970565796,0.2200075387954712,0.18136100471019745,0.40380653738975525,0.32327157258987427,0.2031092792749405,0.1577824056148529,0.16449645161628723,0.19223402440547943,0.18307049572467804,0.14049474895000458,0.5478882789611816,0.3979675769805908,0.4340994358062744,0.30300071835517883,0.2493036985397339,0.15042808651924133,0.4095173180103302,0.39530232548713684,0.23880378901958466,0.20784950256347656,0.13185614347457886,0.16609913110733032,0.10844163596630096,0.10069509595632553,0.2121427357196808,0.08728781342506409,4024.3150799548566,879.0300892971876,4347.369728612303,521.0057220016487,0.0891254675434363,0.03114995861536389,178.20581896551724
faded,118,124,6,nod,"disgust, frown",3,-84.62338256835938,55.980987548828125,140.5734100341797,41.192508697509766,-14.974334716796875,11.89027214050293,22.659278869628906,9.449663162231445,-12.105342864990234,9.687458992004395,21.55817222595215,11.085039138793945,-7.503617286682129,10.611150741577148,17.128734588623047,10.092209815979004,-1.1837937831878662,8.574824333190918,12.34748649597168,6.519276142120361,4.495258808135986,8.09044075012207,7.532804012298584,7.018681049346924,-5.030703544616699,8.202947616577148,-0.12748375535011292,5.764469146728516,0.08219147473573685,3.141914129257202,0.018004095181822777,1.5872654914855957,0.010298345237970352,1.6289124488830566,0.04264035448431969,1.201269268989563,0.04679014906287193,1.6176543235778809,0.0033169309608638287,1.3079488277435303,0.046399712562561035,1.3530867099761963,0.030081965029239655,1.0682214498519897,0.010679636150598526,1.0494115352630615,0.02073807828128338,1.2843365669250488,-0.03313789144158363,1.2481963634490967,-0.017424296587705612,1.0707356929779053,-0.018985528498888016,3.5466270446777344,0.013213987462222576,2.0004260540008545,0.011527428403496742,0.9776163697242737,-0.0028447865042835474,1.0550802946090698,-0.0028457229491323233,0.6947703957557678,-0.0024124733172357082,0.9017183780670166,-0.00020778755424544215,0.7618311643600464,-0.007597204763442278,0.8466572761535645,-0.0036899892147630453,0.6634075045585632,-0.005852402653545141,0.6187375783920288,0.005617628805339336,0.7780116200447083,0.0005974395899102092,0.6887357234954834,0.008281565271317959,0.6661484241485596,0.2963867485523224,0.268655002117157,0.2652660012245178,0.255443274974823,0.2470378428697586,0.22519928216934204,0.24840959906578064,0.22568279504776,0.24208296835422516,0.20348329842090607,0.38154199719429016,0.2449825406074524,0.43448394536972046,0.33795809745788574,0.2543574571609497,0.2043413668870926,0.2474183887243271,0.21420973539352417,0.3644202649593353,0.17197288572788239,0.8685290813446045,0.24240414798259735,0.493007093667984,0.23446781933307648,0.23503410816192627,0.05248278006911278,3015.1334103611593,1571.8654225080636,3779.3878004492526,1118.6351612823971,0.056617958172147,0.03471012341303859,178.20581896551724
faded,124,128,4,nod,smile,4,-121.03890228271484,47.66321563720703,172.9488067626953,38.42057800292969,-20.41250228881836,12.731924057006836,29.51703453063965,16.050138473510742,-6.410782337188721,8.223135948181152,15.966353416442871,7.751826763153076,-3.5977425575256348,8.091166496276855,12.25751781463623,9.246236801147461,-2.3282110691070557,7.436131000518799,10.191391944885254,6.743813514709473,6.362688064575195,7.881850719451904,7.9010910987854,5.861272811889648,-7.867483139038086,7.992312431335449,-0.07578956335783005,8.208285331726074,-0.06914876401424408,5.266724109649658,0.04340297356247902,1.6069823503494263,0.09501328319311142,1.7391324043273926,-0.10775343328714371,1.2871276140213013,0.008407289162278175,1.303316593170166,0.052285026758909225,1.2111763954162598,-0.03880498930811882,1.409050464630127,-0.004506273660808802,1.1682380437850952,0.023984204977750778,1.0303136110305786,-0.06540809571743011,1.25717294216156,0.01574532687664032,0.9712029695510864,0.011395803652703762,0.8381004333496094,-8.973107469500974e-05,5.239950180053711,-0.0047225384041666985,3.450458526611328,0.00362519733607769,1.1230287551879883,-0.0012451555812731385,0.9545300006866455,-0.0024582105688750744,0.8012010455131531,-0.021447770297527313,0.879623532295227,-0.0003958107845392078,0.7556606531143188,-0.013535359874367714,0.8956690430641174,0.020187925547361374,0.7682368159294128,-0.0028405734337866306,0.5710299015045166,0.017081964761018753,0.7591036558151245,-0.015369078144431114,0.6104602217674255,-0.0016738020349293947,0.5828039646148682,0.32767197489738464,0.2283310890197754,0.42096203565597534,0.319001168012619,0.3264065980911255,0.243561252951622,0.2653719484806061,0.2062605321407318,0.30439621210098267,0.21936076879501343,0.5000435709953308,0.3066861927509308,0.5238999724388123,0.3177710473537445,0.3595695495605469,0.23966273665428162,0.3511742055416107,0.2681480050086975,0.418782114982605,0.2182723730802536,0.82203209400177,0.25262996554374695,0.48798322677612305,0.20010019838809967,0.2210758775472641,0.05178334191441536,2060.8103448963243,863.4096974902017,2954.4499906056835,913.4359098506566,0.04021597599637681,0.01740749349676549,178.20581896551724
faded,128,139,11,shake,frown,2,-63.94064712524414,43.87195587158203,115.4176254272461,30.20897674560547,-3.182133436203003,16.022350311279297,27.50029182434082,15.532094955444336,-8.035911560058594,10.49096393585205,16.539888381958008,9.753718376159668,-7.1082444190979,9.513361930847168,23.36698341369629,11.122454643249512,-5.732039928436279,8.442343711853027,9.333534240722656,7.4948201179504395,2.4228551387786865,8.133822441101074,5.692380428314209,7.084975242614746,-4.675498962402344,7.0970563888549805,0.03150214999914169,7.475839138031006,-0.022440709173679352,4.253686904907227,-0.020035134628415108,2.4028570652008057,-0.011490563862025738,1.9080623388290405,-7.4920775659848e-05,1.6216354370117188,-0.0074026393704116344,1.353463888168335,-0.004109946079552174,1.4151506423950195,0.0008571178186684847,1.781626582145691,-0.012292851693928242,1.2619558572769165,-0.005890121217817068,1.212852120399475,0.003141511930152774,1.1881017684936523,-0.008563653565943241,1.1969764232635498,0.007623730227351189,1.0960931777954102,-0.024150265380740166,3.9053966999053955,0.008132586255669594,1.9917513132095337,0.002374293515458703,1.1511478424072266,-0.006207202561199665,0.955011248588562,-0.001330334460362792,0.8963930010795593,0.0034969954285770655,0.7886878252029419,0.002377829048782587,0.8047006726264954,-0.003538924502208829,0.92433100938797,-0.0015488661592826247,0.7286485433578491,-0.0009948676452040672,0.6652948260307312,0.00017148922779597342,0.6897999048233032,0.00049083266640082,0.6693564653396606,-0.0006233840831555426,0.5987825989723206,0.3356356918811798,0.24858038127422333,0.48850446939468384,0.35707083344459534,0.30189740657806396,0.22423617541790009,0.29604026675224304,0.2865671217441559,0.26764997839927673,0.2441282868385315,0.39836710691452026,0.3093754053115845,0.45934319496154785,0.3654920160770416,0.3005343973636627,0.23582768440246582,0.3283088505268097,0.3223165273666382,0.31198203563690186,0.2270275056362152,0.49826428294181824,0.37999850511550903,0.34417399764060974,0.26927173137664795,0.25957030057907104,0.06465830653905869,3774.138491391779,1386.9761186679336,4480.619203473915,819.2825542847686,0.06924940664556962,0.039925644895394574,178.20581896551724
faded,139,141,2,nod,frown,3,-78.76270294189453,54.11155319213867,120.26140594482422,26.302082061767578,-7.092139720916748,11.591721534729004,35.46473693847656,13.463626861572266,-9.77197551727295,7.464726448059082,23.03053092956543,6.9472246170043945,0.0765744000673294,6.939709663391113,17.74417495727539,10.76065444946289,-2.8325064182281494,7.3454976081848145,9.105910301208496,5.733137130737305,2.102440357208252,6.97468376159668,9.684308052062988,5.660897731781006,1.2387114763259888,5.53789758682251,0.23355869948863983,8.732318878173828,0.02749241329729557,3.836925983428955,0.0031929677352309227,2.2452850341796875,-0.10581439733505249,1.7937771081924438,-0.06973181664943695,1.2217974662780762,-0.07441964745521545,1.3406496047973633,-0.0481945164501667,1.1012227535247803,0.009173939935863018,1.7667038440704346,0.034573569893836975,1.1012952327728271,-0.023437190800905228,1.085848331451416,-0.05029386654496193,1.2520372867584229,-0.046783559024333954,0.9589354395866394,-0.05974762514233589,1.0118591785430908,-0.0817285105586052,4.382678508758545,-0.04775526747107506,1.6252100467681885,0.021874727681279182,1.214738368988037,-0.019861789420247078,1.0338741540908813,0.011927949264645576,0.691962718963623,-0.009464786387979984,0.827671468257904,-0.002765348879620433,0.6095534563064575,-0.0036404160782694817,0.9073403477668762,0.0063919732347130775,0.5979008078575134,-0.012005279771983624,0.5528272390365601,-0.00637795589864254,0.5823771357536316,-0.03483791649341583,0.5474931597709656,-0.03108145110309124,0.5834864974021912,0.3249858021736145,0.21736092865467072,0.6613431572914124,0.32187509536743164,0.3791559338569641,0.21702712774276733,0.34397420287132263,0.29081568121910095,0.34387078881263733,0.25901103019714355,0.5406941175460815,0.3434053659439087,0.6997561454772949,0.30057191848754883,0.3995741903781891,0.20090900361537933,0.37294530868530273,0.29696571826934814,0.3112329840660095,0.24016357958316803,0.2303839921951294,0.1885836273431778,0.21192875504493713,0.1896762251853943,0.2380618304014206,0.050249211490154266,3356.0283056118856,1189.0252516879516,4203.355488681458,708.2032673168516,0.059892070086705204,0.032215118458062006,178.20581896551724
faded,141,142,1,nod,oh,3,-56.634613037109375,38.9721794128418,106.7878646850586,24.020246505737305,2.3870303630828857,12.30224609375,31.902427673339844,10.13418960571289,-0.5877877473831177,9.444367408752441,20.19483757019043,6.673844814300537,-9.091803550720215,10.691686630249023,19.904577255249023,9.50482177734375,-8.94166374206543,7.434390544891357,5.621586799621582,8.031003952026367,-2.9652979373931885,8.365837097167969,9.568360328674316,7.2307939529418945,0.6809016466140747,5.522030830383301,-0.4389055669307709,7.017124652862549,0.6228480935096741,3.310492515563965,0.11706605553627014,2.4334158897399902,-0.3354007601737976,1.938891887664795,-0.0711681991815567,1.7047680616378784,-0.11836040765047073,1.172410249710083,-0.05166245624423027,2.1222026348114014,-0.15322935581207275,1.7909272909164429,0.10397543758153915,1.4052079916000366,-0.14948613941669464,1.4465357065200806,-0.2240644246339798,1.5217868089675903,0.0460272915661335,1.4867000579833984,-0.015741700306534767,1.0596153736114502,-0.12163893133401871,3.241868495941162,0.1509084403514862,1.0617313385009766,-0.027352461591362953,1.0449621677398682,-0.09795859456062317,1.1721525192260742,-0.12920145690441132,0.785494327545166,0.003982664551585913,0.6686697602272034,-0.07610777020454407,0.9904734492301941,-0.07426990568637848,1.009628415107727,0.027177294716238976,0.7742959260940552,-0.016275126487016678,0.9592917561531067,-0.04999340698122978,0.7451406121253967,-0.08859883248806,0.9472616314888,-0.05907914787530899,0.7336518168449402,0.2594219744205475,0.22752724587917328,0.48423656821250916,0.3550280034542084,0.3259506821632385,0.22912763059139252,0.278237909078598,0.2559199333190918,0.295847624540329,0.248936265707016,0.43646684288978577,0.305318683385849,0.5859481692314148,0.3472996950149536,0.29427090287208557,0.18751703202724457,0.24807307124137878,0.26631036400794983,0.24045436084270477,0.21228091418743134,0.334153413772583,0.3093303143978119,0.2667282521724701,0.24661532044410706,0.25026100873947144,0.03441166505217552,4092.044526711643,1071.641978464148,4826.427198413766,555.4362758134956,0.07615503771551724,0.03233289127010326,178.20581896551724
faded,142,147,5,shake,surprise,3,-27.602975845336914,32.76527786254883,99.63461303710938,23.088703155517578,-6.970932483673096,9.966503143310547,27.694448471069336,10.39321517944336,-9.344590187072754,9.915847778320312,19.081247329711914,7.175162315368652,-5.466760158538818,8.121744155883789,17.39321517944336,8.749129295349121,-4.377338409423828,7.658200740814209,8.574033737182617,7.832998752593994,-3.0750515460968018,7.169541835784912,5.507722854614258,6.5544633865356445,-2.50356125831604,6.641887664794922,0.1590724140405655,5.974475383758545,-0.15192049741744995,3.8843064308166504,0.0008754951413720846,1.7574565410614014,0.03490731492638588,1.8032642602920532,0.008051699958741665,1.4187235832214355,-0.035913918167352676,1.2521216869354248,-0.061996642500162125,1.2899322509765625,-0.04279091954231262,1.673884630203247,-0.033218249678611755,1.250983715057373,0.03400163725018501,1.460923671722412,0.0009598212200216949,1.2365081310272217,-0.025181157514452934,1.1577872037887573,-0.0010012518614530563,1.0122426748275757,-0.026897642761468887,3.2623093128204346,0.01655370369553566,1.4056845903396606,0.004522029310464859,0.9557284116744995,-0.02440609596669674,1.0091526508331299,-0.020449813455343246,0.8185204267501831,0.006041046231985092,0.7818135619163513,0.0049469806253910065,0.7204541563987732,-0.012278605252504349,0.9428320527076721,0.0032705601770430803,0.6882715821266174,0.013018974103033543,0.7857089638710022,0.001610157429240644,0.7401025891304016,0.0013538834173232317,0.6770761013031006,0.007104796357452869,0.6229332089424133,0.30988267064094543,0.22996489703655243,0.5635852217674255,0.3626954257488251,0.2826401889324188,0.20457826554775238,0.2240201085805893,0.2448454201221466,0.22831639647483826,0.20987722277641296,0.373923659324646,0.2874181270599365,0.5591741800308228,0.3294871151447296,0.2987680435180664,0.20923301577568054,0.2591899335384369,0.2704346477985382,0.24290086328983307,0.1988571435213089,0.36881834268569946,0.33636605739593506,0.25706616044044495,0.1984846293926239,0.2619793117046356,0.03650382533669472,4401.906068245576,1008.3995559277098,4817.748433731486,498.2325619145967,0.0902447977088167,0.02931432825029464,178.20581896551724
faded,147,150,3,none,"angry, surprise",3,-9.203380584716797,27.477800369262695,87.08436584472656,16.028223037719727,3.166459560394287,9.923036575317383,21.71453094482422,10.627462387084961,-2.7235958576202393,9.06039810180664,13.318375587463379,7.042708396911621,-2.3101966381073,7.608704090118408,13.820229530334473,7.412090301513672,-1.501913070678711,6.5291337966918945,5.475799083709717,7.855650901794434,-2.467994213104248,7.168858051300049,4.880325794219971,6.160041809082031,-0.5957229733467102,7.1353583335876465,0.23021851480007172,5.530887603759766,-0.017285022884607315,3.164018392562866,0.06689632683992386,2.0890018939971924,-0.1423039585351944,1.8513948917388916,-0.06613388657569885,1.5647547245025635,-0.10462242364883423,1.5583102703094482,0.06345202773809433,1.261301040649414,0.03442631661891937,1.426887035369873,0.06576716154813766,1.2323426008224487,-0.06849440932273865,1.4611304998397827,-0.00022626751160714775,1.185302495956421,0.053719788789749146,1.2029086351394653,0.013044427148997784,1.2408721446990967,-0.08307911455631256,3.8580381870269775,0.005790312774479389,1.648167610168457,-0.008377746678888798,1.2544444799423218,-0.03177674487233162,1.054344892501831,-0.012369977310299873,0.9214913249015808,-0.01559276320040226,1.0267086029052734,-0.009322586469352245,0.7033537030220032,0.009055172093212605,0.928963840007782,0.0057864198461174965,0.6876440644264221,-0.026620855554938316,0.7644937634468079,0.027395635843276978,0.6670210957527161,0.015940982848405838,0.686190128326416,-0.02561827003955841,0.6688519716262817,0.310301274061203,0.19990167021751404,0.6466851830482483,0.35471612215042114,0.33023083209991455,0.2022940218448639,0.21162524819374084,0.20434588193893433,0.21966926753520966,0.17690718173980713,0.49106258153915405,0.3196223974227905,0.5584572553634644,0.32386109232902527,0.28608036041259766,0.18978460133075714,0.2637641429901123,0.27450817823410034,0.23431982100009918,0.18279030919075012,0.3316573202610016,0.3301124572753906,0.23056460916996002,0.20172899961471558,0.278368204832077,0.03758057579398155,5097.822577297452,930.2894014923678,5447.12162542749,506.0148856642207,0.09779575892857142,0.02786650441156091,178.20581896551724
faded,150,160,10,shake,big smile,4,-16.41750144958496,39.87053680419922,82.54790496826172,20.546388626098633,-8.6027250289917,11.026103019714355,30.66667938232422,9.963899612426758,-5.736636161804199,9.714051246643066,20.019832611083984,9.060149192810059,-3.276897430419922,10.986886024475098,15.684158325195312,6.964378356933594,1.500108242034912,7.93284797668457,9.626096725463867,6.374318599700928,0.30651429295539856,8.10068416595459,6.853570461273193,6.1161789894104,-2.1019797325134277,8.25816535949707,-0.014384920708835125,5.530697345733643,-0.05714014545083046,2.9025540351867676,0.01185749564319849,1.4815764427185059,0.024730894714593887,1.1804325580596924,-0.02211460843682289,1.2475361824035645,0.024061130359768867,1.2792682647705078,-0.014910982921719551,1.2206854820251465,-0.01672760769724846,1.1564031839370728,-0.009956052526831627,1.0434784889221191,0.010080290958285332,1.0594089031219482,-0.024755816906690598,1.175406813621521,-0.005311628337949514,0.9696049690246582,-0.014248693361878395,0.9234166741371155,-0.010737381875514984,3.0726118087768555,-0.0016197761287912726,1.5045408010482788,-0.005640328396111727,0.8342192769050598,-0.013416972942650318,0.7846552133560181,-0.013042692095041275,0.8206745982170105,-0.010043404065072536,0.8158780932426453,0.0009346196311526,0.7017776966094971,-0.003701095236465335,0.7027827501296997,0.001521970727480948,0.6452484726905823,-0.00556312408298254,0.6755989193916321,0.001563211320899427,0.7041849493980408,0.004143708385527134,0.634735643863678,0.0020598964765667915,0.5719372630119324,0.392891526222229,0.2536357343196869,0.5257830619812012,0.35454824566841125,0.40188103914260864,0.2638340890407562,0.3949742913246155,0.2812158763408661,0.36523643136024475,0.24144978821277618,0.4469830095767975,0.2848763167858124,0.4241412580013275,0.29755526781082153,0.33345234394073486,0.19717910885810852,0.4109106957912445,0.2843681871891022,0.43653416633605957,0.23491217195987701,0.6161413788795471,0.3460741937160492,0.40351754426956177,0.22434742748737335,0.3128281831741333,0.0712692141532898,4901.361492078057,1153.3195706420147,5011.586173125773,577.8474136983855,0.09304703360643851,0.048857549985697336,90.66611842105263
faded,160,195,35,shake,frown,3,-15.428643226623535,31.991445541381836,90.89974975585938,16.910675048828125,-10.560665130615234,9.66867446899414,30.918970108032227,9.114518165588379,-4.865520477294922,9.025420188903809,18.291324615478516,8.343513488769531,-5.466416835784912,10.521249771118164,18.275558471679688,8.158583641052246,1.8395479917526245,7.558525085449219,10.350824356079102,6.734316825866699,2.0538790225982666,7.0560407638549805,5.945491790771484,7.168999671936035,-1.4629918336868286,7.966724395751953,-0.030292611569166183,4.709958076477051,0.020989209413528442,2.4218788146972656,-0.007712820544838905,1.3591060638427734,-0.005753491539508104,1.2557202577590942,-0.000537872314453125,1.2697067260742188,-0.007801484316587448,1.1975146532058716,0.0007805104833096266,1.1205992698669434,0.0004886949900537729,1.1295123100280762,0.004359939135611057,1.0415672063827515,-0.0014752265997231007,1.0142197608947754,-5.59552208869718e-05,1.0864877700805664,-0.005190830212086439,0.9962746500968933,-0.0023737475275993347,0.9650323390960693,-0.005741205532103777,2.8002490997314453,-0.006148143205791712,1.3133138418197632,0.0013393538538366556,0.7911975979804993,9.97516472125426e-05,0.7944333553314209,0.0010279304115101695,0.7802523374557495,0.001522753736935556,0.7616669535636902,-0.0014692699769511819,0.6866488456726074,8.486080332659185e-05,0.6836296916007996,0.0017682278994470835,0.6487753987312317,0.0007041414501145482,0.6733901500701904,0.0004929443821310997,0.6941036581993103,0.00017917927470989525,0.6203861832618713,-0.0009835532400757074,0.5896734595298767,0.4213867485523224,0.25479957461357117,0.4997158646583557,0.3253677189350128,0.3789834678173065,0.24187950789928436,0.3967609405517578,0.2902681827545166,0.3436867594718933,0.2344394028186798,0.447435587644577,0.31004032492637634,0.4055967330932617,0.2967309057712555,0.29960721731185913,0.20641490817070007,0.34201037883758545,0.25886836647987366,0.3803252577781677,0.2192382961511612,0.6103174686431885,0.32766303420066833,0.5043462514877319,0.29904964566230774,0.3389332890510559,0.05580708757042885,4417.880984881137,927.034990862493,4801.575188890524,410.64749060634813,0.07752724010157545,0.039829759484369946,90.66611842105263
faded,195,212,17,none,thoughtful,3,-377.0165100097656,144.33221435546875,168.8403778076172,74.80928802490234,21.951698303222656,39.75071716308594,5.878303050994873,18.857736587524414,5.309383869171143,9.178024291992188,5.692546844482422,7.581449031829834,-0.6816999316215515,7.134005069732666,0.5725505352020264,7.320791721343994,-2.6181488037109375,5.57688045501709,-4.053314208984375,6.427450656890869,-4.052626609802246,5.0568342208862305,-3.1511266231536865,4.985564231872559,-3.7099626064300537,5.870489597320557,-0.3542359173297882,1.0803394317626953,-0.09595907479524612,0.9322842955589294,0.005794061813503504,0.6782894134521484,-0.010808559134602547,0.6199566721916199,0.009336808696389198,0.6573381423950195,-0.006629160139709711,0.6592307686805725,0.003568250685930252,0.6233153343200684,-0.005224909633398056,0.6454133987426758,-0.0013215598883107305,0.6444951295852661,-0.003535507246851921,0.6166905164718628,0.0005084633594378829,0.6232691407203674,0.00419324915856123,0.619912326335907,0.0013392835389822721,0.590412437915802,-0.008464433252811432,0.6943732500076294,-0.002940780483186245,0.5218130350112915,0.0018142808694392443,0.45649027824401855,0.0004991241148672998,0.42498093843460083,0.0031445538625121117,0.459992378950119,0.0034401121083647013,0.45943015813827515,0.0001154687997768633,0.42664334177970886,-0.0025762533769011497,0.4471055269241333,-0.0009382431744597852,0.44823285937309265,0.0007187334704212844,0.4297682046890259,-0.00084494095062837,0.4292026162147522,-0.0031796027906239033,0.42557209730148315,0.0013763130409643054,0.417948454618454,0.437299519777298,0.2774158716201782,0.5310091376304626,0.3537749946117401,0.43961310386657715,0.28458675742149353,0.42194250226020813,0.2985684275627136,0.39091241359710693,0.27066126465797424,0.4941743314266205,0.31219902634620667,0.5190563201904297,0.31415078043937683,0.3491837978363037,0.2538262903690338,0.34600767493247986,0.2839703857898712,0.3820249140262604,0.2444482296705246,0.5222019553184509,0.31974270939826965,0.4337748885154724,0.21768388152122498,0.05528336390852928,0.049683406949043274,2677.7642825675894,2800.5779766569203,3696.83923955747,2256.571046135053,0.05526277197098976,0.08833540248504893,90.66611842105263
fly_me_to_the_moon,0,7,7,none,smile,3,-529.3604125976562,85.93473815917969,98.73827362060547,35.980403900146484,55.226627349853516,17.85000228881836,48.30697250366211,15.371343612670898,-1.4504470825195312,18.421707153320312,13.20609188079834,8.18100643157959,18.40525245666504,8.003448486328125,15.046710014343262,9.924788475036621,4.685513973236084,6.135251522064209,4.3272705078125,5.1647772789001465,4.297833442687988,5.342862606048584,2.13906192779541,5.34295129776001,7.151867389678955,5.647167682647705,0.37093600630760193,16.93389892578125,0.3458755910396576,6.430596828460693,0.119291290640831,3.1659398078918457,0.040038589388132095,3.2445626258850098,-0.030781341716647148,3.1840670108795166,-0.003425354603677988,1.5509436130523682,0.030990328639745712,1.5150631666183472,0.011385071091353893,1.8907572031021118,-0.0025581989903002977,0.9343991279602051,0.004385821521282196,0.8890321254730225,0.030948538333177567,0.90354323387146,0.02817266620695591,0.9046013355255127,0.05146978422999382,0.9116060137748718,-0.09490661323070526,9.34323501586914,-0.0398266427218914,2.681682825088501,-0.00991850346326828,1.7653963565826416,-0.026924753561615944,2.1131060123443604,0.0017207764321938157,1.8859425783157349,-0.010871168226003647,0.8644312620162964,0.002665943233296275,0.7929168939590454,0.0032143141143023968,1.1298292875289917,0.005543542560189962,0.6525752544403076,-0.0025357170961797237,0.5955854058265686,-0.0076952422969043255,0.540019154548645,-0.008325348608195782,0.61636883020401,-0.007772529497742653,0.6000038385391235,0.550119161605835,0.20860150456428528,0.520950973033905,0.23066768050193787,0.5049908757209778,0.23407554626464844,0.5433749556541443,0.22109924256801605,0.6837517619132996,0.20235575735569,0.7865941524505615,0.20819368958473206,0.7873277068138123,0.16982081532478333,0.7972667217254639,0.1483048051595688,0.8138771653175354,0.15078403055667877,0.8735232353210449,0.18332259356975555,0.7371677160263062,0.16459400951862335,0.5830203890800476,0.17081964015960693,0.010511085391044617,0.014208524487912655,3241.2202125439862,1386.8959952736077,4708.621083810288,995.391688891644,0.027457925217661692,0.018197037741706872,123.046875
fly_me_to_the_moon,7,22,15,sway,smile,2,-278.91656494140625,88.66316986083984,145.78517150878906,40.08582305908203,-3.4495203495025635,38.57460403442383,49.50496292114258,24.341501235961914,-5.324345588684082,22.182209014892578,26.8736572265625,17.623022079467773,10.484966278076172,14.245878219604492,0.49335822463035583,15.952406883239746,0.7725520133972168,9.878053665161133,7.149247646331787,11.584545135498047,7.74346923828125,9.028436660766602,-9.43171501159668,13.534476280212402,6.482213497161865,10.042043685913086,0.14838355779647827,9.798135757446289,0.052490778267383575,5.322676658630371,-0.05108259990811348,3.883531093597412,0.011090601794421673,3.241302967071533,-0.006120596081018448,2.9740843772888184,-0.017583252862095833,2.218334197998047,0.0032433238811790943,1.8495869636535645,0.013992619700729847,2.04905104637146,0.0035105054266750813,1.593122124671936,0.0052864388562738895,1.6217018365859985,0.00376346823759377,1.3956817388534546,-0.029597146436572075,1.6603717803955078,-0.01575584150850773,1.497109055519104,0.00861316453665495,4.5024943351745605,0.008291848003864288,2.479109764099121,0.00374906905926764,1.757311224937439,-0.0016483127838000655,1.6356232166290283,-0.004705376923084259,1.5068414211273193,-0.006303657311946154,1.1547088623046875,-0.0005857073701918125,0.9907426238059998,0.00384478154592216,1.0798121690750122,-0.0024433527141809464,0.8509858250617981,0.000906919245608151,0.9296227097511292,0.003055102424696088,0.7887614369392395,-0.0013558039208874106,0.8339414596557617,-0.0032809688709676266,0.8548339605331421,0.40338134765625,0.327271431684494,0.3286159634590149,0.2878813147544861,0.3155940771102905,0.2900777757167816,0.37379297614097595,0.3287036418914795,0.44783416390419006,0.33147090673446655,0.47256702184677124,0.36312249302864075,0.39726558327674866,0.31055280566215515,0.41550111770629883,0.3473665118217468,0.4116896986961365,0.33967721462249756,0.42866402864456177,0.3530997037887573,0.41242262721061707,0.3083113133907318,0.4296865165233612,0.3123117983341217,0.08780748397111893,0.05200299993157387,2181.667223148927,1317.7759939137395,2998.8361790207423,647.6242749761534,0.04189203693401703,0.05704939045238669,123.046875
fly_me_to_the_moon,22,29,7,nod,smile,2,-298.95849609375,93.89864349365234,150.86972045898438,30.624591827392578,18.103065490722656,37.56728744506836,48.096153259277344,26.341028213500977,-11.094127655029297,22.288816452026367,13.417203903198242,16.338964462280273,12.022806167602539,13.040106773376465,6.675527572631836,15.125100135803223,5.342864513397217,10.338033676147461,8.611937522888184,10.106363296508789,9.613117218017578,9.27674674987793,-2.3532867431640625,11.232076644897461,6.581919193267822,9.184144020080566,-0.10500716418027878,9.172027587890625,-0.019621701911091805,4.3018879890441895,0.060068078339099884,3.0804295539855957,0.005875494331121445,3.6672708988189697,0.03097853623330593,2.798574447631836,0.07435745000839233,1.7637685537338257,-0.004272521007806063,1.6998869180679321,-0.020185720175504684,1.7784217596054077,0.03278645500540733,1.4630615711212158,0.00861737597733736,1.326340913772583,-0.0011651337845250964,1.1480351686477661,0.01899169757962227,1.323905110359192,0.008481902070343494,1.0132547616958618,0.006930860690772533,4.291890621185303,-0.020496832206845284,2.324012279510498,0.006594421342015266,1.428135633468628,0.01013598870486021,1.967583417892456,-0.010254940018057823,1.3935807943344116,0.0018565295031294227,0.9070735573768616,-0.0001455043238820508,0.8440001606941223,-0.008279879577457905,0.998616635799408,-0.010847036726772785,0.8151299357414246,0.001281420816667378,0.7352816462516785,-0.0024977722205221653,0.6519054174423218,-0.01116988155990839,0.7147378325462341,-0.0004778438014909625,0.6173371076583862,0.43171340227127075,0.37259092926979065,0.35895031690597534,0.3191795349121094,0.338157594203949,0.32884886860847473,0.3211902976036072,0.3013066053390503,0.34725117683410645,0.32584455609321594,0.32301369309425354,0.288994699716568,0.4195161461830139,0.3587659001350403,0.4498154819011688,0.3796151876449585,0.438631534576416,0.3461446762084961,0.46798771619796753,0.37218400835990906,0.4093898832798004,0.32952576875686646,0.4163384437561035,0.3145354986190796,0.10156300663948059,0.07211574912071228,1778.2000600375454,1034.3097139486745,2916.7895174950227,608.4426060681756,0.029230475228026534,0.0350856791731356,120.18531976744185
fly_me_to_the_moon,29,38,9,shake,smile,2,-322.65093994140625,78.17829132080078,154.8753662109375,31.69979476928711,23.334970474243164,33.08608627319336,49.62992858886719,21.288366317749023,5.693233489990234,20.17481231689453,19.146133422851562,16.806962966918945,14.285759925842285,13.897405624389648,5.932326316833496,17.026994705200195,4.66084098815918,13.43384838104248,11.110421180725098,13.694737434387207,11.214332580566406,8.515332221984863,-4.0871477127075195,12.320772171020508,4.059402942657471,10.414541244506836,-0.10723452270030975,9.653339385986328,-0.031531788408756256,4.6640095710754395,0.032024841755628586,3.5189151763916016,-0.010556122288107872,3.294874668121338,-0.007854810915887356,3.0852816104888916,-0.010426905006170273,1.6972838640213013,0.026110846549272537,1.5431370735168457,0.01619945652782917,1.9633547067642212,-0.014131688512861729,1.5175093412399292,-0.005447006784379482,1.4260528087615967,-0.006388537120074034,1.19436514377594,0.009854273870587349,1.2610154151916504,0.016404099762439728,1.1367111206054688,0.009561057202517986,4.981132984161377,-0.0030043874867260456,2.740379810333252,-0.005185592919588089,1.6275051832199097,0.004333647899329662,1.9692909717559814,0.0016584409167990088,1.8924496173858643,-0.0016663967398926616,1.080743432044983,-0.0032210631761699915,0.7719137072563171,-0.00019436090951785445,1.0707685947418213,-0.0008382354862987995,0.8924247622489929,-0.0011927768355235457,0.9028412699699402,0.0018138592131435871,0.6959131360054016,0.0014126012101769447,0.7121206521987915,-0.007612233515828848,0.721988320350647,0.4546632170677185,0.35903462767601013,0.35802584886550903,0.3144376873970032,0.35677391290664673,0.28985533118247986,0.3916468322277069,0.28343477845191956,0.46298453211784363,0.3011813759803772,0.5383148193359375,0.3309982419013977,0.4962308704853058,0.2931414246559143,0.4630277454853058,0.3275754451751709,0.43420299887657166,0.3187692165374756,0.41376516222953796,0.31432652473449707,0.42191314697265625,0.32457783818244934,0.5419173240661621,0.37619534134864807,0.08963317424058914,0.047636087983846664,1534.9051593492184,1024.1818436899302,2751.8347339673082,693.9882026098045,0.022060118999677834,0.02113748745973139,120.18531976744185
fly_me_to_the_moon,38,54,16,nod,neutral,2,-215.9988250732422,69.8348159790039,169.34246826171875,33.42818069458008,-21.076169967651367,32.11142349243164,47.71247100830078,18.066043853759766,-12.153366088867188,20.112855911254883,13.940261840820312,22.117916107177734,-1.4923386573791504,15.890861511230469,1.8347909450531006,11.949040412902832,-1.1533187627792358,10.457111358642578,0.22494633495807648,10.442191123962402,6.277135372161865,9.279729843139648,-7.688209533691406,10.826285362243652,4.973817825317383,9.231937408447266,0.15786166489124298,6.711047649383545,0.025259288027882576,4.162741661071777,-0.032898012548685074,3.349733352661133,0.012890919111669064,2.4423789978027344,-0.011737382039427757,2.368021011352539,-0.01853247918188572,2.3199379444122314,-0.01490828488022089,1.7375036478042603,0.0019785526674240828,1.67024564743042,0.001236672862432897,1.4967455863952637,-0.006924652028828859,1.5600389242172241,0.001530261361040175,1.3917733430862427,-0.012136026285588741,1.355475902557373,-0.002572708996012807,1.2702525854110718,0.0036406090948730707,2.7362940311431885,-0.010638963431119919,1.8950093984603882,0.004625432658940554,1.3850104808807373,-0.015157111920416355,1.2527989149093628,0.005567505490034819,1.22356379032135,-0.001155947451479733,0.9966691136360168,-0.007307094056159258,0.8162081241607666,-0.0037858199793845415,0.8570026755332947,0.0011916345683857799,0.7252861857414246,0.002522798487916589,0.8433449864387512,-0.004719826392829418,0.7204388976097107,0.004813916515558958,0.6982537508010864,-0.0032406572718173265,0.6792380213737488,0.4796641767024994,0.3500576913356781,0.3803301155567169,0.29159459471702576,0.3623724579811096,0.3228577673435211,0.3625543415546417,0.2846220135688782,0.4484822452068329,0.3584429919719696,0.37513217329978943,0.31791990995407104,0.3051055073738098,0.2822960913181305,0.3018326759338379,0.29367074370384216,0.335357129573822,0.30966052412986755,0.3696157932281494,0.3192097544670105,0.3489237427711487,0.29605957865715027,0.43582960963249207,0.3317510783672333,0.12544959783554077,0.05316393822431564,2036.2563184716835,1175.321221434386,2667.0568853712357,597.0274525695759,0.041584283221537344,0.04462731941807262,120.18531976744185
fly_me_to_the_moon,54,62,8,shake,frown,2,-248.8721466064453,77.42530059814453,140.7408447265625,42.83491134643555,-16.835369110107422,28.13051986694336,65.66947174072266,25.240633010864258,-8.966261863708496,20.459218978881836,25.787839889526367,17.741329193115234,6.395338535308838,12.056922912597656,3.6917855739593506,11.28962516784668,-0.3174697756767273,9.94394302368164,3.033168077468872,9.820122718811035,-0.363518089056015,9.507058143615723,-2.860778570175171,10.172598838806152,4.810965538024902,7.313462257385254,-0.019328590482473373,8.70377254486084,-0.018567845225334167,3.932645320892334,-0.02838008664548397,2.727393388748169,0.017298685386776924,2.652484893798828,-0.01711871661245823,2.48305606842041,0.051623545587062836,1.8335270881652832,0.00659196125343442,1.3945661783218384,-0.00937285739928484,1.60273277759552,-0.02255987375974655,1.4052022695541382,-0.010509883053600788,1.3590291738510132,0.0037714086938649416,1.258890151977539,0.015068518929183483,1.190031886100769,0.013927719555795193,1.189585566520691,-0.005630269180983305,3.165407657623291,-0.02664620243012905,1.7686642408370972,0.02280859276652336,1.1382715702056885,-0.019854705780744553,1.253735899925232,0.013811691664159298,1.3244411945343018,-0.008604846894741058,1.0243903398513794,-0.003574030939489603,0.7220577597618103,-0.008259630762040615,0.7775236964225769,-0.0009045324404723942,0.6977852582931519,0.0034078594762831926,0.7532792091369629,-0.003916686866432428,0.7260766625404358,0.005089997313916683,0.5969517230987549,-0.000489840458612889,0.6804413795471191,0.5105927586555481,0.3550737500190735,0.44732794165611267,0.2944355309009552,0.4028448462486267,0.30296310782432556,0.3614070415496826,0.28846070170402527,0.43083786964416504,0.33571186661720276,0.3336448073387146,0.2767682671546936,0.4023365080356598,0.31596261262893677,0.4955638647079468,0.35675904154777527,0.5364193916320801,0.310890793800354,0.553313136100769,0.2958180606365204,0.46592938899993896,0.2598024010658264,0.5053918361663818,0.31906113028526306,0.09514385461807251,0.05361108109354973,2433.968746382771,1257.8481938338932,3040.137549120894,490.6298725290252,0.052048658288043476,0.05941648972149331,135.99917763157896
fly_me_to_the_moon,62,71,9,nod,neutral,3,-203.31515502929688,46.5013313293457,157.97438049316406,33.88515853881836,-5.292710304260254,20.107120513916016,58.11424255371094,22.53202247619629,-13.501554489135742,14.888823509216309,19.7684268951416,14.243753433227539,6.46021032333374,8.242121696472168,5.327430725097656,10.19686508178711,0.2767700254917145,8.246087074279785,0.13951976597309113,12.37801456451416,-0.38721489906311035,8.837313652038574,-0.5598945021629333,8.764688491821289,5.06444787979126,10.300298690795898,0.039249300956726074,5.974089622497559,-0.043538399040699005,2.495257616043091,0.0023612729273736477,2.3900115489959717,0.028677158057689667,1.553749680519104,-0.011531318537890911,1.9627783298492432,0.018148351460695267,1.4961457252502441,0.014604429714381695,1.3105928897857666,-0.006302081514149904,1.1689600944519043,0.010734062641859055,1.2163881063461304,0.031207570806145668,1.1969001293182373,-0.002983319340273738,1.0263750553131104,0.008172266185283661,1.0222867727279663,-0.0058795311488211155,1.0271397829055786,-0.016156259924173355,2.63981294631958,-0.017170671373605728,1.4085845947265625,0.005526077933609486,1.048396110534668,-0.0058100298047065735,0.8192519545555115,-0.0035289551597088575,1.0182751417160034,0.0013706699246540666,0.6879375576972961,0.009275214746594429,0.7024560570716858,0.000102029021945782,0.6229013204574585,-0.0029191214125603437,0.6950112581253052,0.004082020837813616,0.6448895931243896,-0.00043753141653724015,0.6201394200325012,-0.002268631476908922,0.5931200385093689,0.0011669612722471356,0.5787977576255798,0.5891033411026001,0.31791725754737854,0.5694661736488342,0.30714330077171326,0.44065508246421814,0.2397090494632721,0.4120808243751526,0.23028841614723206,0.4971466064453125,0.2889300584793091,0.4968259334564209,0.3035542368888855,0.45423176884651184,0.28261804580688477,0.5161950588226318,0.31143125891685486,0.45481234788894653,0.2633255124092102,0.42028337717056274,0.29285570979118347,0.3818260133266449,0.25082457065582275,0.4497581124305725,0.2662237584590912,0.11731603741645813,0.04599905014038086,2112.420642834526,823.1040135932977,2925.1920542962052,560.5613873336765,0.044996123952963915,0.032276157383077056,126.04801829268293
fly_me_to_the_moon,71,98,27,shake,close eyes,3,-266.2878723144531,108.99382781982422,136.09475708007812,22.110464096069336,5.213512897491455,30.06134033203125,49.786800384521484,12.543261528015137,-8.726350784301758,18.606727600097656,11.188260078430176,9.805776596069336,17.27053451538086,11.537720680236816,15.359697341918945,8.685723304748535,2.1198861598968506,11.247396469116211,3.6456804275512695,9.32979679107666,5.7584428787231445,8.500754356384277,0.9444094300270081,7.224611282348633,4.836180210113525,6.839065074920654,-0.10941853374242783,8.183263778686523,-0.021772755309939384,2.6125144958496094,0.017156923189759254,2.4814393520355225,-0.01095946691930294,1.5894206762313843,0.014488902874290943,1.9158660173416138,0.0031279667746275663,1.3640766143798828,0.007561320438981056,1.0815553665161133,0.005222555715590715,1.0706138610839844,0.007712597027420998,1.0731045007705688,-0.004763876087963581,1.3161778450012207,0.00566293578594923,1.0178135633468628,0.0011798732448369265,0.9808636903762817,0.0016955867176875472,0.8952235579490662,-0.00857458170503378,3.4301698207855225,-0.0020217199344187975,1.1748629808425903,-0.0022806632332503796,1.0917770862579346,-0.0037973569706082344,0.8632127642631531,0.006600868422538042,1.025949478149414,0.0002643566986080259,0.6961775422096252,-0.000991717097349465,0.621320366859436,-0.0030095099937170744,0.6643986701965332,0.0007507738773711026,0.636593759059906,-0.0011802203953266144,0.6890669465065002,-0.0013617383083328605,0.5835573673248291,0.0006468971259891987,0.6075929999351501,0.0019469511462375522,0.579159140586853,0.4809166193008423,0.34362977743148804,0.44415298104286194,0.3040078580379486,0.4541848599910736,0.2923527956008911,0.46743646264076233,0.2714093327522278,0.5595165491104126,0.3015507757663727,0.5367377400398254,0.3041478991508484,0.4894424378871918,0.27006229758262634,0.5342438220977783,0.28772085905075073,0.6036220788955688,0.27954089641571045,0.5902789235115051,0.2843276560306549,0.4891716241836548,0.28719571232795715,0.4879814684391022,0.3274303674697876,0.08177915960550308,0.05976531654596329,2139.4348212242967,746.3173276819961,3245.6714446767646,511.0478287707902,0.03638954851407997,0.028975090394800285,117.45383522727273
fly_me_to_the_moon,98,104,6,none,frown,3,-161.17282104492188,103.03350067138672,134.8345184326172,20.71871566772461,-17.950143814086914,25.2609806060791,54.83012008666992,11.048218727111816,-28.076080322265625,16.340749740600586,11.60190200805664,6.819542407989502,5.009979248046875,11.306493759155273,12.359111785888672,7.172701835632324,-10.741065979003906,13.014708518981934,6.128164768218994,6.221260070800781,0.1406712830066681,9.45320987701416,0.6707096695899963,5.097350597381592,6.322890758514404,6.439454078674316,0.530757486820221,7.570723056793213,0.08477461338043213,2.442777156829834,-0.13047932088375092,1.9926016330718994,0.03985494747757912,1.5982030630111694,-0.042905185371637344,1.6682344675064087,-0.005780273582786322,1.0846891403198242,-0.025574997067451477,1.1578919887542725,0.005815581884235144,1.065252423286438,-0.03306826204061508,1.0542141199111938,0.0026570232585072517,0.9463227987289429,-0.03784403204917908,1.0466992855072021,-0.019120145589113235,0.7720223665237427,0.007019419223070145,0.861405611038208,0.034288953989744186,3.034579038619995,0.030064072459936142,1.437536358833313,0.014678426086902618,0.8910244703292847,-0.013941021636128426,0.9105803370475769,0.01215401478111744,0.9566735029220581,0.006696024443954229,0.6588622331619263,0.005296969320625067,0.6945241093635559,0.008731922134757042,0.6592881679534912,0.002255753381177783,0.5916277766227722,-0.00805601105093956,0.626667857170105,-0.012091993354260921,0.652851402759552,-0.00643568392843008,0.5489723086357117,-0.0241200290620327,0.6117842793464661,0.41793307662010193,0.2562606930732727,0.3488564193248749,0.18982341885566711,0.45593592524528503,0.2984180748462677,0.4017079174518585,0.20502153038978577,0.6543496251106262,0.2733604311943054,0.7000700235366821,0.23883944749832153,0.5150251388549805,0.2712419331073761,0.5305689573287964,0.31371480226516724,0.4931051433086395,0.28796252608299255,0.4759637117385864,0.26575198769569397,0.31450584530830383,0.18692947924137115,0.38752591609954834,0.22802776098251343,0.11618261784315109,0.06094779074192047,2873.743308640155,819.0877689281527,3387.2473644660013,376.3756690184476,0.07696049171905223,0.0472248453757262,161.4990234375
fly_me_to_the_moon,104,124,20,sway,smile,2,-176.77386474609375,55.26997756958008,164.88522338867188,27.21944236755371,-35.52816390991211,21.30596160888672,51.117156982421875,15.63363265991211,-18.234708786010742,15.719518661499023,17.711973190307617,17.611364364624023,-4.774094581604004,12.788895606994629,4.3074421882629395,10.67928695678711,-0.3529505431652069,10.333001136779785,1.4596341848373413,9.835273742675781,4.657362937927246,9.306644439697266,-5.498649597167969,9.182026863098145,5.492403507232666,9.318863868713379,-0.01033133827149868,6.3915605545043945,0.0030734946485608816,3.147601842880249,0.0033396235667169094,2.880385398864746,0.007432634476572275,1.9132503271102905,0.01170293241739273,1.9932280778884888,0.008455909788608551,1.9265164136886597,-0.004547230899333954,1.3948571681976318,-0.01101331040263176,1.4311472177505493,0.0026563582941889763,1.3770290613174438,0.00012813718058168888,1.4689472913742065,0.008087636902928352,1.3035595417022705,9.58819073275663e-05,1.3320672512054443,-0.010021580383181572,1.1791059970855713,-0.0221422016620636,2.6037344932556152,0.003158322535455227,1.4824696779251099,0.007656311150640249,1.3068927526474,-0.00684482092037797,0.9897878170013428,-0.004423175472766161,0.9905858039855957,-0.0052191391587257385,0.8901196718215942,0.009957179427146912,0.7626310586929321,-0.0024582785554230213,0.7632398009300232,0.00397599907591939,0.7877344489097595,-0.0034592037554830313,0.792488694190979,-0.0028862962499260902,0.7001850605010986,-0.0020598629489541054,0.6915429830551147,0.0004384865751489997,0.6266379952430725,0.46751490235328674,0.34461456537246704,0.4151095449924469,0.32500022649765015,0.3920326828956604,0.303206205368042,0.3774890899658203,0.2958710193634033,0.4163515269756317,0.3251679837703705,0.4375784397125244,0.3403909206390381,0.33338427543640137,0.2843954265117645,0.34078919887542725,0.3060351610183716,0.3581629991531372,0.30555981397628784,0.3622329831123352,0.2985890805721283,0.3500584065914154,0.2966154217720032,0.3821672201156616,0.3051326274871826,0.13842734694480896,0.05430028215050697,2238.2064715590873,841.1760761028878,2793.005949586338,452.8811102750481,0.046098510954730124,0.0319091106258556,120.18531976744185
fly_me_to_the_moon,124,128,4,shake,frown,3,-71.57540893554688,28.378196716308594,131.45924377441406,15.270395278930664,-43.64530563354492,9.472634315490723,67.62455749511719,9.215580940246582,-40.45155715942383,9.012591361999512,12.994505882263184,9.526041030883789,-6.6754374504089355,6.208454608917236,9.297367095947266,5.450352191925049,-14.140295028686523,7.256414413452148,12.731400489807129,4.853265285491943,-9.751056671142578,5.612836837768555,-8.850369453430176,5.863881587982178,-2.4714581966400146,6.455254077911377,0.26842689514160156,4.302772045135498,0.03635001927614212,3.1084094047546387,-0.1153046116232872,1.6514337062835693,-0.0010309633798897266,1.3186272382736206,-0.03815566748380661,1.0583631992340088,-0.056860197335481644,1.0580257177352905,0.014961491338908672,0.9907740354537964,-0.00014764814113732427,0.7805913686752319,-0.060401495546102524,0.9427769184112549,0.04522031918168068,0.7574498057365417,-0.03131207078695297,0.8506680130958557,-0.03213486447930336,0.9112448692321777,0.06776992231607437,1.0536904335021973,-0.04153212532401085,1.9116228818893433,0.05313447490334511,1.5438451766967773,0.013149715960025787,0.8724856376647949,-0.05410626158118248,0.7334287166595459,0.04527953267097473,0.7669495940208435,-0.04408451169729233,0.7253921031951904,-0.007781241554766893,0.568418562412262,-0.012369770556688309,0.4892278015613556,-0.006699786055833101,0.5578471422195435,-0.002200776245445013,0.5269852876663208,-0.005239254329353571,0.47927454113960266,-0.03912580385804176,0.5775319337844849,0.05026424676179886,0.643218457698822,0.34735098481178284,0.263632595539093,0.2456202358007431,0.16688017547130585,0.37784963846206665,0.28953585028648376,0.42562609910964966,0.16672857105731964,0.7926326990127563,0.24277356266975403,0.43237605690956116,0.1567828506231308,0.22788992524147034,0.1923907846212387,0.28485217690467834,0.277340292930603,0.2909741997718811,0.3047465980052948,0.22931616008281708,0.24317653477191925,0.25826773047447205,0.17379498481750488,0.638985276222229,0.3152627646923065,0.20222248136997223,0.030711408704519272,3415.333219591821,425.1003823403023,3322.4285182563603,158.6936014993189,0.09742980072463768,0.02121258610520869,166.70866935483872
fly_me_to_the_moon,128,141,13,sway,smile,3,-120.70181274414062,68.53624725341797,143.559326171875,20.647403717041016,-36.03158950805664,23.27095603942871,56.221527099609375,11.098883628845215,-26.741947174072266,14.405296325683594,13.043774604797363,10.762393951416016,-1.8124725818634033,9.222267150878906,9.489293098449707,7.8896565437316895,-10.838189125061035,9.978693962097168,2.342554807662964,9.834916114807129,-2.6546568870544434,8.589449882507324,-5.39655065536499,8.374703407287598,3.5643510818481445,10.209650039672852,-0.33994579315185547,4.786563396453857,-0.021308664232492447,2.578554391860962,0.09728864580392838,2.2267632484436035,-0.029222311452031136,1.3216105699539185,0.04198603332042694,1.5763005018234253,-0.010401323437690735,1.2612055540084839,0.021021509543061256,1.1633602380752563,0.005738884210586548,1.1275583505630493,0.017151890322566032,1.079761028289795,-0.011608738452196121,1.11236572265625,0.015496918000280857,0.9841201901435852,0.01863204315304756,1.0182969570159912,-0.0012328352313488722,1.0683201551437378,0.0007707184995524585,2.0127499103546143,0.005553173832595348,1.1875624656677246,0.005313444882631302,1.089362621307373,-0.002634747652336955,0.6931523084640503,-0.006017239764332771,0.8252127766609192,-0.0025504017248749733,0.7131639122962952,0.0003330221225041896,0.6440257430076599,0.00017555186059325933,0.6299597024917603,0.00344651797786355,0.6234422922134399,-0.00030127764330245554,0.6041620969772339,-0.0011340350611135364,0.5417188405990601,0.004409330431371927,0.6091329455375671,0.00599227100610733,0.5984646677970886,0.5529619455337524,0.3694199323654175,0.3611399233341217,0.2870669662952423,0.3044110834598541,0.27863809466362,0.36071836948394775,0.3076210916042328,0.4681429862976074,0.3293178379535675,0.4461515545845032,0.3501851260662079,0.2978476881980896,0.263154536485672,0.2636072337627411,0.2600652277469635,0.2720387578010559,0.2964693605899811,0.28433528542518616,0.3081435263156891,0.3142620027065277,0.28435155749320984,0.41779130697250366,0.31269872188568115,0.1878221482038498,0.05633930861949921,2733.253751386293,742.4930803481145,3090.792033897342,434.21936522240946,0.062450735909598216,0.02875189051982609,120.18531976744185
fly_me_to_the_moon,141,147,6,none,smile,3,-479.837158203125,111.90899658203125,72.5273208618164,58.28207015991211,14.63056468963623,27.22615623474121,14.528395652770996,16.563907623291016,1.1657129526138306,15.849236488342285,3.395879030227661,24.014806747436523,4.065014362335205,7.756129264831543,-1.166574239730835,9.865785598754883,0.7830561399459839,10.814939498901367,4.116075038909912,5.915595531463623,6.013803958892822,5.7845072746276855,3.7929344177246094,8.219222068786621,5.274635314941406,10.175707817077637,-0.1888052523136139,9.129491806030273,-0.21529659628868103,3.8564412593841553,-0.11222191154956818,3.0505435466766357,-0.03468804433941841,1.3263581991195679,-0.005304311867803335,1.9578359127044678,-0.00838672649115324,1.7841517925262451,-0.018076526001095772,0.8062294125556946,-0.02127072960138321,1.1214550733566284,-0.019215451553463936,1.1475830078125,-0.012925781309604645,0.805806577205658,-0.0013957401970401406,0.798470139503479,0.006208401173353195,0.8257859349250793,0.001006635488010943,0.8737664818763733,-0.009796854108572006,3.2661025524139404,-0.014270498417317867,1.4047290086746216,-0.010870524682104588,1.0674750804901123,-0.0027251869905740023,0.48125195503234863,0.001122566987760365,0.887238085269928,-0.00028427288634702563,0.6349585056304932,-0.00047386245569214225,0.4465525448322296,-0.0002667467051651329,0.5415343642234802,-0.0011715582804754376,0.4551762342453003,-0.0024888459593057632,0.46314558386802673,-0.00482020853087306,0.43398281931877136,-0.004754507448524237,0.4415189325809479,-0.0028497253078967333,0.44469010829925537,0.4580450654029846,0.39871421456336975,0.40938234329223633,0.36080875992774963,0.38551127910614014,0.32755178213119507,0.5112699866294861,0.3826814293861389,0.5327057242393494,0.3650551438331604,0.3532470464706421,0.30899983644485474,0.3849217891693115,0.3456437587738037,0.41898244619369507,0.33878397941589355,0.3748943507671356,0.3190717399120331,0.4283263683319092,0.3366657495498657,0.3903280198574066,0.30931732058525085,0.4754645824432373,0.3871309459209442,0.02411622367799282,0.052335575222969055,2472.674504555268,1590.599237311479,3644.539863923237,1894.2732017972316,0.028019977030947777,0.02250911855726516,72.78829225352112
gods_plan,0,11,11,none,smile,3,-280.8733825683594,79.2183609008789,182.8188018798828,42.876373291015625,-38.16082763671875,17.536968231201172,-22.77277374267578,35.846351623535156,-6.587844371795654,19.614364624023438,9.58765983581543,14.879026412963867,-32.62214279174805,9.214786529541016,-13.004408836364746,15.60146427154541,-21.0439453125,9.649720191955566,-16.826501846313477,9.6937255859375,-14.6782865524292,8.743070602416992,-15.694993019104004,7.933542728424072,-16.88224983215332,9.35932731628418,0.01869336888194084,5.603631973266602,0.0152656938880682,4.605696678161621,0.008976360782980919,1.9858577251434326,-0.012362322770059109,2.353663682937622,-0.001981210196390748,1.54171621799469,0.024257993325591087,1.6019225120544434,0.0029317738953977823,1.1648316383361816,-0.0009894028771668673,1.3294914960861206,0.012560301460325718,1.2924273014068604,0.020797090604901314,1.2580440044403076,0.0017754659056663513,1.2102656364440918,0.005210950039327145,1.1778080463409424,0.009163843467831612,1.3000508546829224,-0.02049356698989868,2.20727276802063,0.00879383273422718,1.9468978643417358,-0.0054393005557358265,0.9367178678512573,-0.0022878912277519703,1.032089352607727,0.013905839994549751,0.9194586277008057,-0.009825422428548336,0.9042733907699585,0.009024781174957752,0.7223200798034668,0.0029541878029704094,0.7571338415145874,-0.0036303477827459574,0.8005761504173279,0.0020055503118783236,0.6950641870498657,0.006586246658116579,0.6884780526161194,0.008930045180022717,0.7014462351799011,0.008386784233152866,0.7232043147087097,0.33744922280311584,0.23523856699466705,0.19038638472557068,0.15564502775669098,0.21521839499473572,0.2219003438949585,0.1912984549999237,0.12933626770973206,0.3002428114414215,0.26493674516677856,0.18982863426208496,0.12221073359251022,0.39036011695861816,0.2417128086090088,0.545214056968689,0.35642269253730774,0.383600115776062,0.19223260879516602,0.5710003972053528,0.3557548522949219,0.3734445571899414,0.18936705589294434,0.5644055604934692,0.3392825126647949,0.05139623209834099,0.0232576634734869,2163.633694446325,1111.0213842757994,2465.116136997189,1162.0037192874865,0.058646286590189875,0.034280715369229414,77.1338619402985
gods_plan,11,25,14,nod,neutral,2,-189.752197265625,80.84080505371094,123.30449676513672,34.151939392089844,-26.245601654052734,21.105995178222656,-0.20393970608711243,26.35631561279297,-18.341474533081055,18.09676742553711,8.495462417602539,16.485260009765625,-21.55293846130371,11.657620429992676,-12.93751335144043,11.692209243774414,-14.972395896911621,10.297884941101074,-8.319558143615723,10.443889617919922,-17.08745574951172,13.019083976745605,-15.335058212280273,9.182658195495605,-9.428643226623535,11.436347007751465,0.16889996826648712,9.742292404174805,-0.04620326682925224,5.485109329223633,-0.010236978530883789,3.010006904602051,0.06025070697069168,3.368784189224243,-0.02339598722755909,2.3952417373657227,0.004395796451717615,2.1636106967926025,0.04251356050372124,1.8263423442840576,0.04173445701599121,1.7968124151229858,0.012921427376568317,1.5511788129806519,0.028855616226792336,1.802002191543579,0.012540584430098534,1.6504151821136475,-0.006392719689756632,1.5731539726257324,0.022836443036794662,1.6749088764190674,-0.0011487134033814073,4.394222736358643,-0.003320943098515272,2.731597661972046,0.006917599122971296,1.6085913181304932,0.0010016165906563401,1.7082771062850952,-0.0036361541133373976,1.2843307256698608,0.002974311588332057,1.0774255990982056,-0.004259689245373011,1.0470495223999023,-0.0010167864384129643,0.9729411005973816,-0.001822032150812447,0.8806591033935547,0.004764346405863762,0.9414053559303284,0.0025205390993505716,0.9134441614151001,0.004264618270099163,0.8327714800834656,0.0006827950128354132,0.8973976373672485,0.29991844296455383,0.24901217222213745,0.24445605278015137,0.1944974958896637,0.3460554778575897,0.26300379633903503,0.3255902826786041,0.2739674746990204,0.28154468536376953,0.27073273062705994,0.23821546137332916,0.2015596330165863,0.4284261465072632,0.30695316195487976,0.4596223533153534,0.3697846531867981,0.3553425371646881,0.24739135801792145,0.4831406772136688,0.3558982014656067,0.32404565811157227,0.20694424211978912,0.45820894837379456,0.33489906787872314,0.08808896690607071,0.06781106442213058,3125.37788579812,1300.829813401051,3417.9617057914775,810.6608533602442,0.07497748885779436,0.052437778513886604,78.30255681818181
gods_plan,25,37,12,nod,neutral,3,-128.73788452148438,77.91288757324219,115.738037109375,40.12713623046875,-9.800561904907227,29.61432647705078,31.30703353881836,24.89237403869629,-12.440686225891113,21.861005783081055,34.344913482666016,18.308778762817383,-8.90418529510498,15.270539283752441,2.0460143089294434,12.951072692871094,-2.849128246307373,15.526448249816895,7.864131450653076,12.227556228637695,0.3563587963581085,12.178211212158203,1.107424020767212,12.574214935302734,-0.4809560775756836,11.419184684753418,-0.12274634838104248,14.715184211730957,-0.04849359393119812,8.353736877441406,0.05994730442762375,5.092350959777832,0.05327248200774193,4.709893703460693,0.0009412820800207555,4.572948932647705,0.02944701351225376,3.0021324157714844,0.0027017705142498016,2.1327178478240967,0.00887876283377409,1.9170665740966797,0.013516570441424847,1.7691929340362549,-0.009809243492782116,1.642869472503662,0.008753268979489803,1.9601407051086426,0.005218500271439552,1.991294026374817,-0.022357968613505363,1.6054052114486694,-0.020218929275870323,7.738512992858887,0.05433925241231918,4.802056312561035,0.004005202557891607,2.6646852493286133,-0.029889632016420364,2.579057455062866,0.03482290729880333,2.46915340423584,-0.036635857075452805,1.655769944190979,0.0034316766541451216,1.167396068572998,0.0026032268069684505,1.0832980871200562,0.013259561732411385,1.0477962493896484,0.00022911634005140513,0.9610751271247864,0.010607910342514515,1.0340524911880493,-0.011733007617294788,1.1770515441894531,0.0017305670771747828,1.0170848369598389,0.8108657002449036,0.25318166613578796,0.71879643201828,0.28686001896858215,0.636042058467865,0.30566492676734924,0.6071935892105103,0.29537469148635864,0.5625317692756653,0.2653428614139557,0.5173678398132324,0.266975462436676,0.46897968649864197,0.22395354509353638,0.5310523509979248,0.23310282826423645,0.5254244804382324,0.23064960539340973,0.5374382138252258,0.2194546014070511,0.6191347241401672,0.2575126886367798,0.6831985712051392,0.24290114641189575,0.2941519618034363,0.16651833057403564,3264.2288813912146,1757.5416075668506,3636.830231164499,957.9628696098421,0.0503543580754352,0.05344337702406789,77.1338619402985
gods_plan,37,49,12,sway,neutral,2,-158.12542724609375,91.3016586303711,125.44096374511719,43.14244842529297,-9.737566947937012,30.99618911743164,12.602886199951172,27.514671325683594,-16.59245491027832,24.958892822265625,21.57328224182129,19.74853515625,-6.956441879272461,14.716927528381348,-0.4812387228012085,14.715494155883789,-3.3555312156677246,18.277162551879883,8.171457290649414,13.64948558807373,0.6129935383796692,12.169224739074707,1.7023459672927856,12.107254981994629,-1.291290283203125,11.085299491882324,0.18654946982860565,15.713911056518555,-0.06553386896848679,9.297137260437012,-0.06085889786481857,5.314263820648193,0.013162470422685146,5.337713718414307,-0.07212171703577042,4.954156398773193,-0.021746795624494553,3.337103843688965,-0.030040839686989784,1.6467722654342651,0.007025818340480328,1.934793472290039,0.009235547855496407,2.051002264022827,0.012163305655121803,1.6505842208862305,-0.024276645854115486,1.8058714866638184,-0.010084331966936588,1.9171441793441772,-0.015141812153160572,1.7748388051986694,0.15630432963371277,8.486004829406738,-0.033994730561971664,5.2784223556518555,-0.031367089599370956,2.7735748291015625,0.002007554518058896,2.937028646469116,-0.026265455409884453,2.68640398979187,-0.019397946074604988,1.735849380493164,-0.014718304388225079,0.9363253116607666,-0.0015401513082906604,1.1269428730010986,-0.0021106956992298365,1.1302765607833862,0.0020034105982631445,0.9860344529151917,-0.006276924628764391,0.996374785900116,-0.0033022849820554256,1.1405019760131836,0.00461371848359704,0.9712368845939636,0.6626767516136169,0.32686635851860046,0.5780237317085266,0.321532279253006,0.55990070104599,0.30607983469963074,0.5459592342376709,0.2758922278881073,0.552403450012207,0.2708395719528198,0.47343653440475464,0.2402653992176056,0.5199090838432312,0.24648000299930573,0.5311885476112366,0.23398901522159576,0.537999153137207,0.22804903984069824,0.6014934182167053,0.25391286611557007,0.5806413888931274,0.27272894978523254,0.7325953245162964,0.2956526577472687,0.26163727045059204,0.18283942341804504,2962.1138617877214,1859.952501839979,3345.3883012729025,1178.0146060951088,0.05624867776837524,0.05524895642737202,77.1338619402985
gods_plan,49,63,14,nod,neutral,3,-175.18040466308594,90.85562133789062,142.9413604736328,40.06147384643555,-8.356100082397461,27.42197036743164,13.492936134338379,29.79950523376465,-0.3050893545150757,22.558656692504883,25.437910079956055,13.678709983825684,-2.6749963760375977,11.083338737487793,4.207581520080566,12.164165496826172,5.09525203704834,12.265525817871094,12.924072265625,11.312440872192383,5.976433277130127,12.525274276733398,4.497989654541016,10.103302955627441,2.3580679893493652,9.256126403808594,-0.2399149090051651,14.264780044555664,0.055949050933122635,7.626530647277832,0.05443306639790535,4.908210754394531,-0.06111947074532509,3.7982590198516846,0.025423068553209305,3.896522045135498,-0.009007560089230537,2.3657102584838867,-0.011303218081593513,1.7182633876800537,-0.03282459080219269,1.8221815824508667,-0.008958368562161922,1.6921947002410889,-0.010359589010477066,1.543972134590149,-0.009365174919366837,1.9601993560791016,-0.01685919426381588,1.5807621479034424,-0.021940069273114204,1.5267618894577026,0.05911155045032501,7.115032196044922,-0.011598699726164341,4.560765743255615,-0.016990376636385918,2.604102849960327,0.0031505622901022434,2.0611019134521484,0.002784260082989931,2.0490872859954834,0.0045968652702867985,1.3568768501281738,-0.0038091468159109354,1.019574761390686,0.004115133546292782,1.0343424081802368,0.004690113477408886,0.9935571551322937,-0.011018829420208931,0.965876579284668,-0.0011887289583683014,1.1251112222671509,0.0037129807751625776,0.9088296890258789,0.0025358267594128847,0.8781653642654419,0.601304292678833,0.23356817662715912,0.5857424139976501,0.2556568682193756,0.6484798192977905,0.26182910799980164,0.7114986181259155,0.25248587131500244,0.7341477870941162,0.2663106620311737,0.6597878932952881,0.25968480110168457,0.6991739869117737,0.24821709096431732,0.696027398109436,0.24087338149547577,0.5907204151153564,0.2048395574092865,0.618966817855835,0.24812056124210358,0.4911772906780243,0.1936616599559784,0.6195736527442932,0.23137983679771423,0.24395212531089783,0.1078663244843483,2217.040988178029,1652.0970922163956,2890.1954474619083,1278.5746952831332,0.02595583281509121,0.02584730683179689,151.99908088235293
gods_plan,63,86,23,nod,frown,2,-199.2084503173828,90.22021484375,160.50189208984375,42.563716888427734,-34.30742645263672,14.51797103881836,10.246978759765625,37.139522552490234,-3.3538615703582764,20.831716537475586,13.625836372375488,14.737719535827637,-21.10651397705078,17.829082489013672,-1.1992138624191284,17.386228561401367,-20.16478729248047,12.266657829284668,-3.771718978881836,15.229124069213867,-7.505306720733643,10.982163429260254,-5.7405171394348145,11.512920379638672,-8.374025344848633,10.8899507522583,0.10117799788713455,7.818694591522217,-0.050357237458229065,5.120545864105225,-0.0067709460854530334,2.153884172439575,0.03318605199456215,2.612046003341675,-0.005142258480191231,2.0039353370666504,0.001137251383624971,1.7766486406326294,0.01047404296696186,1.7212814092636108,0.0019038707250729203,1.4899464845657349,-0.00854249857366085,1.4406490325927734,0.01716851443052292,1.5140914916992188,0.009124099276959896,1.4169267416000366,0.003445128910243511,1.194032073020935,0.0063276211731135845,1.2744840383529663,0.01473446749150753,3.042189598083496,-0.0074350470677018166,2.274719476699829,0.007341464981436729,1.0898351669311523,0.00989165436476469,1.1831979751586914,-0.004361079074442387,1.053315281867981,-0.0002643904590513557,0.9622791409492493,0.002682492369785905,0.9036813974380493,0.0017041510436683893,0.8547061085700989,0.003632165724411607,0.8077080845832825,0.002559942426159978,0.8253777027130127,-0.0004579153610393405,0.7531882524490356,0.004058409947901964,0.7333872318267822,0.005363595671951771,0.7278731465339661,0.40341916680336,0.2661723792552948,0.2900397777557373,0.21872155368328094,0.319140762090683,0.251696914434433,0.2778114080429077,0.1973448544740677,0.3087359666824341,0.2472202181816101,0.2569918632507324,0.17186768352985382,0.41482147574424744,0.2510438561439514,0.5094318389892578,0.3287603259086609,0.42497164011001587,0.2110930234193802,0.593014121055603,0.33926963806152344,0.44401389360427856,0.20190565288066864,0.5964730978012085,0.3450819253921509,0.09101777523756027,0.04321577772498131,2621.880922300965,1254.0911160790508,3006.9132454351934,1027.086029031029,0.060814665978178604,0.0424100977399704,156.60511363636363
gods_plan,86,93,7,none,surprise,3,-191.83485412597656,122.2109603881836,109.82120513916016,46.93532180786133,-43.95281219482422,20.25356674194336,29.997058868408203,22.3177490234375,-17.556310653686523,23.822214126586914,6.673804759979248,22.521060943603516,-20.073020935058594,13.304596900939941,-5.567946434020996,14.54150104522705,-12.756559371948242,12.282974243164062,-2.045799970626831,14.5361967086792,-15.744797706604004,12.746094703674316,-5.774667739868164,10.63565444946289,-7.022037506103516,13.873526573181152,-0.19562536478042603,12.540288925170898,0.14535047113895416,6.434642791748047,0.051842860877513885,3.11487078666687,-0.03804431110620499,3.4098622798919678,-0.07332134246826172,3.3425676822662354,-0.04321331903338432,2.8934202194213867,0.01853043958544731,2.2876999378204346,0.05227066949009895,1.8021488189697266,0.033883485943078995,1.784935712814331,0.023000793531537056,2.0176842212677,-0.02090904302895069,1.7639704942703247,0.013099022209644318,1.928429365158081,-0.027513006702065468,2.1415698528289795,-0.0011643841862678528,5.532733917236328,-0.006785373669117689,3.164896011352539,0.0245199054479599,1.5863431692123413,-0.012727487832307816,1.5803275108337402,0.023128101602196693,1.5680055618286133,-0.016233598813414574,1.1560879945755005,0.012471904046833515,1.210516333580017,-0.0113033102825284,1.0452909469604492,-0.0071341306902468204,0.9752652645111084,0.009103049524128437,0.9785838723182678,0.0018889049533754587,0.9589919447898865,0.010980358347296715,0.9641934037208557,-0.0005650394014082849,1.0904117822647095,0.39928120374679565,0.27609166502952576,0.4315577745437622,0.30981531739234924,0.3414483070373535,0.23782876133918762,0.3327275514602661,0.22991041839122772,0.41575944423675537,0.3141587972640991,0.34062567353248596,0.2705545127391815,0.39486703276634216,0.3219594359397888,0.3844715356826782,0.33235830068588257,0.3162785768508911,0.2614575922489166,0.390539288520813,0.3096163272857666,0.35546213388442993,0.27873513102531433,0.4450201690196991,0.32656288146972656,0.09604565054178238,0.04979183152318001,3601.921371564989,1172.4999778133429,3624.027758466926,509.87454678042417,0.07987730617744611,0.05342234643204352,126.04801829268293
gods_plan,93,110,17,nod,frown,4,-128.33311462402344,81.08216094970703,115.23163604736328,40.963623046875,-17.600303649902344,31.12847137451172,31.716806411743164,26.797393798828125,-14.602095603942871,23.90032958984375,28.077333450317383,21.386690139770508,-5.8136725425720215,15.41714859008789,1.4343492984771729,15.286799430847168,0.8758595585823059,14.245741844177246,8.146456718444824,13.077492713928223,-2.932992458343506,14.774665832519531,3.9070096015930176,12.718985557556152,-0.1879870593547821,12.030730247497559,0.08802752941846848,16.45901107788086,-0.09227953106164932,8.534035682678223,0.01129655260592699,5.430258274078369,0.03250392526388168,5.109585762023926,0.019712161272764206,4.643625736236572,0.06370460987091064,3.227628707885742,0.0047678034752607346,2.275585651397705,0.008179198950529099,2.047830104827881,-0.0017713956767693162,2.0256688594818115,-0.011005391366779804,1.7103744745254517,0.0054059578105807304,1.9102452993392944,0.01868733949959278,2.0192389488220215,0.011868249624967575,1.8517982959747314,0.028407853096723557,8.134800910949707,-0.014199865981936455,4.727798938751221,0.0033731258008629084,2.72023606300354,-0.0030649257823824883,2.620884895324707,0.0006365766166709363,2.4778828620910645,0.0006450057262554765,1.7290310859680176,0.0016356507549062371,1.2115364074707031,-0.008530784398317337,1.0826880931854248,-0.0033574658446013927,1.1488057374954224,0.006179993040859699,0.9778977632522583,0.003927554469555616,1.0355403423309326,0.018205692991614342,1.1416386365890503,-0.0051178946159780025,1.0850566625595093,0.6483612060546875,0.33284419775009155,0.641223669052124,0.32090768218040466,0.6101184487342834,0.2985597848892212,0.559321403503418,0.27071788907051086,0.5742354989051819,0.2762541174888611,0.45777207612991333,0.2283475548028946,0.44795605540275574,0.23393802344799042,0.5276952385902405,0.25002095103263855,0.5526534914970398,0.2192183881998062,0.6365267038345337,0.251178503036499,0.6062434315681458,0.2717391550540924,0.6676980257034302,0.3239648938179016,0.3028999865055084,0.16702936589717865,3141.780572449472,1661.8514576788132,3515.139091130621,874.3694890540614,0.05111488107935153,0.05429686217203982,151.99908088235293
gods_plan,110,128,18,sway,neutral,3,-151.72723388671875,91.57870483398438,123.36054229736328,42.865333557128906,-13.022262573242188,30.034143447875977,23.501562118530273,30.689868927001953,-9.649496078491211,24.915069580078125,23.978496551513672,18.877553939819336,-5.9914021492004395,15.403858184814453,2.2152462005615234,14.234394073486328,2.489180564880371,14.94935417175293,10.367687225341797,12.477375984191895,0.9535614848136902,12.607131958007812,3.260432481765747,11.026182174682617,-0.5130777955055237,10.558830261230469,-0.10087708383798599,16.456798553466797,0.02930537238717079,8.647822380065918,0.011891938745975494,5.153309345245361,-0.024611037224531174,4.973174571990967,0.0017690701643005013,4.823416233062744,-0.0025161653757095337,3.0454163551330566,0.009962208569049835,2.0755748748779297,0.016187937930226326,2.0189788341522217,0.006131321657449007,1.9091713428497314,-0.006907069124281406,1.6304819583892822,0.0032770696561783552,1.936389446258545,-0.005018513184040785,1.9084692001342773,-0.006631442345678806,1.5842177867889404,-0.014910933561623096,8.62487506866455,-0.0008592679514549673,4.897712707519531,0.004655607044696808,2.6713602542877197,-0.006088951136916876,2.6482043266296387,0.008190208114683628,2.5612149238586426,0.0017145328456535935,1.6662392616271973,0.005684163421392441,1.0980937480926514,0.0011368809500709176,1.1351782083511353,0.00508857611566782,1.1119853258132935,-0.003011031076312065,0.9738597869873047,-0.0012858548434451222,1.0958750247955322,-0.0001493096788180992,1.1479049921035767,-0.00555768609046936,0.9620576500892639,0.7090446352958679,0.2894703447818756,0.6374808549880981,0.3123929500579834,0.6162356734275818,0.30213019251823425,0.6263816356658936,0.2911132872104645,0.6272144913673401,0.2601161003112793,0.6202138066291809,0.27136948704719543,0.5360134840011597,0.2522042989730835,0.5918291211128235,0.2482060343027115,0.5704433917999268,0.23157882690429688,0.5738495588302612,0.21208961308002472,0.6347895264625549,0.2415478676557541,0.6117068529129028,0.2595215141773224,0.27192357182502747,0.16772066056728363,2907.3356396101385,1806.4318330854426,3319.9280102074476,1103.4137540629056,0.04965514939958091,0.05370353525367985,77.1338619402985
gods_plan,128,137,9,nod,neutral,3,-168.87747192382812,95.2721176147461,145.7750244140625,45.31991958618164,-12.856941223144531,28.39679527282715,16.54709815979004,28.34779930114746,1.0964666604995728,24.020626068115234,24.449739456176758,15.195438385009766,-2.0942087173461914,10.82021713256836,7.9662981033325195,11.368077278137207,6.205001354217529,12.267213821411133,16.02130889892578,9.904349327087402,6.839113712310791,10.846656799316406,6.103066444396973,9.169784545898438,2.9149370193481445,8.859647750854492,-0.16228461265563965,15.211301803588867,0.04769100621342659,8.119789123535156,-0.00014464020205195993,5.120229721069336,-0.07475496083498001,3.791978359222412,0.018726250156760216,3.9728426933288574,-0.04563868045806885,2.6873762607574463,-0.02610369771718979,1.833330750465393,-0.03664177656173706,2.031430721282959,-0.022848788648843765,1.8751343488693237,-0.016689933836460114,1.6555370092391968,-0.018214402720332146,2.0583343505859375,-0.020229464396834373,1.635513186454773,-0.02053213305771351,1.513694167137146,-0.05299387872219086,7.510364055633545,-0.008753975853323936,4.529199123382568,0.05743826553225517,2.8386824131011963,0.0011869558366015553,1.986419677734375,0.02550402842462063,2.0919642448425293,0.004440565127879381,1.4128056764602661,0.003471232019364834,1.0248513221740723,0.011157244443893433,1.1166476011276245,0.0034565820824354887,1.1040995121002197,0.021296707913279533,1.031350016593933,0.0013651663903146982,1.103711485862732,0.005588643252849579,0.972232460975647,-6.569353718077764e-05,0.9078946113586426,0.6333383917808533,0.2343205213546753,0.6005494594573975,0.2161160111427307,0.665885865688324,0.23325267434120178,0.74701327085495,0.2178058624267578,0.7901871800422668,0.21415305137634277,0.7520920038223267,0.24165751039981842,0.7252478003501892,0.23271022737026215,0.7599210739135742,0.2218800187110901,0.6699812412261963,0.21393540501594543,0.6736236214637756,0.21179845929145813,0.5925480723381042,0.19905497133731842,0.5584003925323486,0.2057913839817047,0.2501225471496582,0.0879632905125618,2259.9140279731814,1713.0618130190214,2877.9657947307496,1291.9325203066453,0.026652857200386598,0.026998440064411666,151.99908088235293
gods_plan,137,160,23,sway,thoughtful,2,-195.10305786132812,85.71589660644531,156.0349884033203,41.94956970214844,-35.76250457763672,12.765944480895996,13.161800384521484,35.68439483642578,-5.497987270355225,18.928329467773438,15.42070484161377,15.500089645385742,-20.947738647460938,16.346492767333984,-1.9956001043319702,17.0677433013916,-17.888240814208984,10.937434196472168,-1.9219841957092285,13.914965629577637,-10.109247207641602,11.157121658325195,-5.280925750732422,10.636563301086426,-9.338866233825684,10.880455017089844,0.027636192739009857,8.339735984802246,-0.0005466584116220474,5.522213459014893,-0.009380190633237362,2.0720624923706055,0.02564799226820469,2.9652421474456787,0.01135835237801075,2.042426824569702,-0.005815662909299135,1.9090203046798706,0.01134997047483921,1.7724601030349731,0.01507312711328268,1.4723882675170898,0.010434063151478767,1.4169827699661255,0.018187355250120163,1.535194993019104,0.00695233466103673,1.405172348022461,0.020128706470131874,1.2429747581481934,0.011086195707321167,1.308491587638855,0.02062782272696495,3.2908687591552734,-0.004911812487989664,2.5353169441223145,0.011091282591223717,1.040144443511963,0.006313369143754244,1.3765846490859985,0.0019449035171419382,1.0581415891647339,0.00719859404489398,0.9586687684059143,0.0017172528896480799,0.9664900302886963,0.004242784343659878,0.8092783689498901,0.0032909230794757605,0.7946375012397766,-0.001932947663590312,0.8193225860595703,0.0024658911861479282,0.7301324605941772,-0.001316152629442513,0.7252288460731506,0.0030034861993044615,0.7494702339172363,0.40461817383766174,0.26380279660224915,0.286056250333786,0.21266408264636993,0.3111158013343811,0.25107860565185547,0.27338138222694397,0.18756291270256042,0.30555903911590576,0.23739467561244965,0.25582194328308105,0.16468273103237152,0.4272937476634979,0.24888207018375397,0.5561977624893188,0.3376787006855011,0.44372597336769104,0.22260373830795288,0.5737009048461914,0.3342631161212921,0.4417281746864319,0.22245356440544128,0.5827251672744751,0.3351772427558899,0.08907651156187057,0.04178638383746147,2727.660622216074,1221.605760998515,3190.8481030937546,826.3600569267018,0.06151974213231584,0.04446857211813243,151.99908088235293
gods_plan,160,198,38,nod,neutral,3,-255.4757537841797,101.50638580322266,118.80209350585938,51.206199645996094,-4.7391228675842285,27.034076690673828,-10.651315689086914,31.46466064453125,-8.726176261901855,25.821470260620117,14.830244064331055,19.941673278808594,-12.07315731048584,12.67298412322998,-14.657729148864746,15.071175575256348,-2.344614028930664,15.093724250793457,1.86293363571167,13.211068153381348,-5.173131465911865,11.588236808776855,-4.4583353996276855,12.813760757446289,-9.67336654663086,10.150674819946289,-0.07538071274757385,16.08429527282715,-0.051599882543087006,9.83035659790039,0.0077919433824718,4.429903984069824,-0.0023762527853250504,6.692358493804932,-0.00876675546169281,5.793735504150391,-0.00030842769774608314,3.1138463020324707,-0.0018294781912118196,1.335821509361267,-0.0022847368381917477,1.62152898311615,-0.0027087382040917873,1.551730751991272,-0.002180269919335842,1.294136643409729,0.0007109976722858846,1.416803002357483,-0.0005866786232218146,1.5275030136108398,-0.0009917460847645998,1.2996339797973633,-0.003215915523469448,8.83169174194336,-0.0020505827851593494,5.3973588943481445,0.0005007046274840832,2.2711851596832275,-3.418896085349843e-05,3.5136125087738037,0.0008622450986877084,3.006145477294922,0.0014485818101093173,1.5462948083877563,-0.0007464256486855447,0.7461998462677002,-0.000730565341655165,0.9401273131370544,-2.11297556234058e-05,1.0625219345092773,-0.0008526535821147263,0.8158223032951355,0.00018391488993074745,0.7798994183540344,0.000562915753107518,0.9240614771842957,-0.0004691195790655911,0.7661535739898682,0.4876514971256256,0.33838552236557007,0.3844032883644104,0.3358812928199768,0.39207544922828674,0.33620843291282654,0.3520621955394745,0.2917003333568573,0.42199528217315674,0.3104586899280548,0.31765827536582947,0.24511493742465973,0.4594966769218445,0.2566077709197998,0.5476497411727905,0.3023906946182251,0.4871516823768616,0.22145846486091614,0.6516522169113159,0.29858705401420593,0.48542165756225586,0.2705714702606201,0.6201359629631042,0.32427695393562317,0.14060954749584198,0.17899225652217865,2242.150362561882,1845.5195085280466,2354.9211504627046,1180.0342461423345,0.05647090476099573,0.0503588714175075,77.1338619402985
heat_waves,0,17,17,none,thoughtful,3,-451.18548583984375,58.07270431518555,187.7711181640625,36.41448974609375,-7.102603912353516,37.047794342041016,-11.211809158325195,32.354469299316406,2.35794734954834,18.744556427001953,-7.819421768188477,14.15140438079834,-16.520153045654297,18.893373489379883,-20.55229377746582,13.017874717712402,-11.098387718200684,9.342329978942871,-18.171823501586914,11.717087745666504,-22.1175537109375,11.001296043395996,-9.117472648620605,8.20235538482666,-8.787378311157227,10.084487915039062,0.1421768069267273,12.160208702087402,0.07082463055849075,7.131641387939453,-0.007849316112697124,7.649801254272461,0.038653064519166946,7.209204196929932,0.007552708499133587,3.7274434566497803,0.0016522782389074564,2.631166696548462,0.006619964260607958,3.9711122512817383,-0.013946293853223324,2.290231704711914,-0.00381294428370893,1.5269955396652222,-0.004569302778691053,1.9066094160079956,-0.015314760617911816,1.6787132024765015,-0.006529346574097872,1.2883036136627197,-0.0041704061441123486,1.560434103012085,-0.12139932066202164,7.029466152191162,-0.046511318534612656,3.95125412940979,0.024780966341495514,4.366973400115967,-0.035039640963077545,4.4242167472839355,0.006047507748007774,2.116605281829834,0.012426929548382759,1.4614721536636353,-0.014171295799314976,2.256779670715332,0.006637828424572945,1.2799142599105835,0.0002243735216325149,0.8756145238876343,-0.001196129946038127,0.9958798885345459,0.007226369343698025,0.8467749357223511,-0.0037234765477478504,0.858515739440918,0.004288309719413519,0.8697477579116821,0.398729145526886,0.28467240929603577,0.43547654151916504,0.40615934133529663,0.24020087718963623,0.23905958235263824,0.1758609563112259,0.26301437616348267,0.1765272468328476,0.27303028106689453,0.1450888216495514,0.19091348350048065,0.21163898706436157,0.2795960605144501,0.22192585468292236,0.27706876397132874,0.28232264518737793,0.3578554689884186,0.2271295040845871,0.2685893476009369,0.3471013903617859,0.31512439250946045,0.4810793399810791,0.3954838812351227,0.024203861132264137,0.010255583561956882,1191.883417703568,647.5283786019685,1609.3910448117747,631.749803010423,0.029542848762798633,0.014844637101187323,80.74951171875
heat_waves,17,42,25,nod,oh,2,-190.3250274658203,97.13726806640625,154.9630584716797,47.711769104003906,31.622642517089844,39.66841506958008,44.2115478515625,22.126184463500977,10.398454666137695,21.89560890197754,28.458459854125977,15.974716186523438,12.586235046386719,11.665239334106445,9.118293762207031,11.039745330810547,5.273543357849121,9.173868179321289,9.288519859313965,8.989474296569824,1.6508318185806274,7.556922435760498,6.20091438293457,7.312921524047852,-2.866262674331665,7.596832275390625,0.16528081893920898,18.90440559387207,-0.012063964270055294,9.783080101013184,0.006026542279869318,5.717158317565918,0.016832344233989716,4.513108730316162,-0.008848127909004688,5.106894016265869,0.028615767136216164,3.233039379119873,0.004143017344176769,2.4441611766815186,0.020663399249315262,1.959903359413147,0.013326077722012997,1.844046711921692,0.01673477701842785,1.7794734239578247,0.012612747959792614,1.4234511852264404,0.012000096961855888,1.2938787937164307,0.008854501880705357,1.2687495946884155,-2.6098976377397776e-05,9.78435230255127,-0.0029148589819669724,5.577591419219971,-0.011946003884077072,2.63446044921875,-0.005849519278854132,2.4051339626312256,0.0002573977690190077,2.8689839839935303,-0.0012757665244862437,1.9554585218429565,0.00024090835358947515,1.5151035785675049,-0.0008336665341630578,1.172695279121399,0.0009646685793995857,1.2903428077697754,-0.0007058418705128133,1.1861348152160645,-0.0014048822922632098,0.9218549132347107,0.0015908413333818316,0.7447810769081116,0.0024719983339309692,0.7042023539543152,0.6656040549278259,0.23172321915626526,0.6285249590873718,0.2515629827976227,0.6509820222854614,0.26104092597961426,0.6515905857086182,0.2519165575504303,0.6121484637260437,0.25647711753845215,0.590025782585144,0.24635761976242065,0.5934923887252808,0.2514798641204834,0.5698436498641968,0.2267109751701355,0.6078307032585144,0.27290934324264526,0.6181068420410156,0.20510095357894897,0.6862387657165527,0.204327791929245,0.7152158617973328,0.22043658792972565,0.3294151723384857,0.1537664830684662,1700.346951496179,1648.904157387477,2470.3790740958143,1506.634276506346,0.023261591805942432,0.026734621505278337,80.74951171875
heat_waves,42,56,14,shake,big smile,4,-71.31140899658203,54.814876556396484,130.79319763183594,31.600854873657227,7.444244384765625,21.6630802154541,48.46877670288086,18.96904754638672,-8.08796215057373,17.051856994628906,34.502113342285156,12.817718505859375,-3.3185935020446777,9.34482192993164,12.657233238220215,10.55357551574707,4.902044773101807,8.432497024536133,7.350528240203857,9.902111053466797,-3.3402481079101562,8.173983573913574,5.378961086273193,8.222125053405762,1.7263201475143433,7.381009578704834,-0.100290946662426,10.600625038146973,0.10232003778219223,5.923548221588135,-0.01909114047884941,3.6376893520355225,-0.025359565392136574,2.7588329315185547,-0.0009390860795974731,2.6024723052978516,-0.0273517407476902,2.126309871673584,-0.0014428048161789775,1.5837018489837646,-0.006962689105421305,1.727159857749939,0.01557006686925888,1.462888479232788,-0.019536452367901802,1.522107720375061,0.002398985903710127,1.4881089925765991,-0.014495517127215862,1.3309756517410278,-0.003593354718759656,1.2044247388839722,-0.019197730347514153,5.260653495788574,-0.0013505269307643175,3.169647216796875,0.005811543203890324,1.7997061014175415,-0.003811430651694536,1.3674440383911133,0.008009346202015877,1.3988747596740723,8.111371425911784e-05,1.168104648590088,-0.0007813858683221042,0.9301995038986206,-0.0013490153942257166,0.9112040996551514,0.007618349976837635,0.9168637990951538,0.00020448326540645212,0.858081042766571,0.005083923693746328,0.9090317487716675,-0.005119019187986851,0.7612024545669556,0.0010925522074103355,0.7608544230461121,0.5934736728668213,0.24263769388198853,0.625171959400177,0.3029404580593109,0.5267618298530579,0.27136775851249695,0.5078663229942322,0.301941841840744,0.45620566606521606,0.29406559467315674,0.4279346764087677,0.28159675002098083,0.4394523799419403,0.2771865129470825,0.4228537976741791,0.2668485641479492,0.480123907327652,0.30192798376083374,0.4571060538291931,0.27851781249046326,0.5553804636001587,0.27460581064224243,0.6333797574043274,0.28903692960739136,0.3913957476615906,0.10945046693086624,2883.0931414046454,1282.9972547710806,3863.536043906496,778.0487728016489,0.04223187448175788,0.031032066134542565,161.4990234375
heat_waves,56,65,9,none,thoughtful,3,-80.77154541015625,55.396636962890625,135.6039581298828,32.84218215942383,3.8949811458587646,21.192533493041992,48.003482818603516,19.281490325927734,-3.6866097450256348,16.7440242767334,32.76332473754883,14.092724800109863,-5.589399337768555,9.689580917358398,10.293606758117676,10.776044845581055,6.508783340454102,8.940511703491211,8.102665901184082,9.129274368286133,-0.578287661075592,9.50021743774414,4.690955638885498,8.295912742614746,-1.9207115173339844,7.3941497802734375,0.15628305077552795,10.755024909973145,-0.05003783106803894,5.911673545837402,-0.05095929279923439,3.446760654449463,-0.02059292048215866,2.478001356124878,-0.026812490075826645,2.5985586643218994,0.05285078287124634,2.143813371658325,0.010205557569861412,1.546118140220642,0.006008861120790243,1.8268743753433228,-0.008403674699366093,1.5585957765579224,-0.008335143327713013,1.5228081941604614,-0.03725456818938255,1.7197617292404175,0.03492020443081856,1.479053020477295,-0.001405527931638062,1.2085858583450317,0.03386988118290901,5.507458686828613,-0.023841097950935364,3.2013978958129883,0.01564844325184822,1.640321969985962,-0.006699548102915287,1.265275478363037,-7.476266182493418e-05,1.4977903366088867,0.011020832695066929,1.1696007251739502,0.001859326963312924,0.8866097331047058,0.00020455761114135385,0.9546166658401489,-0.014391830191016197,0.9395020008087158,0.0017801360227167606,0.9753625392913818,-0.014302326366305351,1.11528480052948,0.008312263526022434,0.8747863173484802,0.00503632752224803,0.6988987326622009,0.592862069606781,0.25114673376083374,0.6364477276802063,0.32164642214775085,0.5121839046478271,0.27540045976638794,0.46360093355178833,0.30401724576950073,0.39039379358291626,0.2853670120239258,0.3522416055202484,0.26745274662971497,0.35151416063308716,0.26861661672592163,0.3519638180732727,0.26575779914855957,0.43725836277008057,0.3072073459625244,0.42689135670661926,0.2924982011318207,0.5121139287948608,0.28023216128349304,0.6387599110603333,0.3192305862903595,0.3716525137424469,0.10856075584888458,2703.3666542177543,1304.9684083384311,3695.2543445376086,807.073132980631,0.041770069869523196,0.034193933954014266,107.666015625
heat_waves,65,76,11,none,smile,3,-128.608642578125,71.43943786621094,130.9090576171875,35.75884246826172,26.982099533081055,26.44740867614746,50.367733001708984,20.42694091796875,4.841937065124512,19.289209365844727,32.30985641479492,12.488059043884277,5.915421009063721,11.948993682861328,3.9182918071746826,14.375519752502441,6.397852420806885,10.143716812133789,12.363521575927734,9.019661903381348,-5.923798084259033,8.348394393920898,7.777041435241699,9.210920333862305,0.3814902901649475,7.775819778442383,-0.07390131801366806,13.01669692993164,0.042426303029060364,6.517113208770752,0.06557667255401611,4.092929363250732,0.040231309831142426,3.072540283203125,0.020622076466679573,3.3487162590026855,-0.007449406664818525,1.9793654680252075,-0.023870375007390976,2.0649099349975586,-0.00898746121674776,2.269435405731201,0.012069134041666985,1.6644328832626343,0.004684557672590017,1.3987051248550415,0.012362834997475147,1.3762187957763672,-0.004914246033877134,1.5561045408248901,0.004346433095633984,1.3983291387557983,-0.007098737172782421,6.192535877227783,-0.017926370725035667,3.278067111968994,0.0032739327289164066,1.837935447692871,-0.007107358425855637,1.7520164251327515,0.013601467944681644,1.776757001876831,0.0008894602651707828,1.111136794090271,0.010068668983876705,1.2174400091171265,0.006076578516513109,1.0721337795257568,0.006408447865396738,1.0422543287277222,0.0003509161761030555,0.8424268960952759,-0.003494591685011983,0.8323110938072205,-0.0021264974493533373,0.8128605484962463,0.0017788022523745894,0.8297232985496521,0.7311645746231079,0.2078942209482193,0.7025699019432068,0.2935030162334442,0.5452532768249512,0.28499677777290344,0.4732617437839508,0.30694645643234253,0.4377218782901764,0.3037755489349365,0.40885981917381287,0.2819581925868988,0.40047720074653625,0.2753210961818695,0.38190758228302,0.2642492353916168,0.4095103442668915,0.2689875662326813,0.4378565549850464,0.2527463734149933,0.5483837723731995,0.2620745301246643,0.6824341416358948,0.27082234621047974,0.3626627027988434,0.13908611238002777,2533.177710041106,1562.6766554018566,3748.9937548785333,1029.516033941477,0.03495022415611814,0.03965041050240382,161.4990234375
heat_waves,76,118,42,nod,"smile, frown",2,-105.39646911621094,72.4220199584961,125.90771484375,37.055816650390625,17.400867462158203,27.844192504882812,47.07527160644531,18.47254753112793,0.6242457032203674,18.894990921020508,32.8970947265625,14.639933586120605,2.7868871688842773,13.772745132446289,9.841581344604492,13.03437614440918,7.094039440155029,11.11491870880127,11.00722599029541,10.672597885131836,-4.89856481552124,8.43699836730957,7.267491817474365,9.367219924926758,0.5673460364341736,8.919532775878906,-0.04194078594446182,13.141875267028809,0.005354498978704214,6.184027671813965,0.012002523057162762,4.509661674499512,-0.0005944264121353626,2.8436367511749268,-0.003945276141166687,2.809319496154785,0.0021582997869700193,2.1133432388305664,0.003674569772556424,1.9464119672775269,0.000941388076171279,2.0083632469177246,-0.00048064105794765055,1.768842339515686,-0.000944924948271364,1.5502883195877075,0.0007461808272637427,1.4366587400436401,0.0011093064676970243,1.47478187084198,7.376188295893371e-05,1.405966877937317,0.031977854669094086,6.810890197753906,-0.013665327802300453,3.2681379318237305,-0.003793897805735469,2.092319965362549,-0.0024392278864979744,1.497894287109375,-0.005700881592929363,1.5866315364837646,-0.003210370894521475,1.1740578413009644,-6.533710256917402e-05,1.115803837776184,0.002392501337453723,1.053929090499878,0.0010829550446942449,1.049896001815796,-0.0023732399567961693,0.9329171180725098,-0.001830084715038538,0.8959487676620483,-0.0013993425527587533,0.8367513418197632,-0.0007958861533552408,0.8139491081237793,0.5748307704925537,0.2638740837574005,0.648005485534668,0.30101877450942993,0.5790693163871765,0.2703295946121216,0.5467308163642883,0.3134540021419525,0.4934869408607483,0.31021809577941895,0.4363270699977875,0.28718823194503784,0.42219415307044983,0.28365376591682434,0.39891403913497925,0.2688562870025635,0.43425115942955017,0.28952839970588684,0.44254666566848755,0.28648024797439575,0.4970664083957672,0.26974648237228394,0.5607823729515076,0.28499290347099304,0.36377084255218506,0.1328260600566864,2800.685416743669,1443.3239484181101,3932.0774527447707,922.0566187307942,0.03879487652881426,0.035686659867027626,80.74951171875
heat_waves,118,124,6,none,surprise,3,-179.62744140625,64.84185028076172,125.04513549804688,31.303890228271484,1.0346887111663818,31.328350067138672,17.02353286743164,20.981754302978516,-24.674564361572266,18.603416442871094,1.1255024671554565,14.197904586791992,-14.008020401000977,13.669440269470215,-13.666566848754883,20.106138229370117,-6.442147731781006,13.346762657165527,-5.793041706085205,13.879846572875977,-24.97783851623535,12.743295669555664,-7.449071884155273,11.159070014953613,-20.37684440612793,9.471928596496582,0.07411187142133713,10.035913467407227,0.08747062087059021,5.660229206085205,-0.16323307156562805,3.6569385528564453,-0.003166350070387125,2.707530975341797,-0.027700530365109444,2.720576763153076,-0.0198962539434433,2.077705144882202,-0.057734861969947815,1.6257933378219604,-0.16250485181808472,2.0055458545684814,-0.08900290727615356,1.4789458513259888,-0.05328407883644104,1.6622228622436523,-0.10343246906995773,1.7041468620300293,-0.03425832837820053,1.7535114288330078,-0.06336940079927444,1.4581718444824219,-0.003923678305000067,4.591459274291992,0.07660552859306335,2.7625365257263184,0.04739244282245636,1.5739696025848389,0.0008934812503866851,1.2906006574630737,0.02424507960677147,1.2030417919158936,0.005870611872524023,1.0157209634780884,0.003912253770977259,0.8242725729942322,-0.0191529281437397,1.070227026939392,-0.01940455660223961,0.9319209456443787,-0.014853460714221,0.8285435438156128,-0.014276914298534393,0.8903753161430359,-0.011836188845336437,0.8325097560882568,-0.013940516859292984,0.8477327823638916,0.32111844420433044,0.2934148609638214,0.32970720529556274,0.3488939702510834,0.3160021901130676,0.2845436632633209,0.4012768268585205,0.3802780210971832,0.34840840101242065,0.3408048152923584,0.20100796222686768,0.24197958409786224,0.1815151870250702,0.26665031909942627,0.16517332196235657,0.1666620671749115,0.24813568592071533,0.33006519079208374,0.21244095265865326,0.23016321659088135,0.3580363690853119,0.3172091543674469,0.41094473004341125,0.3619006872177124,0.16251902282238007,0.06312982738018036,2894.669996623893,1243.7837575159692,3927.587161211368,860.2123785934463,0.04747661538926499,0.03841741493248716,86.1328125
heat_waves,124,149,25,nod,"smile, frown",2,-68.8643798828125,54.6558837890625,141.8577423095703,33.34786605834961,0.3822546899318695,22.132980346679688,42.18159484863281,17.823501586914062,-8.396988868713379,14.75556468963623,28.523639678955078,15.03062915802002,-5.499302864074707,9.703898429870605,10.355220794677734,11.70500659942627,3.2336292266845703,9.044713973999023,4.710253715515137,9.149381637573242,-3.2768826484680176,8.894195556640625,4.180051326751709,7.943648338317871,0.09733299911022186,8.287822723388672,-0.0021219279151409864,9.865224838256836,0.01588749885559082,6.120898246765137,-0.004169194959104061,3.343841075897217,-0.00805268157273531,2.4408929347991943,0.0012431113282218575,2.467198371887207,0.00461322208866477,1.9865585565567017,0.00023556264932267368,1.5729504823684692,0.02440054900944233,1.655744194984436,0.015815390273928642,1.4270355701446533,-0.0028841588646173477,1.4153757095336914,0.02319609560072422,1.4896212816238403,-0.0018657960463315248,1.3114042282104492,-6.244220276130363e-05,1.2234317064285278,0.004066918045282364,4.972062587738037,0.005604400299489498,3.265026330947876,0.006440038792788982,1.669210433959961,0.0020855898037552834,1.2915899753570557,0.0012634329032152891,1.4098620414733887,0.0045570507645606995,1.169136643409729,0.004368555266410112,0.864370584487915,0.0018706928240135312,0.9118112921714783,0.005629463121294975,0.8632610440254211,0.003051523584872484,0.8971871733665466,0.0025183584075421095,0.9174740314483643,0.007671854924410582,0.7955045104026794,0.00494906771928072,0.7356050610542297,0.5795914530754089,0.2544321119785309,0.6129029393196106,0.31949207186698914,0.5092357993125916,0.2729990780353546,0.4926029145717621,0.30740252137184143,0.42090415954589844,0.28868165612220764,0.3923740088939667,0.27800801396369934,0.4056414067745209,0.2767840325832367,0.3801322877407074,0.2542763948440552,0.4597913324832916,0.3086620271205902,0.43151187896728516,0.28058329224586487,0.5263891816139221,0.273250937461853,0.6334524750709534,0.3026537001132965,0.375212699174881,0.11480825394392014,2695.510530809073,1230.7763024923445,3649.4257176508786,849.5848913312359,0.04137514870589601,0.029870265215262218,80.74951171875
heat_waves,149,172,23,nod,smile,1,-190.406982421875,64.78832244873047,186.46099853515625,30.492963790893555,-36.192893981933594,27.198984146118164,29.936325073242188,22.792707443237305,-2.5149714946746826,16.72939109802246,7.205330848693848,12.416387557983398,2.409416675567627,10.674110412597656,-10.29127311706543,14.259495735168457,3.0828864574432373,10.109383583068848,-0.5469160079956055,10.101358413696289,-9.184206008911133,8.433429718017578,-1.2954672574996948,8.576523780822754,-5.172915458679199,7.81134557723999,0.06480872631072998,7.05468225479126,0.008414353244006634,5.01492977142334,-0.0020766628440469503,3.801297187805176,-0.01065756194293499,3.7808945178985596,-0.0114784250035882,2.541891098022461,-0.0006822225986979902,1.751409888267517,-0.009875689633190632,1.6525870561599731,0.006793259643018246,1.74380624294281,0.013770971447229385,1.5523157119750977,-0.0019946026150137186,1.420703411102295,-0.008278092369437218,1.266748309135437,0.010648134164512157,1.217573881149292,0.00817945133894682,1.2466964721679688,0.0015970243839547038,3.286829948425293,0.00693267909809947,2.086278200149536,0.010629471391439438,1.8748459815979004,-0.015245950780808926,1.8080369234085083,0.00021056739205960184,1.2514753341674805,0.007409350480884314,0.8897125720977783,-0.004839230328798294,0.8582971096038818,0.002454589819535613,0.8703158497810364,0.0024181483313441277,0.8291457295417786,-0.0007325045298784971,0.7904817461967468,0.00387286557815969,0.7236346006393433,0.004814432002604008,0.7550029158592224,-0.0002770960272755474,0.7435564398765564,0.3778286278247833,0.26176488399505615,0.36355680227279663,0.3063301146030426,0.36280378699302673,0.2342897355556488,0.48561424016952515,0.30648937821388245,0.4625367820262909,0.30611270666122437,0.39654141664505005,0.27196693420410156,0.4254998564720154,0.28862011432647705,0.3962465226650238,0.2573811411857605,0.44571346044540405,0.3108978569507599,0.39339372515678406,0.2660597264766693,0.512054979801178,0.3021771013736725,0.5191951394081116,0.3137458860874176,0.1341933161020279,0.051526989787817,1794.8702742710416,856.7447180748915,2176.368945305604,647.6015176114871,0.045814675832492435,0.028872595894609533,172.265625
heat_waves,172,174,2,none,oh,3,-340.5540466308594,143.03289794921875,143.68994140625,41.05205154418945,3.499349355697632,34.05068588256836,-6.526599884033203,19.177385330200195,-10.937248229980469,10.262125015258789,-7.113450050354004,8.875740051269531,4.565819263458252,5.5410027503967285,8.572893142700195,4.687370300292969,-0.5966722965240479,4.7111053466796875,-10.814396858215332,6.15640115737915,-14.820298194885254,5.725397109985352,-8.697610855102539,5.237381458282471,0.8257763981819153,4.348055362701416,-2.533051013946533,3.75148606300354,-0.6453688740730286,1.5135798454284668,0.4292437732219696,1.1839255094528198,-0.21048691868782043,1.1550248861312866,-0.012621135450899601,0.9880651831626892,-0.018821487203240395,1.2678629159927368,0.020837197080254555,0.7726052403450012,-0.0021594534628093243,0.6150466799736023,-0.06152023375034332,0.6233815550804138,-0.13957729935646057,0.8089445233345032,-0.07998022437095642,0.665989875793457,-0.0956057757139206,0.5114303231239319,-0.033577386289834976,0.6871070861816406,-0.056184351444244385,1.1188820600509644,0.02774864062666893,0.7201812267303467,0.0021956353448331356,0.5599365830421448,0.012979183346033096,0.6198660731315613,0.01424946915358305,0.6189038753509521,0.014507044106721878,0.5688162446022034,0.017479518428444862,0.5299173593521118,0.0009059843723662198,0.446585088968277,-0.0024559078738093376,0.4178401231765747,-0.008279558271169662,0.5195640325546265,-0.0002369494759477675,0.5265060663223267,0.022190403193235397,0.4137013256549835,0.03319019079208374,0.4491167366504669,0.33259424567222595,0.23521661758422852,0.16585344076156616,0.18673230707645416,0.32078224420547485,0.2000068575143814,0.8208115696907043,0.29179397225379944,0.431513249874115,0.2298261970281601,0.11619122326374054,0.11750209331512451,0.19091299176216125,0.18754643201828003,0.10340738296508789,0.09093844145536423,0.07411815971136093,0.12531155347824097,0.11484789103269577,0.18022063374519348,0.25385770201683044,0.21110913157463074,0.48128169775009155,0.32944607734680176,0.06025025621056557,0.097459577023983,1808.14369542506,504.57716267185964,2835.8984144043648,1015.2028746048762,0.043694115787572256,0.007662459239665908,287.109375
heat_waves,174,183,9,nod,big smile,5,-108.45281219482422,134.4389190673828,121.79691314697266,48.292724609375,8.142802238464355,20.75006675720215,42.65338134765625,21.59795379638672,-8.780510902404785,14.505678176879883,28.381744384765625,15.265390396118164,-5.373842239379883,9.248438835144043,8.62987995147705,9.612384796142578,2.096567153930664,7.537968635559082,3.966595411300659,9.144094467163086,-3.9636476039886475,7.361574649810791,4.757236003875732,8.228484153747559,0.7616278529167175,7.616015434265137,0.4512377083301544,10.437284469604492,0.1756340116262436,5.800548553466797,0.011553863063454628,3.4406392574310303,0.03564169630408287,2.4373226165771484,-0.001671376870945096,2.22542142868042,0.022814948111772537,1.803483486175537,-0.0012239033821970224,1.4242197275161743,0.0018073676619678736,1.501466155052185,0.018923994153738022,1.3470505475997925,0.022234907373785973,1.2463198900222778,0.02638937719166279,1.3827186822891235,0.02559995837509632,1.3136357069015503,0.01835736446082592,1.1763863563537598,0.005949691403657198,4.976073265075684,-0.01656375266611576,2.9276556968688965,0.011326371692121029,1.6021130084991455,-0.006832651328295469,1.2678124904632568,0.016384346410632133,1.2472456693649292,-0.015481926500797272,1.0220214128494263,0.011502236127853394,0.8184614181518555,0.010216827504336834,0.8385598063468933,-0.00012419365521054715,0.8347092866897583,0.007394697051495314,0.7844632267951965,-0.002020779065787792,0.8561972975730896,-0.005705405957996845,0.7760306000709534,0.00048795511247590184,0.6952068209648132,0.5696524381637573,0.24936144053936005,0.5514014959335327,0.31728947162628174,0.5372363328933716,0.2681487798690796,0.5907770395278931,0.3231651186943054,0.46509748697280884,0.2945798933506012,0.37997445464134216,0.26561883091926575,0.3960801064968109,0.25968050956726074,0.3626021444797516,0.23110318183898926,0.43652594089508057,0.3002784252166748,0.42433440685272217,0.2624065577983856,0.5111318230628967,0.23610743880271912,0.6262105703353882,0.28032541275024414,0.330620139837265,0.1529756635427475,3180.7992359999976,1572.5064111052795,4096.057439431943,1171.5681252944694,0.05006581729220361,0.0383368870564588,161.4990234375
heat_waves,183,210,27,shake,big smile,4,-87.31909942626953,62.57371520996094,156.32928466796875,39.26456069946289,0.3430830240249634,21.365280151367188,41.59851837158203,16.012737274169922,-2.7522499561309814,18.332544326782227,27.275123596191406,14.757400512695312,0.05592457577586174,13.281363487243652,8.880287170410156,10.260202407836914,5.94279670715332,9.091278076171875,6.797095775604248,8.202651977539062,-1.2880916595458984,8.495875358581543,5.524367809295654,7.206000804901123,-2.0868077278137207,7.501296520233154,0.010158699937164783,11.214018821716309,-0.0015426629688590765,7.590025901794434,0.004232428036630154,3.647286891937256,0.01055996585637331,2.6359052658081055,0.0009307853179052472,3.350541830062866,0.005959038157016039,2.845686197280884,-0.009435649961233139,2.139145851135254,0.001621480449102819,1.8026963472366333,0.0015442176954820752,1.555820107460022,-8.595737745054066e-05,1.4682196378707886,-0.0011098044924438,1.4832054376602173,0.0009148446843028069,1.2358827590942383,0.001650623744353652,1.0989893674850464,-0.006763390265405178,5.7680182456970215,-0.006878532003611326,4.248671531677246,-0.0013848092639818788,1.8923311233520508,-0.005749382544308901,1.390531301498413,0.009535307064652443,1.896288275718689,-0.00553192337974906,1.6720298528671265,0.005874409805983305,1.2635350227355957,-0.00025964254746213555,1.033064365386963,0.005615233909338713,1.0246995687484741,0.00031743128784000874,0.9630178213119507,0.003941132687032223,0.9615296721458435,-0.0016525888349860907,0.7565410733222961,0.002680128673091531,0.6312513947486877,0.6237767934799194,0.2366466224193573,0.6378011107444763,0.29077792167663574,0.5706601142883301,0.2611517906188965,0.5744237303733826,0.2940543591976166,0.5259591937065125,0.29089757800102234,0.48612791299819946,0.27602478861808777,0.48733675479888916,0.27808669209480286,0.46127694845199585,0.2648855447769165,0.5241281390190125,0.2899503707885742,0.5008480548858643,0.27520373463630676,0.5726278424263,0.24361447989940643,0.6765808463096619,0.26619064807891846,0.3736911416053772,0.11693300306797028,2313.4132208913047,1312.0418456558891,3230.0717532447725,1112.957064780668,0.03455398047882631,0.028686708996007938,80.74951171875
heat_waves,210,222,12,nod,big smile,3,-194.2576446533203,89.27184295654297,160.55360412597656,44.49406051635742,45.004730224609375,33.524269104003906,44.08832931518555,24.08660888671875,7.987482070922852,22.386985778808594,30.18954086303711,12.910593032836914,9.553733825683594,10.171710968017578,8.916665077209473,9.585814476013184,6.210032939910889,8.899224281311035,9.874433517456055,8.17777156829834,0.333593487739563,7.098545551300049,6.160550117492676,6.489880084991455,-1.562217354774475,6.388986110687256,0.04779761657118797,19.824979782104492,-0.051985468715429306,10.697705268859863,-0.043825529515743256,5.4699602127075195,0.009180371649563313,5.45428466796875,-0.02388850785791874,5.488925933837891,-0.0029002914670854807,2.76194429397583,-0.009259332902729511,2.126858949661255,0.02523907832801342,1.8403160572052002,-0.00019680392870213836,1.8518129587173462,0.019139178097248077,1.7901647090911865,-0.021504223346710205,1.3591985702514648,-0.003411634359508753,1.3083940744400024,-0.0017342489445582032,1.15668523311615,0.09100039303302765,10.312121391296387,-0.031587883830070496,6.0179123878479,-0.009291496127843857,2.333085775375366,-0.01226307637989521,2.889493703842163,-0.009927126578986645,2.984168529510498,0.005217245779931545,1.7159745693206787,-0.008846738375723362,1.3164688348770142,-0.003143654903396964,1.1298725605010986,-0.0029941550455987453,1.3462998867034912,-0.006107920780777931,1.1477611064910889,-0.005062363110482693,0.9264222979545593,0.005382377654314041,0.7475740313529968,-0.005452803336083889,0.6445772647857666,0.6566774845123291,0.23734430968761444,0.6333351731300354,0.24148504436016083,0.6716881394386292,0.24814791977405548,0.6798898577690125,0.24550355970859528,0.6267504096031189,0.24409277737140656,0.579127311706543,0.23559115827083588,0.5847233533859253,0.23538807034492493,0.5934672355651855,0.22723127901554108,0.6327789425849915,0.2735080122947693,0.6341742277145386,0.20411761105060577,0.6909506916999817,0.20859187841415405,0.7039946913719177,0.22569303214550018,0.33688896894454956,0.14353729784488678,1610.6348163402442,1651.9366621080726,2431.7283882541587,1517.3120074939113,0.021569375604448743,0.025713359147138907,161.4990234375
heat_waves,222,238,16,nod,"smile, frown",3,-334.5276184082031,126.75375366210938,43.714351654052734,65.12358093261719,21.718637466430664,43.32252502441406,46.14948654174805,33.47397994995117,6.00620698928833,23.483911514282227,19.782428741455078,15.339743614196777,9.200730323791504,14.448054313659668,11.116687774658203,10.50722885131836,7.438047885894775,10.745105743408203,6.234996795654297,9.721467018127441,-2.2790277004241943,9.00987720489502,4.57210636138916,7.689225196838379,-2.429347276687622,7.159238815307617,-0.35920336842536926,23.907371520996094,-0.07870738953351974,11.65478801727295,0.015245616436004639,6.434569358825684,-0.03048444353044033,5.236562728881836,0.007362233009189367,4.396086692810059,-0.01528867892920971,2.6729769706726074,-0.007777960039675236,2.79784893989563,-0.015788916498422623,1.797457218170166,-0.006016013212502003,2.001464366912842,-0.007214270997792482,1.7641079425811768,0.0015012797666713595,1.6259251832962036,-0.0072387089021503925,1.1699297428131104,0.006039209198206663,1.2886931896209717,-0.04786830395460129,11.546944618225098,0.0062507204711437225,5.24629020690918,0.011644160374999046,2.5723109245300293,0.004094391595572233,2.4485487937927246,-0.0034633600153028965,2.283726453781128,0.001168056740425527,1.4841614961624146,0.0002657248405739665,1.5422413349151611,-0.005042896140366793,1.0233488082885742,0.0015409837942570448,1.276422142982483,-0.0031289004255086184,1.1877585649490356,-0.0012419031700119376,0.8672576546669006,-0.0029772694688290358,0.6231048703193665,-0.002547268522903323,0.7050306797027588,0.5347214341163635,0.2951120436191559,0.4311302602291107,0.31017497181892395,0.4052412211894989,0.31524911522865295,0.39956551790237427,0.3131464421749115,0.44565433263778687,0.2955446243286133,0.4742128849029541,0.27057886123657227,0.5205090045928955,0.2742201089859009,0.5170375108718872,0.2590623199939728,0.5468510389328003,0.2626647353172302,0.5983100533485413,0.23907354474067688,0.7345717549324036,0.25007498264312744,0.6669929027557373,0.23728857934474945,0.11466275155544281,0.18054114282131195,3598.7945817079,2930.342328483014,3285.64254121945,1394.0587633555592,0.10280285476341552,0.11121545738845934,161.4990234375
highway_to_hell,0,10,10,none,neutral,3,-313.7542419433594,179.55113220214844,165.73118591308594,62.51007080078125,-60.607913970947266,41.29908752441406,-3.456953287124634,12.04085922241211,12.62621021270752,10.601808547973633,0.5741168856620789,10.092029571533203,-5.907594680786133,8.921360969543457,7.764263153076172,5.61776065826416,-7.888858795166016,11.274673461914062,-0.16837255656719208,6.005714416503906,2.8379714488983154,6.198244094848633,1.8414654731750488,5.978621959686279,2.009815216064453,4.57172966003418,0.6289559602737427,10.786858558654785,0.22929733991622925,4.02574348449707,-0.09483776241540909,2.9956655502319336,0.015046009793877602,1.8313978910446167,0.020768899470567703,1.1840914487838745,-0.003980935085564852,1.2004387378692627,-0.010444934479892254,1.0277867317199707,0.010943589732050896,0.8701431155204773,-0.004967680666595697,0.9743998646736145,0.006879108492285013,0.8375393748283386,0.010616890154778957,0.7917929887771606,-0.00490287272259593,0.764191746711731,-0.008421061560511589,0.7090387940406799,-0.0013630329631268978,2.83115291595459,-0.009552473202347755,1.5599486827850342,0.00899225752800703,1.131714105606079,-0.008456178940832615,0.8940137624740601,0.005365286488085985,0.5915322303771973,-0.002416687784716487,0.704423725605011,0.0016665461007505655,0.5495863556861877,-0.0043344199657440186,0.5586472153663635,-0.00025893226847983897,0.5374582409858704,-0.0035336411092430353,0.5518755912780762,-0.0020186104811728,0.5069146156311035,0.0011860029771924019,0.5445606708526611,0.00688764825463295,0.5084679126739502,0.4088391661643982,0.22590769827365875,0.5245955586433411,0.2589357793331146,0.5407111048698425,0.28270068764686584,0.49525243043899536,0.23896633088588715,0.6201412081718445,0.31155824661254883,0.4405929446220398,0.21332938969135284,0.5201396942138672,0.2847318947315216,0.4746997356414795,0.25031644105911255,0.5147570371627808,0.24599434435367584,0.674472987651825,0.3044883906841278,0.44563028216362,0.22614127397537231,0.3709809184074402,0.24214234948158264,0.06296346336603165,0.056865349411964417,2605.5296846300266,1539.1033452115996,2914.736365252614,1760.367615531622,0.06670760223317865,0.0356972330654303,114.84375
highway_to_hell,10,19,9,nod,neutral,2,-152.78759765625,111.82999420166016,101.0081558227539,58.46765899658203,-24.508935928344727,37.07651901245117,15.107752799987793,21.755107879638672,7.759361267089844,9.651996612548828,11.715496063232422,12.546582221984863,-2.2250025272369385,10.582280158996582,7.198308944702148,7.050235271453857,-5.39091682434082,8.655601501464844,-1.731550693511963,7.873681545257568,2.106043815612793,5.926977634429932,0.9538474082946777,6.232205390930176,0.569124698638916,6.870389938354492,0.05301332101225853,16.41981315612793,-0.09241252392530441,7.700727462768555,0.03635871410369873,4.859507083892822,0.04328186810016632,3.076652765274048,-0.03518659994006157,1.5148988962173462,0.0120956776663661,1.983771800994873,-0.03647902235388756,1.4113786220550537,-0.01376548781991005,1.1488288640975952,-0.028284559026360512,1.2548649311065674,-0.009261495433747768,1.1261427402496338,0.031537070870399475,0.9194921851158142,-0.012887249700725079,0.9720281362533569,-0.02871822379529476,1.0861879587173462,-0.0030172730330377817,6.794457912445068,-0.001841078046709299,2.806328058242798,0.02289656177163124,1.9926142692565918,-0.006893973797559738,1.3597151041030884,-0.007361454889178276,0.9262913465499878,-0.012207496911287308,0.9986907243728638,-0.000836381281260401,0.7257576584815979,-0.0055717225186526775,0.667499303817749,0.004448077641427517,0.7085046768188477,0.0021086230408400297,0.5894947052001953,0.004341901279985905,0.5794522166252136,0.0057656667195260525,0.5973564386367798,-0.0007060194620862603,0.6759597659111023,0.4170726537704468,0.25758323073387146,0.5039533376693726,0.2667025625705719,0.5337426662445068,0.2967115640640259,0.48981770873069763,0.2495213747024536,0.6380584836006165,0.26854443550109863,0.5729034543037415,0.21576468646526337,0.6686534881591797,0.25522658228874207,0.6621870994567871,0.2742565870285034,0.5984952449798584,0.21907617151737213,0.6336007118225098,0.26402461528778076,0.4715953767299652,0.2650609612464905,0.3976282477378845,0.26283136010169983,0.11851560324430466,0.09862248599529266,4611.286706190582,2146.6041103783614,4401.6678852060995,1423.2645722298896,0.1161486438869201,0.07285821238561398,114.84375
highway_to_hell,19,52,33,shake,frown,2,-76.20034790039062,59.476280212402344,89.68157958984375,44.881710052490234,-34.70705032348633,27.252729415893555,12.000968933105469,23.1201229095459,-0.42331889271736145,13.935561180114746,15.309560775756836,11.22339916229248,-10.61892318725586,12.883169174194336,7.810539245605469,8.678851127624512,-7.751652240753174,10.274492263793945,-3.250692844390869,9.952705383300781,2.3380720615386963,7.691795349121094,0.9399043917655945,7.39329719543457,-4.521953105926514,7.694773197174072,-0.008282122202217579,10.012752532958984,0.03743773698806763,5.733128070831299,0.004392215516418219,4.316172122955322,0.0020739594474434853,2.901503324508667,0.01895926520228386,2.242257595062256,0.006504489574581385,1.618301272392273,0.014895616099238396,2.0653531551361084,0.01233816146850586,1.3492738008499146,0.017750121653079987,1.630929946899414,0.010848931036889553,1.5618771314620972,-0.011065857484936714,1.285179615020752,-0.0010314962128177285,1.1641379594802856,0.00491396663710475,1.1885690689086914,0.007034731097519398,4.5581440925598145,0.0023845452815294266,2.2895560264587402,0.005460924468934536,1.7533611059188843,-0.002070506801828742,1.254299521446228,0.0043852622620761395,1.0896458625793457,-0.00429553585126996,0.8800963163375854,0.001519656041637063,0.9905804991722107,-0.0026192415971308947,0.7888917922973633,0.0031576950568705797,0.8935921788215637,0.001294326619245112,0.8173500895500183,-0.0014537287643179297,0.748573362827301,-0.005782660562545061,0.72527015209198,-0.001415229169651866,0.6900747418403625,0.38914504647254944,0.3046480417251587,0.3574531078338623,0.28552594780921936,0.3537488877773285,0.30837422609329224,0.3335976004600525,0.2697286903858185,0.41297242045402527,0.32748475670814514,0.3583258390426636,0.29108697175979614,0.4415763318538666,0.33380982279777527,0.45099514722824097,0.328669011592865,0.453014612197876,0.30021682381629944,0.5229942798614502,0.3293760418891907,0.4102911651134491,0.293524831533432,0.41218435764312744,0.32406508922576904,0.18049629032611847,0.07782675325870514,4564.306243517496,1575.5361318332668,4485.126182636779,992.7154193187334,0.11047779771588111,0.05887121768143538,114.84375
highway_to_hell,52,72,20,nod,frown,3,-45.695865631103516,64.71805572509766,137.3428192138672,36.887516021728516,-47.39601135253906,21.450923919677734,20.28540802001953,14.382908821105957,-1.105858325958252,14.524544715881348,15.353384971618652,8.458922386169434,-7.444345474243164,8.61296272277832,8.623420715332031,6.897565841674805,-4.721503734588623,6.38798713684082,1.95353364944458,6.908039569854736,2.4659597873687744,6.016367435455322,6.925886154174805,6.25617790222168,2.3834564685821533,6.006051063537598,0.023998169228434563,5.499593734741211,-0.01246945932507515,3.7573397159576416,-0.021022003144025803,2.541560649871826,-0.008554787375032902,1.687150239944458,-0.011222983710467815,1.5451319217681885,-0.007469945587217808,1.1963229179382324,-0.01652575470507145,1.2578933238983154,-0.008808205835521221,0.9885491728782654,-0.011828570626676083,1.0104323625564575,-0.005657179281115532,0.9521623253822327,-0.006351149175316095,0.8746600151062012,7.097041816450655e-05,0.967364490032196,-0.0004757863353006542,0.8918762803077698,0.023976806551218033,2.5704662799835205,-0.0329718291759491,1.9746088981628418,0.01687142625451088,1.2446839809417725,-0.0010953707387670875,0.8359566330909729,-0.005692195147275925,0.8168363571166992,0.0028069368563592434,0.648571789264679,-0.004066639579832554,0.6630412340164185,0.0010119745275005698,0.5721023678779602,0.0009559668833389878,0.6138880252838135,0.0033470052294433117,0.5293455719947815,-0.003187148366123438,0.5277853608131409,-0.0007592167821712792,0.5468586087226868,-0.003784495173022151,0.5141523480415344,0.38400471210479736,0.20486357808113098,0.4746135175228119,0.24631106853485107,0.4938262104988098,0.3024737238883972,0.45380598306655884,0.21307975053787231,0.5593710541725159,0.26349321007728577,0.42743101716041565,0.23906774818897247,0.4891742169857025,0.2771699130535126,0.4563235640525818,0.2616856098175049,0.5840775370597839,0.2544393539428711,0.694787859916687,0.2639765739440918,0.4054061472415924,0.19111290574073792,0.37331387400627136,0.2297404706478119,0.22362592816352844,0.0648447647690773,3196.8435757588218,979.5704836130847,3538.641103233242,974.203040999795,0.08123208974172955,0.028995680761928946,117.45383522727273
highway_to_hell,72,106,34,sway,"frown, smile",3,-73.6288833618164,58.5291748046875,92.40852355957031,49.183807373046875,-39.285865783691406,28.81682777404785,11.525117874145508,23.991579055786133,-2.1120383739471436,13.316779136657715,15.66203784942627,11.919465065002441,-12.350311279296875,14.82824420928955,8.893946647644043,8.593916893005371,-7.070847988128662,10.235479354858398,-1.8444905281066895,9.876401901245117,0.9860810041427612,7.465275287628174,1.8510361909866333,8.067041397094727,-2.8472187519073486,8.24998950958252,-0.010935108177363873,10.12267780303955,0.02238238975405693,5.95845890045166,-0.010492938570678234,4.540308475494385,0.00882776454091072,3.180882215499878,0.003919069655239582,2.070361375808716,-0.0031964839436113834,1.9393773078918457,0.004826625343412161,2.2101736068725586,0.0032003747764974833,1.394988775253296,0.0020839322824031115,1.6727272272109985,-0.0043029747903347015,1.593531847000122,0.002937301993370056,1.2275017499923706,-0.0022464818321168423,1.3005565404891968,0.005003737285733223,1.3437403440475464,0.01777585968375206,4.656950950622559,-0.025433329865336418,2.445523262023926,0.005046397913247347,1.7954983711242676,-0.0018997009610757232,1.304946780204773,-0.002886479487642646,1.0378895998001099,0.00141418247949332,0.9681641459465027,-0.0012322249822318554,1.0146766901016235,-0.002891275566071272,0.7945672273635864,0.0006896066479384899,0.8816336393356323,-0.0006514821434393525,0.8120251893997192,-0.002788400975987315,0.7149916887283325,-0.0011806210968643427,0.7871055006980896,-0.0004108932917006314,0.7661615014076233,0.39913296699523926,0.3068073093891144,0.3823814392089844,0.2889155149459839,0.38142141699790955,0.3099738359451294,0.37655743956565857,0.2833283543586731,0.4535895586013794,0.32825687527656555,0.37950435280799866,0.2818470299243927,0.4444200396537781,0.31735122203826904,0.45290693640708923,0.3191855549812317,0.4398714005947113,0.29473456740379333,0.5222606658935547,0.3317364454269409,0.4247964918613434,0.29307281970977783,0.4017567038536072,0.30612778663635254,0.18538478016853333,0.07901935279369354,4502.86117239842,1657.2891062480696,4298.315236459514,1061.05108073405,0.11717949812222601,0.06614163828274894,114.84375
highway_to_hell,106,114,8,shake,big smile,3,-17.912593841552734,33.94239044189453,129.81607055664062,29.351680755615234,-48.0290412902832,19.338703155517578,20.868059158325195,13.144895553588867,-5.115339279174805,12.01928424835205,17.1426944732666,7.8494791984558105,-8.303410530090332,8.9103364944458,10.079261779785156,7.523716449737549,-6.806059837341309,6.304488658905029,4.939547538757324,6.042663097381592,4.341780662536621,6.071132183074951,6.597721576690674,7.089742183685303,0.45932164788246155,5.722316741943359,0.00023165647871792316,5.352705955505371,0.0035481383092701435,3.205641269683838,0.00046144844964146614,2.248009204864502,-0.011166984215378761,1.5769729614257812,-0.007585114799439907,1.5169917345046997,-0.02593500167131424,1.119316577911377,-0.006173747591674328,1.3607823848724365,-0.0022894679568707943,1.0509551763534546,0.0046264114789664745,0.9816749095916748,0.013816865161061287,0.9331984519958496,0.013655245304107666,0.9455159306526184,0.029581142589449883,1.1006853580474854,0.013113010674715042,0.9677819013595581,0.008494507521390915,2.2217111587524414,-0.006930773612111807,1.4326441287994385,0.045544784516096115,1.0935845375061035,0.008068528026342392,0.8463671207427979,0.020942505449056625,0.7777777910232544,-0.010454454459249973,0.6508649587631226,0.014479408971965313,0.6932246685028076,-0.003911265637725592,0.6357920169830322,0.01256253756582737,0.554717481136322,-0.0010822423500940204,0.5772830247879028,0.007779538631439209,0.5588333606719971,-0.002905235392972827,0.6503568887710571,-0.005347976461052895,0.6446243524551392,0.4010687470436096,0.24538175761699677,0.40851786732673645,0.25093668699264526,0.3761175572872162,0.27028459310531616,0.39287450909614563,0.21534718573093414,0.5099295973777771,0.25086623430252075,0.3840574324131012,0.2395062893629074,0.45368629693984985,0.3079294264316559,0.4710501432418823,0.29274794459342957,0.5901970267295837,0.2658095955848694,0.6840699315071106,0.27891045808792114,0.42991289496421814,0.22081130743026733,0.39712369441986084,0.2428327351808548,0.2561911642551422,0.05164340138435364,3386.44805688154,786.6111655833836,3689.8099804562185,790.0631144838694,0.08720066236413043,0.023335444056335024,117.45383522727273
highway_to_hell,114,124,10,sway,"oh, frown",3,-24.312183380126953,37.09857177734375,127.48178100585938,28.617454528808594,-51.0766716003418,20.139270782470703,21.1613712310791,12.7946195602417,-4.0042829513549805,12.232587814331055,16.9495906829834,7.569604873657227,-9.480513572692871,9.746298789978027,9.903141021728516,5.962996959686279,-4.320102214813232,6.6374053955078125,3.035557270050049,6.5998077392578125,4.767521381378174,5.905063152313232,8.280326843261719,6.186189651489258,2.014685869216919,5.864141941070557,-0.13299039006233215,3.658738374710083,0.11819161474704742,2.367867946624756,-0.02370459958910942,2.199951410293579,-0.0062959278002381325,1.4106745719909668,-0.009698635898530483,1.3391000032424927,0.019954225048422813,0.9330059885978699,-0.03199414536356926,1.2929036617279053,-0.0015129174571484327,0.9337705373764038,-0.013042653910815716,1.027248740196228,-0.032967474311590195,0.9397127032279968,-0.022215453907847404,0.8906915783882141,-0.014794391579926014,0.8368620872497559,0.013522223569452763,0.8174228072166443,-0.0081144655123353,1.7190556526184082,0.0007311031222343445,1.1804108619689941,0.01190274953842163,1.0378626585006714,-0.0033327252604067326,0.7609003782272339,0.005110617261379957,0.7016739845275879,-0.005920328665524721,0.5262167453765869,0.00569932023063302,0.6398804187774658,-0.0035858803894370794,0.561340868473053,0.0022894234862178564,0.5867388844490051,0.0011254275450482965,0.5316733717918396,-0.003296477720141411,0.4922395348548889,0.004276549443602562,0.5112807154655457,0.0003026129270438105,0.49610522389411926,0.3401375710964203,0.19349725544452667,0.382744163274765,0.23012718558311462,0.41024553775787354,0.288277268409729,0.3573632538318634,0.18767592310905457,0.4686947762966156,0.26545166969299316,0.38670042157173157,0.25411054491996765,0.4778018891811371,0.29477909207344055,0.47648194432258606,0.2809801995754242,0.5838173627853394,0.25525277853012085,0.702284574508667,0.2774571478366852,0.3905661702156067,0.2087104618549347,0.3596770465373993,0.23937048017978668,0.24253474175930023,0.053845372051000595,3420.4762124725344,753.4574739474521,3662.431950320076,795.6955429589595,0.09011677965487239,0.023656206621369892,117.45383522727273
highway_to_hell,124,148,24,shake,"surprise, frown",3,-24.055307388305664,33.307762145996094,136.69964599609375,23.84808921813965,-51.97442626953125,20.27898597717285,24.90934944152832,15.591272354125977,-10.269384384155273,11.972323417663574,16.52342414855957,8.332765579223633,-5.6726531982421875,8.046339988708496,7.717152118682861,6.045982837677002,-8.38261604309082,5.844444274902344,2.5941669940948486,6.358367919921875,5.234986782073975,6.491760730743408,5.570535659790039,5.724886894226074,2.0905745029449463,5.904979705810547,0.05537370964884758,4.385528087615967,-0.02500862441956997,2.8753740787506104,-0.006228190381079912,2.149451971054077,0.004051707684993744,1.4220788478851318,-4.519346475717612e-06,1.4758737087249756,-0.004981368314474821,0.9803531169891357,0.015616309829056263,1.1696152687072754,-0.0007629809551872313,0.981267511844635,-0.0019309036433696747,0.9262524843215942,0.005855911877006292,0.8989962339401245,0.00459300447255373,0.9003068208694458,-0.004502405412495136,0.8767775893211365,-0.005137711297720671,0.8890400528907776,0.0003565422957763076,1.907365083694458,-0.0012271362356841564,1.23594331741333,0.0016797665739431977,1.0747238397598267,0.004120223689824343,0.7663506269454956,0.0029157905373722315,0.7528361678123474,-0.0033469717018306255,0.5870440006256104,-0.0009140030015259981,0.6415726542472839,-0.004170019645243883,0.5790050625801086,0.0009520398452877998,0.5969126224517822,0.0007492535514757037,0.546152651309967,0.0031927223317325115,0.5468457341194153,-0.0015344340354204178,0.5380417108535767,8.335029269801453e-05,0.5247948169708252,0.3187026381492615,0.21639274060726166,0.3948605954647064,0.23169754445552826,0.4628714919090271,0.29826536774635315,0.4041268229484558,0.19656851887702942,0.6123909950256348,0.31318962574005127,0.38166341185569763,0.21045218408107758,0.45066970586776733,0.30452027916908264,0.47620296478271484,0.30896785855293274,0.4698537290096283,0.25107941031455994,0.5790296792984009,0.31089290976524353,0.34228673577308655,0.19905516505241394,0.3219012916088104,0.20081165432929993,0.2600490152835846,0.05129236727952957,3182.6873799968243,662.7653537596484,3479.187716383936,733.9548574057671,0.08104240963491297,0.021420655335361884,117.45383522727273
highway_to_hell,148,163,15,nod,big smile,3,2.823617935180664,19.52042007446289,118.5835189819336,16.765987396240234,-50.917884826660156,17.57843017578125,16.64603042602539,10.635089874267578,-7.462009429931641,11.008302688598633,12.233782768249512,6.772146224975586,-7.374770164489746,8.183478355407715,8.750473022460938,6.1086649894714355,-6.612861156463623,7.251705169677734,1.7438197135925293,5.986164569854736,4.857568264007568,5.857990741729736,8.6697998046875,6.425359725952148,3.325822591781616,6.0872297286987305,-0.00996847078204155,2.9030613899230957,-0.025706997141242027,1.6469244956970215,-0.0005330596468411386,2.0492091178894043,-0.00908134039491415,1.209619164466858,-0.009959503076970577,1.2901051044464111,-0.010027140378952026,0.9211402535438538,-0.015277811326086521,1.2504960298538208,-0.0032134712673723698,0.8720371127128601,-0.005345694255083799,0.9891903400421143,-0.004489121958613396,0.9040017127990723,0.00717985350638628,0.8975709080696106,0.013240067288279533,0.9988429546356201,0.005187616217881441,0.9183071851730347,-0.006002615671604872,1.399166464805603,-0.007373515982180834,0.8196055889129639,0.005355677101761103,0.8765333294868469,-0.0005658136797137558,0.6610226035118103,-0.001761520397849381,0.6867036819458008,-0.0002185253833886236,0.5417371392250061,0.0048028831370174885,0.657168984413147,0.006493268068879843,0.5282773971557617,0.001849684864282608,0.5711877942085266,0.0004097207565791905,0.5594931840896606,0.0013869237154722214,0.5460794568061829,-0.0009143070201389492,0.585820734500885,-0.003114278195425868,0.5588279962539673,0.24963997304439545,0.2227543294429779,0.2529033124446869,0.21661777794361115,0.2723715901374817,0.2435031533241272,0.3986814022064209,0.2699035704135895,0.5868325233459473,0.32811439037323,0.29015806317329407,0.21097582578659058,0.2941470742225647,0.274009644985199,0.3429759442806244,0.2940090596675873,0.46718546748161316,0.3012946546077728,0.5580395460128784,0.3260848820209503,0.3014029860496521,0.21340280771255493,0.2675708532333374,0.21916300058364868,0.30592119693756104,0.04410816356539726,3563.1243709751325,504.0564223688577,3819.6609336405527,622.9754119235181,0.09119408197078173,0.016815512815986033,117.45383522727273
highway_to_hell,163,168,5,none,"surprise, frown",3,-4.4492974281311035,27.666549682617188,127.17364501953125,22.337554931640625,-59.97793197631836,18.786226272583008,18.28543472290039,10.686994552612305,-9.97609806060791,9.415874481201172,8.693724632263184,10.265352249145508,-8.086605072021484,7.436349391937256,6.165899276733398,6.336977005004883,-6.90669059753418,7.156485557556152,-1.7262710332870483,9.512747764587402,0.44228893518447876,6.627705097198486,2.250549554824829,7.788215637207031,-0.44320622086524963,6.913749694824219,0.057148199528455734,3.033965587615967,0.06878793239593506,2.159533977508545,-0.020228300243616104,2.0108399391174316,0.002459477400407195,1.396849274635315,-0.005689450539648533,1.4436259269714355,-0.030991937965154648,1.1316531896591187,0.01991255208849907,1.3090711832046509,0.001551466528326273,0.9850383996963501,0.004103424027562141,0.9614401459693909,-0.02604653686285019,1.0730628967285156,-0.04997145012021065,1.0493402481079102,-0.04403974488377571,1.0216466188430786,-0.012681867927312851,0.9297826886177063,0.044578440487384796,1.4366720914840698,0.0024972460232675076,1.3089897632598877,0.005138393957167864,1.0449562072753906,0.04614296928048134,0.77809077501297,0.0013019877951592207,0.80824875831604,0.012987377122044563,0.7044804096221924,0.028725532814860344,0.70025634765625,0.019765332341194153,0.578677237033844,0.019455283880233765,0.591431736946106,0.010767069645226002,0.5931093692779541,-0.0041524083353579044,0.601116418838501,0.009051491506397724,0.6032155752182007,0.012075853534042835,0.5705122947692871,0.33111193776130676,0.23300309479236603,0.38602572679519653,0.26285281777381897,0.39309337735176086,0.2903251349925995,0.4809471070766449,0.2546752393245697,0.7509623765945435,0.3145091235637665,0.3872296214103699,0.22640544176101685,0.3056725859642029,0.2418820708990097,0.30984559655189514,0.24275824427604675,0.3821047842502594,0.23973283171653748,0.4435082674026489,0.28938180208206177,0.2871749997138977,0.19329524040222168,0.2974957525730133,0.20030294358730316,0.2913705110549927,0.040089190006256104,3357.989001246909,545.0780221446364,3509.2342199462005,678.7171182020973,0.09028331641531323,0.016843255876092117,112.34714673913044
highway_to_hell,168,180,12,nod,frown,2,-4.1166181564331055,20.308515548706055,118.89105987548828,17.18366050720215,-53.405696868896484,17.99185562133789,19.91684341430664,12.091534614562988,-9.096874237060547,10.304632186889648,15.792263984680176,7.466243743896484,-7.750694274902344,7.89680814743042,11.411176681518555,6.779739856719971,-5.536798477172852,6.111832141876221,3.844261884689331,5.966998100280762,1.9726158380508423,6.156394004821777,6.823530197143555,6.507662773132324,0.6328650116920471,6.2560906410217285,-0.06881097704172134,3.232445001602173,0.02464952878654003,1.7269961833953857,-0.030395202338695526,2.106593132019043,0.01767115294933319,1.3530876636505127,-0.022288264706730843,1.3561151027679443,0.0010297208791598678,1.0354533195495605,-0.023909183219075203,1.2954955101013184,-0.0054518780671060085,0.9814543724060059,-0.0006358655518852174,1.0435879230499268,0.007504809182137251,0.8599554300308228,0.003739064559340477,0.9545938968658447,0.014572017826139927,0.9766280055046082,0.010520001873373985,0.916080117225647,-0.011028769426047802,1.4799920320510864,-0.0006378833786584437,0.9036701321601868,0.0005654144915752113,0.9725400805473328,-0.0007062364020384848,0.7420551180839539,0.006690316833555698,0.7045565247535706,-0.0009909484069794416,0.5587453246116638,0.0029989297036081553,0.6954277753829956,0.005255613010376692,0.5843043923377991,0.00691481726244092,0.6197939515113831,-0.002394267590716481,0.5610337257385254,-0.0005699246539734304,0.5729139447212219,0.0007729251519776881,0.5423378348350525,0.004320328589528799,0.5090680122375488,0.5035496950149536,0.3285524547100067,0.3495282232761383,0.2144574075937271,0.31965166330337524,0.2510339021682739,0.3880947530269623,0.24265016615390778,0.5556901693344116,0.3019300401210785,0.34292519092559814,0.2141435295343399,0.3776794373989105,0.2755786180496216,0.3979717791080475,0.26388019323349,0.4547520875930786,0.2691783905029297,0.5572446584701538,0.31315475702285767,0.3759544789791107,0.2450440526008606,0.39899131655693054,0.2593090236186981,0.27171653509140015,0.04839122295379639,3597.797900817359,541.522216924159,3766.0625063470266,629.2544557522589,0.09588493184840426,0.016426567075043527,117.45383522727273
highway_to_hell,180,191,11,sway,frown,3,-107.8950424194336,49.182430267333984,147.45460510253906,26.216842651367188,-53.27791213989258,13.653264999389648,17.508686065673828,13.857502937316895,-11.577764511108398,11.648955345153809,11.612168312072754,11.246804237365723,-24.34781265258789,16.59758758544922,10.598041534423828,11.083909034729004,-10.662581443786621,8.701258659362793,-1.8148720264434814,8.585110664367676,13.323803901672363,9.045378684997559,12.191920280456543,11.084724426269531,8.357285499572754,8.042970657348633,-0.03966495767235756,3.5633373260498047,-0.015618251636624336,2.3516488075256348,0.007356659974902868,1.3253852128982544,-0.018560947850346565,1.2075992822647095,-0.0016389345983043313,1.3702149391174316,-0.02569100446999073,1.1167844533920288,-0.04214220866560936,1.102618932723999,-0.019292287528514862,1.0245656967163086,-0.031362537294626236,0.9153196215629578,-0.015411404892802238,0.9727304577827454,0.015240118838846684,1.003312349319458,0.005823426879942417,0.9427832365036011,-0.003651899518445134,0.9737884402275085,-0.01388881541788578,1.4732532501220703,0.0072562010027468204,1.0911458730697632,0.007443640381097794,0.7394311428070068,0.003604820929467678,0.6221337914466858,-0.00038673795643262565,0.6806402802467346,-0.0050421240739524364,0.6171360015869141,-0.003070731647312641,0.5735692977905273,-0.0015634630108252168,0.6021326780319214,0.00375157967209816,0.5360179543495178,-0.003957630600780249,0.5464888215065002,0.0032713073305785656,0.560602068901062,-0.0010840645991265774,0.5142132043838501,-0.002128778723999858,0.5302094221115112,0.13368423283100128,0.15749241411685944,0.17761555314064026,0.1941388100385666,0.16720445454120636,0.21096447110176086,0.2058464139699936,0.26806825399398804,0.21640272438526154,0.1422116756439209,0.6488189101219177,0.3828877806663513,0.35865721106529236,0.2723764181137085,0.20249086618423462,0.24312593042850494,0.4468551278114319,0.39425069093704224,0.2807239294052124,0.24740642309188843,0.160618394613266,0.20555637776851654,0.14184141159057617,0.19865472614765167,0.20966634154319763,0.05492721498012543,2621.0504039276198,646.0041183617446,3057.785889031506,501.35470451770215,0.06028573724287975,0.019778956657034177,114.84375
highway_to_hell,191,202,11,nod,frown,2,-31.75336265563965,26.1607608795166,142.36065673828125,19.431493759155273,-71.22052001953125,9.660008430480957,29.336742401123047,16.27373695373535,-17.659324645996094,7.6313676834106445,8.306689262390137,7.601322650909424,-14.519425392150879,12.672350883483887,6.084533214569092,7.342423915863037,-12.174236297607422,8.156103134155273,-1.8525104522705078,8.008299827575684,5.731617450714111,7.0555806159973145,7.520138740539551,6.618916988372803,2.6295998096466064,5.023319721221924,-0.0008932749624364078,1.627809762954712,0.04253798723220825,1.3254724740982056,0.02139131724834442,0.9109526872634888,0.04606696963310242,0.9121918678283691,0.00832270085811615,0.8404663801193237,0.01466806884855032,0.8929129838943481,0.024441979825496674,0.9449108242988586,-0.0011159840505570173,0.81052166223526,0.018385320901870728,0.786363422870636,-0.0015557178994640708,0.8104782104492188,-0.021005019545555115,0.88154137134552,-0.022691264748573303,0.8218768239021301,-0.015394577756524086,0.8975107073783875,0.010989109985530376,1.210119605064392,0.00787198357284069,0.9657238125801086,0.0032376772724092007,0.632293701171875,-0.0125419395044446,0.6580349206924438,-0.00464298389852047,0.6075800657272339,-0.007252372335642576,0.5895442366600037,0.002452252898365259,0.6886075139045715,-0.007970298640429974,0.565075159072876,0.002881618682295084,0.5797775983810425,0.00023581835557706654,0.5589644908905029,-0.00033254639129154384,0.5551179647445679,-0.003967563156038523,0.5888614058494568,-0.002189949620515108,0.6120856404304504,0.3039192259311676,0.19957004487514496,0.41218316555023193,0.2674281597137451,0.41198620200157166,0.25186046957969666,0.47173359990119934,0.17287440598011017,0.8192132711410522,0.2771930396556854,0.4306505024433136,0.19183482229709625,0.41557806730270386,0.24730433523654938,0.43000781536102295,0.250834196805954,0.496981143951416,0.26290014386177063,0.5498729348182678,0.3002184331417084,0.33558276295661926,0.20716893672943115,0.288950651884079,0.19665232300758362,0.2523971199989319,0.02663220651447773,2990.3469264414975,375.8664788982814,2996.5806010440465,213.13072289853875,0.08773765081091772,0.01945909751220591,132.51201923076923
highway_to_hell,202,208,6,none,"smile, frown",3,-167.5395050048828,104.12903594970703,160.64608764648438,30.75328254699707,-23.329689025878906,28.19133949279785,47.62109375,19.30581283569336,-2.619236469268799,15.912901878356934,18.506420135498047,10.265236854553223,-6.599787712097168,9.719817161560059,2.359281539916992,9.340380668640137,-7.377161979675293,7.991552352905273,-3.6682095527648926,7.803472518920898,7.019279479980469,7.0229363441467285,3.520437717437744,5.693741798400879,6.3338117599487305,5.0533623695373535,-0.8095784187316895,4.58601713180542,-0.19972914457321167,2.0432403087615967,0.11391475796699524,2.1089603900909424,-0.0900048241019249,1.220735788345337,0.04627517610788345,1.143977403640747,0.0296412855386734,1.0067816972732544,0.03712841495871544,0.9630419611930847,0.01592366397380829,1.00874662399292,0.02658175863325596,0.7958895564079285,0.02270958200097084,0.7958217263221741,0.005797251593321562,0.9110072255134583,-0.004098908975720406,0.8312724232673645,0.00515254819765687,0.6816693544387817,0.0008587911142967641,1.8279377222061157,-0.009676776826381683,0.8283129334449768,0.02200988680124283,1.1012495756149292,-0.019129429012537003,0.6705102324485779,-0.00012613218859769404,0.6244014501571655,-0.026234595105051994,0.5404236912727356,0.001302414806559682,0.5291323065757751,-0.003717240411788225,0.5025445222854614,0.006045278627425432,0.4908478856086731,-0.004824347328394651,0.46064484119415283,0.003165795933455229,0.513521134853363,0.0017133363289758563,0.5025994181632996,-0.0022184697445482016,0.42192161083221436,0.3243200480937958,0.18764320015907288,0.34767946600914,0.23873867094516754,0.33934077620506287,0.269864559173584,0.43432050943374634,0.23881280422210693,0.6190600395202637,0.30304697155952454,0.32964691519737244,0.18978221714496613,0.3401298224925995,0.2293330579996109,0.4967794120311737,0.2827853858470917,0.6435319185256958,0.2716115415096283,0.6976984143257141,0.274495005607605,0.5107179880142212,0.22686679661273956,0.4414323568344116,0.23370496928691864,0.14010204374790192,0.07181337475776672,2330.3844574701343,675.5995089873039,3133.714770207127,768.2126503532974,0.04241152381528046,0.01708125642969002,123.046875
hips_dont_lie,0,9,9,none,smile,3,-241.39675903320312,67.7996826171875,122.42354583740234,33.86494445800781,-68.49584197998047,21.85660743713379,21.224327087402344,12.020054817199707,-29.393157958984375,9.53187370300293,9.843778610229492,10.329168319702148,-15.508971214294434,11.321263313293457,-3.533843755722046,9.34012508392334,-13.949636459350586,9.545896530151367,-1.3536794185638428,8.369776725769043,-10.462225914001465,8.209110260009766,0.1167571097612381,7.714913368225098,-9.235015869140625,9.193374633789062,0.6422275900840759,8.52662181854248,0.1604170799255371,5.632259368896484,-0.09056287258863449,3.0035595893859863,0.04382375255227089,2.024305820465088,-0.025588709861040115,1.755297303199768,0.0023100681137293577,1.7638658285140991,-0.016361219808459282,1.636479139328003,0.0017995545640587807,1.6439080238342285,-0.03146281838417053,1.450950026512146,-0.004529816564172506,1.4059069156646729,-0.010622263886034489,1.4470391273498535,-0.0026820972561836243,1.3885642290115356,-0.023823020979762077,1.463697075843811,-0.015390639193356037,3.906536817550659,0.0028585048858076334,2.813824415206909,0.02281777374446392,1.4832584857940674,-0.004601967055350542,1.1132400035858154,0.010839955881237984,0.991885244846344,0.00607885979115963,0.9565302729606628,0.0022664598654955626,0.8953130841255188,-0.0016435058787465096,0.8635382056236267,0.006235906854271889,0.8799516558647156,0.001639633090235293,0.8084982633590698,0.009663042612373829,0.921670138835907,-0.0005345054087229073,0.7309772968292236,4.3441032175906e-05,0.7887102961540222,0.4660617709159851,0.34269315004348755,0.3821451961994171,0.30072999000549316,0.20310495793819427,0.17985899746418,0.25430041551589966,0.29071080684661865,0.183852881193161,0.16304315626621246,0.28362053632736206,0.27053093910217285,0.26682478189468384,0.29789718985557556,0.3186889588832855,0.25455865263938904,0.3520209789276123,0.322366863489151,0.27510690689086914,0.22369365394115448,0.4868394136428833,0.3742251694202423,0.2950266897678375,0.24046680331230164,0.04339279234409332,0.019775573164224625,3355.944345256412,1300.135068491249,3072.6380375786302,813.1439983103849,0.10078540290753867,0.04513901366775071,198.76802884615384
hips_dont_lie,9,41,32,sway,big smile,3,-128.47203063964844,47.27170944213867,118.94804382324219,28.728614807128906,-26.673934936523438,19.374113082885742,43.36929702758789,17.38241195678711,-12.547100067138672,15.34616470336914,30.02785301208496,12.442988395690918,-14.12453842163086,11.596633911132812,14.94190502166748,11.068536758422852,-10.101283073425293,9.315320014953613,8.610957145690918,9.092761993408203,-1.322981834411621,8.393025398254395,4.399208068847656,8.271140098571777,-2.768132209777832,8.68744945526123,0.03465569019317627,9.92456340789795,0.013592991046607494,5.242552757263184,0.0204069372266531,2.979755401611328,0.002053425181657076,2.500889778137207,0.011287509463727474,2.4932713508605957,0.01171870157122612,1.863818645477295,0.009378185495734215,1.8874033689498901,0.009667942300438881,1.779188871383667,0.011132403276860714,1.4821300506591797,0.0017166163306683302,1.4455746412277222,0.0011667006183415651,1.5252577066421509,-0.0006742204423062503,1.339550256729126,0.000364194274879992,1.5220774412155151,-0.03210688754916191,5.833487510681152,0.01234528049826622,2.617624282836914,0.0037777982652187347,1.6333085298538208,-0.002348083071410656,1.3157896995544434,0.0037088494282215834,1.3300551176071167,-0.0008825772674754262,1.096191644668579,-0.00030731636798009276,1.076101541519165,-0.0035616010427474976,1.0010098218917847,0.0035838831681758165,0.8577726483345032,0.0022695146035403013,0.8364043831825256,0.00524583226069808,0.8816409707069397,0.0009900276781991124,0.7923553586006165,0.002835929160937667,0.8696445822715759,0.4675023853778839,0.3242311477661133,0.46479618549346924,0.3258671760559082,0.4039093554019928,0.28243714570999146,0.427361398935318,0.31657660007476807,0.39476096630096436,0.2912254333496094,0.3921433389186859,0.31323519349098206,0.3219888210296631,0.26391837000846863,0.3337209224700928,0.2669984996318817,0.42175281047821045,0.3232094645500183,0.40119102597236633,0.28271564841270447,0.49231433868408203,0.3428836762905121,0.4297936260700226,0.2915041148662567,0.13810859620571136,0.04569123685359955,3580.9517543230977,1279.840218670089,3848.744247215147,599.851959281799,0.07662615189744287,0.058989265847025574,99.38401442307692
hips_dont_lie,41,67,26,nod,neutral,2,-138.8629608154297,53.61481857299805,116.7059097290039,25.44911003112793,-28.74521827697754,18.0068302154541,44.68335723876953,17.572755813598633,-10.23645305633545,15.131937026977539,28.934295654296875,14.272513389587402,-13.665733337402344,9.736725807189941,10.692713737487793,11.577027320861816,-13.126136779785156,9.947257995605469,10.591472625732422,9.059103012084961,-3.596931219100952,8.640575408935547,5.84906530380249,8.394283294677734,-2.2721359729766846,9.77463436126709,0.03966674581170082,10.697127342224121,-0.04876704141497612,4.933381080627441,-0.01577269285917282,3.3589046001434326,0.00760264229029417,2.7611207962036133,-0.029185349121689796,2.3988664150238037,0.00111270637717098,2.131795883178711,-0.008579280227422714,1.6453666687011719,-0.011240704916417599,1.9341450929641724,-0.015781067311763763,1.6842511892318726,-0.013591603375971317,1.5453383922576904,-0.0094644445925951,1.556380033493042,0.005481640808284283,1.4201788902282715,0.00021516297420021147,1.7113853693008423,0.008779549039900303,6.437128067016602,-0.010691236704587936,2.7412543296813965,0.0067392331548035145,1.8768867254257202,-0.006787535268813372,1.4423503875732422,-0.002330493414774537,1.3776286840438843,-0.003030126914381981,1.261989951133728,0.0003209322749171406,0.951568603515625,-0.0003576950402930379,1.116208553314209,0.0007905300008133054,0.9998685121536255,-0.005941645707935095,0.9068806767463684,-0.0006779892719350755,0.9684727191925049,-0.0019124812679365277,0.8776410818099976,-6.551433762069792e-05,1.00197434425354,0.4787873327732086,0.3040410578250885,0.46503034234046936,0.3196098804473877,0.42750346660614014,0.28713303804397583,0.43994423747062683,0.3002973794937134,0.43181654810905457,0.2917232811450958,0.4538258910179138,0.32453036308288574,0.3796994388103485,0.27674147486686707,0.37210455536842346,0.2698047459125519,0.4118177890777588,0.313143789768219,0.4004368185997009,0.268468976020813,0.47765710949897766,0.32896384596824646,0.45106202363967896,0.2974967956542969,0.11926307529211044,0.03997259587049484,3562.1564996884567,1098.3704417366407,3872.866227083194,554.8349976320613,0.0733884538922991,0.044419111109820386,99.38401442307692
hips_dont_lie,67,95,28,sway,smile,3,-127.02710723876953,45.694358825683594,118.65106964111328,30.6765079498291,-27.01451301574707,19.203927993774414,40.091278076171875,14.98167610168457,-15.844531059265137,14.512654304504395,29.062273025512695,11.29119873046875,-15.380888938903809,12.716890335083008,17.529218673706055,10.100545883178711,-9.033677101135254,9.368142127990723,7.337892055511475,9.07911205291748,-1.3038642406463623,9.135956764221191,3.738804340362549,8.924928665161133,-4.227499485015869,8.549662590026855,0.023289287462830544,10.150370597839355,0.016630837693810463,5.773728847503662,0.001163654262199998,2.9713401794433594,0.0030544036999344826,2.3667173385620117,0.030061418190598488,2.527348041534424,0.003824956016615033,1.7704631090164185,0.005732158198952675,2.117335796356201,0.012223518453538418,1.6833993196487427,0.010064934380352497,1.5551003217697144,0.011785995215177536,1.4652526378631592,0.00441696448251605,1.5629054307937622,-0.0019192862091585994,1.51337468624115,0.0020608664490282536,1.4391194581985474,-0.009793299250304699,5.948765754699707,0.002631945302709937,2.792966604232788,0.0001887559483293444,1.6321829557418823,0.0032713357359170914,1.3056524991989136,-0.004450841806828976,1.3253976106643677,-0.004256577230989933,1.0236188173294067,4.7675017412984744e-05,1.2027252912521362,-0.005502073094248772,0.9059663414955139,-0.00569852814078331,0.9360286593437195,-0.004028462339192629,0.8385051488876343,0.005442201625555754,0.870435357093811,0.00015365543367806822,0.8607772588729858,0.003187582828104496,0.8386039733886719,0.42658600211143494,0.3189150393009186,0.39833056926727295,0.3299858868122101,0.3391692340373993,0.2788000702857971,0.3640613257884979,0.3191365599632263,0.3272693455219269,0.26947343349456787,0.3630790114402771,0.3143005967140198,0.28550878167152405,0.2532546818256378,0.3013607859611511,0.26665377616882324,0.42356744408607483,0.3370882570743561,0.39405789971351624,0.2802175283432007,0.49299511313438416,0.36978548765182495,0.40522414445877075,0.29379746317863464,0.14322486519813538,0.0461789034307003,3628.2882503335145,1376.3607367928053,3858.5230774099523,618.559631093843,0.07845477203824627,0.06461498194682494,132.51201923076923
hips_dont_lie,95,98,3,none,smile,3,-152.89356994628906,71.20779418945312,115.733642578125,42.97590637207031,-21.378694534301758,23.79454231262207,43.77671813964844,20.781919479370117,-11.937360763549805,24.66456413269043,20.79949951171875,24.399635314941406,-19.653114318847656,18.505151748657227,20.346107482910156,12.03662109375,-10.92518138885498,11.382363319396973,1.5134069919586182,16.242895126342773,5.520282745361328,11.408187866210938,1.897254467010498,10.365843772888184,-0.1246669590473175,12.066442489624023,0.09606075286865234,10.079763412475586,-0.03263850510120392,6.737736225128174,0.1072181910276413,4.354187965393066,-0.18568375706672668,2.7722220420837402,0.04279555752873421,3.316399097442627,0.012274384498596191,2.520159959793091,0.05916354060173035,2.734622001647949,-0.060148123651742935,2.3130948543548584,-0.049652017652988434,1.5199872255325317,0.04085683077573776,2.0819430351257324,0.10460451990365982,2.1983046531677246,0.052059389650821686,1.7697113752365112,-0.047893673181533813,1.9627165794372559,-0.054088689386844635,5.7980217933654785,0.02347826585173607,3.088305711746216,0.021152134984731674,2.7761833667755127,-0.00465025519952178,1.1923483610153198,-0.049330972135066986,1.521715760231018,-0.06761130690574646,1.1520497798919678,-0.019654450938105583,1.4701385498046875,-0.038228727877140045,1.2201799154281616,-0.028904175385832787,0.8256093263626099,-0.019300729036331177,0.9937582015991211,0.044748179614543915,1.1388522386550903,0.010090697556734085,0.9275818467140198,0.04958180710673332,1.0856897830963135,0.3961051106452942,0.3245188593864441,0.43690231442451477,0.34524545073509216,0.39531078934669495,0.30038759112358093,0.41040292382240295,0.36271601915359497,0.31050994992256165,0.28146466612815857,0.2819601893424988,0.2940000295639038,0.24809029698371887,0.28649014234542847,0.2177092283964157,0.2514116168022156,0.24146533012390137,0.26252803206443787,0.3246285021305084,0.3116777837276459,0.40325167775154114,0.34984707832336426,0.3320218324661255,0.3046536445617676,0.15474271774291992,0.04112262278795242,3523.527314105553,1701.3779088837764,3691.5638513854906,771.1789051091233,0.07783278535231661,0.07008204413768243,77.1338619402985
hips_dont_lie,98,115,17,nod,smile,2,-144.49034118652344,55.590660095214844,118.9493179321289,30.356460571289062,-23.931495666503906,20.877241134643555,43.09764099121094,17.06949806213379,-10.485411643981934,17.0780086517334,29.45295524597168,13.441930770874023,-17.702289581298828,14.197096824645996,18.740617752075195,11.032340049743652,-5.943868637084961,9.991755485534668,4.066712856292725,9.283209800720215,3.132025957107544,10.632561683654785,3.303903818130493,9.53870964050293,0.6560884714126587,10.699248313903809,-0.047450240701436996,12.954170227050781,-0.0013732884544879198,5.728835105895996,-0.020020505413413048,3.4620296955108643,0.01171605009585619,2.7178940773010254,-0.0005038316594436765,2.8980021476745605,0.007138754706829786,2.257352113723755,-0.012216162867844105,2.1211605072021484,-0.0018230392597615719,1.882570743560791,0.009437616914510727,1.694531798362732,-0.0096377432346344,1.631868839263916,-0.004325441084802151,2.19899582862854,-0.0250928346067667,1.7263169288635254,-0.008351519703865051,1.9382314682006836,-0.01276835985481739,7.509317398071289,0.00743296230211854,3.246934652328491,0.018900511786341667,1.96708083152771,-0.007309957407414913,1.5336943864822388,0.009749887511134148,1.6988515853881836,0.0018520368030294776,1.3259981870651245,-0.0006034069810993969,1.2021198272705078,-0.011314116418361664,1.0674751996994019,-0.010124648921191692,1.0553295612335205,-0.006603123154491186,0.9908725023269653,0.003973233979195356,1.2338099479675293,-0.009258476085960865,0.9719868302345276,-0.003137631108984351,1.1008191108703613,0.38780128955841064,0.3123929798603058,0.37126457691192627,0.33093592524528503,0.3396894037723541,0.29843008518218994,0.3385635316371918,0.32190069556236267,0.3239806890487671,0.30091118812561035,0.33336228132247925,0.3236728310585022,0.29976117610931396,0.2868841886520386,0.3259541690349579,0.3038387894630432,0.36958685517311096,0.33802059292793274,0.35533931851387024,0.30127638578414917,0.4163033366203308,0.3617323040962219,0.3847481310367584,0.3093573749065399,0.1543700098991394,0.04295876622200012,3375.7407618339507,1348.14646482747,3784.313818660779,637.2816697693858,0.06294328604948805,0.05862744582665571,99.38401442307692
hips_dont_lie,115,127,12,sway,"smile, frown",2,-127.17037963867188,55.46998977661133,129.40350341796875,23.6427001953125,-33.886348724365234,16.637975692749023,37.811344146728516,16.62529754638672,-13.167816162109375,13.806106567382812,25.015913009643555,12.508170127868652,-14.678485870361328,10.240826606750488,13.606956481933594,10.993191719055176,-9.209991455078125,9.326098442077637,7.779685974121094,8.362946510314941,-1.7213728427886963,7.998498439788818,5.9537353515625,8.341800689697266,-0.21470937132835388,8.959171295166016,0.03549719601869583,11.566508293151855,-0.004134880844503641,4.333824634552002,0.00830987561494112,2.905881643295288,0.0314163863658905,2.3748903274536133,1.5079859622346703e-05,2.1479811668395996,0.012386768124997616,2.002615451812744,0.044511307030916214,1.7550203800201416,-0.0049116043373942375,1.7759333848953247,-0.02120608650147915,1.618908166885376,0.03257206082344055,1.5323091745376587,-0.0008690666290931404,1.4213460683822632,0.03695366904139519,1.3279772996902466,-0.006564151495695114,1.5771697759628296,-0.0469629243016243,6.661458969116211,0.015193271450698376,2.338308334350586,-0.006582561880350113,1.6586320400238037,-0.018307331949472427,1.2689547538757324,-0.00667765736579895,1.1718424558639526,-0.0024922823067754507,1.0647127628326416,0.0023825159296393394,0.970123827457428,-0.007015806622803211,0.9441202878952026,0.004842621739953756,0.890000581741333,-0.006695850752294064,0.8321222066879272,0.005605797283351421,0.8836792707443237,-0.005022421479225159,0.8120113611221313,0.0009488367941230536,0.9737195372581482,0.4150858223438263,0.3056504428386688,0.40274786949157715,0.2957623302936554,0.4341201186180115,0.28594374656677246,0.5194799900054932,0.31584641337394714,0.47366365790367126,0.26972147822380066,0.45201659202575684,0.3161126971244812,0.38693103194236755,0.29094943404197693,0.40061935782432556,0.277521550655365,0.42310962080955505,0.29915720224380493,0.4211101830005646,0.2849862575531006,0.47901755571365356,0.3260912001132965,0.42007407546043396,0.3018879294395447,0.1349877119064331,0.04179094731807709,3180.762109337582,914.8867820160397,3662.641930669793,581.7734756453975,0.0619276625967118,0.03204600767314829,99.38401442307692
hips_dont_lie,127,144,17,sway,smile,1,-103.81683349609375,40.7984619140625,121.59935760498047,27.040964126586914,-29.862552642822266,18.541831970214844,44.282379150390625,14.224234580993652,-13.572256088256836,14.062735557556152,30.862638473510742,10.316351890563965,-12.969683647155762,10.483393669128418,15.701704978942871,11.192821502685547,-12.563591003417969,8.689844131469727,7.941903591156006,8.214771270751953,-3.832631826400757,7.300496578216553,4.436550617218018,8.075165748596191,-2.643284559249878,8.889981269836426,-0.0004565762938000262,8.470274925231934,0.0036432312335819006,4.84335470199585,0.004157560411840677,2.5692508220672607,0.0008838849025778472,2.2340457439422607,0.004670127294957638,2.405893325805664,-0.0005452917539514601,1.6419044733047485,0.00192315224558115,1.8098723888397217,0.0066016134805977345,1.805714726448059,-0.010637902654707432,1.3828943967819214,-0.001286539831198752,1.3950985670089722,-4.891779462923296e-05,1.2875988483428955,0.005918532144278288,1.1815835237503052,0.015427665784955025,1.5230088233947754,-0.01816757582128048,4.937267303466797,-0.004203577060252428,2.5388479232788086,0.009992147795855999,1.3539748191833496,0.008308072574436665,1.2183212041854858,0.0042442562989890575,1.2458857297897339,-0.002919683000072837,0.9745000600814819,-0.007955220527946949,0.9704992771148682,-0.002932785777375102,0.9534610509872437,0.004469864070415497,0.8163674473762512,0.0010240821866318583,0.8066592812538147,-0.004191604908555746,0.7817386388778687,-0.004917648155242205,0.7299710512161255,-0.004157206509262323,0.8541897535324097,0.5216204524040222,0.31764334440231323,0.5111527442932129,0.32739120721817017,0.4459996819496155,0.28582510352134705,0.4455975592136383,0.30725741386413574,0.39917001128196716,0.28688445687294006,0.39133599400520325,0.31329989433288574,0.29210731387138367,0.24223357439041138,0.32095322012901306,0.26230770349502563,0.39745885133743286,0.31586045026779175,0.34816262125968933,0.25988316535949707,0.414935827255249,0.31200262904167175,0.4012751877307892,0.27721938490867615,0.15593138337135315,0.03997610881924629,3595.0024217473083,1192.1152523611727,3829.445262413616,574.9053512250633,0.07949985334897611,0.05533005534433467,99.38401442307692
hips_dont_lie,144,158,14,none,neutral,3,-150.0823974609375,57.494815826416016,111.93514251708984,29.12493133544922,-27.065275192260742,22.45296287536621,44.171051025390625,17.0340576171875,-9.929234504699707,15.546636581420898,24.96859359741211,15.142796516418457,-13.723527908325195,11.599203109741211,11.260674476623535,10.420761108398438,-9.989676475524902,9.622339248657227,14.03783130645752,9.560081481933594,-3.0856387615203857,9.209992408752441,8.186322212219238,10.120833396911621,2.5876266956329346,10.232148170471191,0.03525882214307785,11.709004402160645,0.01303852628916502,4.741824626922607,0.006216971203684807,3.6406564712524414,-0.01921379566192627,2.5400021076202393,-0.019729547202587128,2.2297146320343018,-0.007710691075772047,2.114307403564453,0.01608472876250744,1.817587971687317,0.01763061061501503,1.7269784212112427,0.026743818074464798,1.4965893030166626,0.01516982726752758,1.5614426136016846,0.013780465349555016,1.5734541416168213,0.014687750488519669,1.4934625625610352,0.0023727479856461287,1.7929195165634155,-0.0009530148236081004,6.528865814208984,-0.004952193237841129,2.4683284759521484,0.016904344782233238,2.146636486053467,-0.003378456924110651,1.403295874595642,-0.008271878585219383,1.1984586715698242,-0.011600582860410213,1.1559951305389404,-0.0005581321893259883,0.9844033718109131,-0.0005097618559375405,0.9549943804740906,0.006940686609596014,0.855553150177002,0.004194431472569704,0.9165040254592896,0.00808820128440857,0.9057964086532593,0.003981111571192741,0.8579784035682678,-0.0013224727008491755,1.0202325582504272,0.4008370637893677,0.29754742980003357,0.40589937567710876,0.29987114667892456,0.4005074203014374,0.2938418984413147,0.37927985191345215,0.3028546869754791,0.4123140275478363,0.29251664876937866,0.5127409100532532,0.343697190284729,0.4624137878417969,0.329729825258255,0.4046003222465515,0.3038772642612457,0.3698997497558594,0.3044103682041168,0.36421069502830505,0.28642594814300537,0.412568598985672,0.33483049273490906,0.38028645515441895,0.29687437415122986,0.12258584797382355,0.04518456757068634,3573.0556764436596,1130.4158169716516,3891.8329472267433,628.818567059404,0.07077001062396351,0.040874676637514165,99.38401442307692
hips_dont_lie,158,187,29,shake,neutral ,2,-143.2557373046875,65.1515884399414,106.13678741455078,34.16386413574219,-14.053670883178711,22.211305618286133,51.528526306152344,20.274354934692383,-13.230584144592285,16.47516632080078,31.738428115844727,13.972283363342285,-10.760453224182129,11.957053184509277,15.865036010742188,11.061680793762207,-7.211874008178711,10.337644577026367,10.815743446350098,8.87561321258545,-2.624962091445923,10.29839038848877,5.571588516235352,8.921027183532715,-1.4751501083374023,9.624996185302734,-0.023980489000678062,12.707978248596191,0.002842108253389597,5.9258551597595215,-0.004607309587299824,3.8730087280273438,0.011208904907107353,3.059032678604126,-0.0013501584762707353,2.77085542678833,0.007875504903495312,2.2842788696289062,0.0013731084764003754,1.9821175336837769,-0.01102966908365488,1.9110093116760254,-0.014171965420246124,1.6914923191070557,-0.0014612054219469428,1.5411378145217896,-0.006997774355113506,1.643552541732788,-0.008364708162844181,1.5057324171066284,-0.005705532152205706,1.6892387866973877,0.0038096746429800987,7.258237361907959,-0.0052663893438875675,2.9425525665283203,0.0060415975749492645,2.34725022315979,-0.002092430368065834,1.5708370208740234,-0.005322468001395464,1.492857813835144,-0.010418947786092758,1.311715841293335,0.006241403054445982,1.1213966608047485,-0.0032118104863911867,1.0591754913330078,0.0029919131193310022,1.0017859935760498,-0.0004420962941367179,0.9391440749168396,-0.006967906374484301,0.9626936912536621,0.0015281641390174627,0.876616358757019,0.003482385305687785,0.9760218262672424,0.4377990663051605,0.3227280080318451,0.43310225009918213,0.3065197467803955,0.4066641926765442,0.30489277839660645,0.42430800199508667,0.3163767457008362,0.47815585136413574,0.3070463538169861,0.5847840309143066,0.3302946984767914,0.5723062753677368,0.29077181220054626,0.512724757194519,0.3102705776691437,0.45090556144714355,0.30288010835647583,0.4187134802341461,0.3165942430496216,0.42102861404418945,0.317914754152298,0.4355410039424896,0.33378419280052185,0.1395418792963028,0.04777374863624573,3823.3815609594694,1411.9411040983525,4058.799525800721,614.9775831511162,0.0746888526446157,0.06212948968347033,99.38401442307692
hips_dont_lie,187,204,17,nod,smile,2,-123.885498046875,41.76640701293945,117.23199462890625,30.763120651245117,-32.81642532348633,18.592851638793945,39.16458511352539,14.154409408569336,-17.427642822265625,12.973564147949219,28.170808792114258,11.592147827148438,-14.127070426940918,12.09911823272705,17.695220947265625,8.891803741455078,-9.716944694519043,9.102470397949219,8.184680938720703,9.240466117858887,-1.6231131553649902,9.112300872802734,4.940759181976318,8.263484954833984,-6.062255859375,8.214685440063477,0.03677840530872345,9.785109519958496,-0.007016399409621954,5.974408149719238,0.017346132546663284,3.047804832458496,0.012601299211382866,2.440871477127075,0.005862105172127485,2.257728338241577,0.024281131103634834,1.840839147567749,0.0015176499728113413,2.008713483810425,0.009999151341617107,1.572392225265503,-0.005206669680774212,1.5191367864608765,0.001254511997103691,1.4466025829315186,0.01893184334039688,1.577273964881897,-0.005400954280048609,1.4694955348968506,-0.0072281938046216965,1.330323338508606,-0.0419553779065609,5.8929033279418945,0.0013483698712661862,2.9546773433685303,0.012245766818523407,1.6495819091796875,-0.0049552214331924915,1.2546415328979492,0.013045037165284157,1.2936843633651733,-0.0007443157956004143,1.0935734510421753,0.006896860897541046,1.2271922826766968,-0.004458667244762182,0.9425464868545532,0.007021821103990078,0.9675696492195129,-0.004424403887242079,0.8450883030891418,0.004802065435796976,0.9292357563972473,0.0007632860797457397,0.8924310207366943,0.0062341815792024136,0.8336489796638489,0.44821643829345703,0.31479397416114807,0.41101324558258057,0.3156036138534546,0.327457070350647,0.271937757730484,0.33681416511535645,0.31180495023727417,0.30999502539634705,0.2642330825328827,0.3770117163658142,0.31040695309638977,0.3042089343070984,0.24137121438980103,0.30434203147888184,0.25461775064468384,0.4417092204093933,0.3087654411792755,0.4402397572994232,0.25368744134902954,0.6066626906394958,0.3631666600704193,0.51105797290802,0.3161398768424988,0.13572034239768982,0.045789651572704315,3728.719688792607,1404.036172054915,3827.1141059037272,620.7352601674443,0.08629979468856655,0.06808054849963362,132.51201923076923
hips_dont_lie,204,217,13,none,neutral,0,-274.6392822265625,128.39356994628906,120.56983947753906,44.87830352783203,-62.634666442871094,28.584077835083008,8.96714973449707,17.946680068969727,-20.67763900756836,10.843133926391602,0.40116578340530396,12.444184303283691,-7.235347270965576,10.575980186462402,-5.429462432861328,10.869558334350586,-8.941224098205566,8.509733200073242,-1.0541331768035889,7.353124618530273,-9.388765335083008,6.807394981384277,-0.3415152430534363,6.981534957885742,-9.248610496520996,8.462786674499512,-0.445669025182724,4.120565891265869,-0.08697552978992462,3.5400869846343994,0.005660445429384708,2.204728364944458,-0.031354691833257675,1.4794708490371704,0.011825350113213062,1.1454882621765137,-0.029723092913627625,1.3961430788040161,0.01949453540146351,1.2122761011123657,-0.016416706144809723,1.1106661558151245,0.013318243436515331,1.0743980407714844,-0.002932969480752945,0.975809633731842,-0.00633797375485301,1.0679007768630981,-0.0005572744994424284,1.1786137819290161,0.011793509125709534,1.1082693338394165,0.005749023985117674,2.2407007217407227,-0.003496035933494568,1.7363662719726562,0.010401460342109203,1.0404951572418213,0.0013475692830979824,0.8017404079437256,0.009032510221004486,0.6906947493553162,-0.00372982956469059,0.8061296343803406,0.0027519110590219498,0.6486538052558899,-0.008513002656400204,0.6818241477012634,0.00034239632077515125,0.6534627676010132,-0.005976612213999033,0.5848420262336731,0.003821784630417824,0.6787109375,-0.0018289531581103802,0.6489192843437195,-0.000661353871691972,0.6275606155395508,0.34954822063446045,0.2896231710910797,0.4611295461654663,0.3329921066761017,0.2047085016965866,0.14353743195533752,0.2044774889945984,0.2490377575159073,0.1521005928516388,0.11316663026809692,0.2910618782043457,0.23991604149341583,0.22316861152648926,0.2547043561935425,0.29579558968544006,0.2466990053653717,0.4105195999145508,0.32177117466926575,0.2506198287010193,0.1690184324979782,0.6095711588859558,0.3778580129146576,0.24315468966960907,0.15955086052417755,0.04729562997817993,0.03165476396679878,3338.7464406559566,1608.217482371028,3063.8352403810545,1174.2259772282505,0.10773533412388393,0.056136384063417734,99.38401442307692
i_will_always_love_you,0,45,45,none,neutral,0,-480.3606262207031,109.00676727294922,78.43231964111328,40.6591911315918,5.189047813415527,30.539188385009766,26.980789184570312,22.893518447875977,11.285778999328613,18.461763381958008,10.726150512695312,9.792914390563965,-12.595107078552246,22.489450454711914,-2.2716526985168457,14.218785285949707,2.5363352298736572,8.274760246276855,-11.892804145812988,13.82335376739502,1.9410786628723145,8.92913818359375,-3.42637300491333,9.741509437561035,-4.230607986450195,7.847715377807617,-0.020094363018870354,5.6533942222595215,-0.018327031284570694,2.6071090698242188,-0.002067752880975604,2.085237979888916,-0.0021105289924889803,1.7263808250427246,-0.0028823507018387318,1.410801887512207,-0.0015813034260645509,0.994742751121521,0.0009058587020263076,1.4139196872711182,-0.0009110640967264771,1.0368765592575073,-0.00034564518136903644,0.8881290555000305,-7.490132702514529e-05,1.095545768737793,0.0008286807569675148,0.8975077271461487,-0.0017349087866023183,0.8680739402770996,-0.002382808132097125,0.8522926568984985,0.001169092021882534,2.104235887527466,0.0008719487814232707,1.2145836353302002,-0.0006686224369332194,0.9268040060997009,-0.0016017670277506113,0.7798817157745361,-0.0013780525187030435,0.7269838452339172,-0.0007260543061420321,0.566625714302063,-0.0004297225968912244,0.6991938948631287,9.449233766645193e-05,0.5627551078796387,0.001122695510275662,0.5134307742118835,0.0009938525035977364,0.5831379294395447,-0.00011574010568438098,0.5261528491973877,-0.00011451842146925628,0.511945366859436,0.0006810200284235179,0.5120065212249756,0.3824516534805298,0.3978305459022522,0.3651162087917328,0.389259397983551,0.33927375078201294,0.34765443205833435,0.33381253480911255,0.3507530987262726,0.3520616888999939,0.3759080767631531,0.32581326365470886,0.3379134237766266,0.3294910788536072,0.3330894708633423,0.34667420387268066,0.3630211353302002,0.34755003452301025,0.35704898834228516,0.3610105514526367,0.3850593864917755,0.34318941831588745,0.3462430536746979,0.35747307538986206,0.35181060433387756,0.019890302792191505,0.02468123473227024,3938.961630795938,1950.5734147528656,4733.427146267907,1381.153009282264,0.03969300765125129,0.0458121959964144,139.6748310810811
i_will_always_love_you,45,103,58,sway,neutral,1,-296.93499755859375,75.00951385498047,154.57008361816406,34.38156509399414,-6.111810207366943,23.77196502685547,32.80001449584961,20.315458297729492,10.983901977539062,18.273000717163086,9.2493257522583,10.330100059509277,-9.348237991333008,14.231256484985352,1.3124194145202637,10.485897064208984,0.19377240538597107,10.533684730529785,-9.47714614868164,12.745720863342285,2.9808554649353027,7.915215969085693,-0.9871373772621155,9.834098815917969,-8.049886703491211,8.972309112548828,0.08521372079849243,5.354886054992676,0.033264145255088806,2.8738815784454346,-0.011619987897574902,2.065356969833374,0.0038625409360975027,1.7833715677261353,-0.0014696884900331497,1.5817465782165527,-1.5190069461823441e-05,1.1299633979797363,-0.005637811962515116,1.2794283628463745,-0.002573608886450529,1.177725911140442,-0.0007699574343860149,1.033489465713501,-0.007212775759398937,1.229756236076355,-0.0009553981362842023,0.973065972328186,0.006891096476465464,1.0080486536026,-0.0007518328493461013,0.99015212059021,-0.00024432825739495456,2.7234909534454346,0.00031549553386867046,1.471731424331665,0.002706047147512436,1.1294728517532349,-0.001459984458051622,0.9325317144393921,-0.0005266725784167647,0.8227731585502625,-0.0027168006636202335,0.6775292158126831,-0.00027629922260530293,0.7013262510299683,0.0014968588948249817,0.6741541028022766,-0.0002566173789091408,0.6029749512672424,0.0007426907541230321,0.6966363787651062,-0.0012382162967696786,0.6117429137229919,-0.0019188476726412773,0.6100016236305237,0.0006081639439798892,0.5974574685096741,0.2892722487449646,0.28243881464004517,0.31291279196739197,0.31910640001296997,0.2713347375392914,0.2905196249485016,0.2749534547328949,0.2732909321784973,0.3214052617549896,0.33225366473197937,0.2772257924079895,0.28022703528404236,0.2718648910522461,0.2916527986526489,0.28920280933380127,0.2574917674064636,0.5026219487190247,0.31572815775871277,0.6183448433876038,0.3652428686618805,0.41109034419059753,0.2736824154853821,0.3507530689239502,0.33177053928375244,0.05987032130360603,0.037840232253074646,2117.003424201018,1222.8818176285906,3051.954465442511,932.6928570008106,0.034480220895466374,0.025181497663082034,135.99917763157896
i_will_always_love_you,103,125,22,none,smile,3,-177.10906982421875,31.938312530517578,161.7789306640625,21.327106475830078,-33.90793228149414,15.977339744567871,29.62526512145996,12.495233535766602,9.530109405517578,16.66110610961914,17.602277755737305,11.00163745880127,-15.38341236114502,9.66020679473877,6.973331451416016,9.76705265045166,7.5178141593933105,8.67902946472168,-8.587592124938965,10.510009765625,3.9088454246520996,8.566571235656738,13.098043441772461,12.125970840454102,-10.24523639678955,9.40502643585205,0.06049475818872452,4.65642786026001,-0.045497775077819824,3.29052996635437,-0.00017554149962961674,2.2024624347686768,0.003668332938104868,1.4028034210205078,0.002078794641420245,1.3292317390441895,0.016385521739721298,1.2684080600738525,0.005932890344411135,1.193292498588562,-0.0018785858992487192,1.1921828985214233,-0.003453976009041071,1.0605955123901367,0.013172210194170475,1.373938798904419,-0.009842904284596443,1.1184102296829224,-0.009183580055832863,1.2517510652542114,-0.016936853528022766,1.0898404121398926,0.027521125972270966,2.458678722381592,-0.020251620560884476,1.7573076486587524,0.013169043697416782,1.277368426322937,-0.010332859121263027,0.8074434995651245,-0.0008097588433884084,0.7436334490776062,-0.0028019086457788944,0.6909947395324707,0.001146098249591887,0.6677778363227844,0.0003357591631356627,0.7069727182388306,-0.004907234571874142,0.6013364791870117,0.004397454205900431,0.8074492812156677,-0.0030280451755970716,0.6344174742698669,0.003385756863281131,0.6903269290924072,-0.00013149288133718073,0.6510275602340698,0.16268262267112732,0.22637557983398438,0.2107895165681839,0.294077068567276,0.17014195024967194,0.2469177097082138,0.21070843935012817,0.2533523440361023,0.2848411202430725,0.31363722681999207,0.19021005928516388,0.24164406955242157,0.19697387516498566,0.2528640925884247,0.19640718400478363,0.21935094892978668,0.42768940329551697,0.3293200135231018,0.6788642406463623,0.3648357093334198,0.26761695742607117,0.2301565706729889,0.17113806307315826,0.23904217779636383,0.15303580462932587,0.057585328817367554,2194.863356485088,650.9839636041996,2709.232783411719,691.1183354724069,0.055458185603562006,0.02198418277071394,67.11647727272727
i_will_always_love_you,125,160,35, sway,neutral,2,-177.29254150390625,36.5742301940918,157.70046997070312,27.22014808654785,-36.8724250793457,18.855802536010742,40.517601013183594,14.422700881958008,15.165980339050293,10.61410140991211,11.365850448608398,8.546334266662598,-11.077930450439453,9.128263473510742,7.790656089782715,9.472771644592285,-1.9735705852508545,7.72951602935791,-3.8362863063812256,10.835062980651855,-6.857425689697266,7.033931732177734,6.256889343261719,8.934001922607422,-0.6209738850593567,11.382530212402344,-0.02602970227599144,5.143491744995117,0.020207032561302185,3.6101760864257812,-0.012670723721385002,2.7412021160125732,-0.0021440281998366117,1.516537070274353,-0.009290933609008789,1.2128125429153442,-0.0012602369533851743,1.168923258781433,0.0018329074373468757,1.1157780885696411,0.009309809654951096,1.090818166732788,0.002294286387041211,1.0365694761276245,-0.0012262486852705479,1.217255711555481,0.0004302684392314404,0.9849780201911926,-0.0015429346822202206,1.1676615476608276,0.011726725846529007,1.1796512603759766,0.002610384952276945,2.7883410453796387,-0.004026424139738083,1.9183952808380127,0.0036883472930639982,1.5381287336349487,-0.000832940568216145,0.8746574521064758,0.0018292686436325312,0.6830639243125916,-0.000767266086768359,0.6967471837997437,0.0004423521750140935,0.6492456197738647,-0.0016989532159641385,0.6517848968505859,-0.000908542366232723,0.6209143400192261,-0.0007433696882799268,0.7359567880630493,-0.0018048068741336465,0.6085954308509827,-0.003297277493402362,0.6945000290870667,0.0015606236411258578,0.6822549700737,0.31252190470695496,0.24056102335453033,0.40251415967941284,0.3337295651435852,0.251430869102478,0.21142317354679108,0.3699401021003723,0.26931965351104736,0.5266643762588501,0.33098018169403076,0.35031911730766296,0.23830583691596985,0.36417049169540405,0.3145490288734436,0.32272666692733765,0.20894768834114075,0.5262901186943054,0.26531726121902466,0.5929282903671265,0.319744348526001,0.36832916736602783,0.21375484764575958,0.37437471747398376,0.30142009258270264,0.10518878698348999,0.04230419173836708,2341.4811157039435,739.4668099253232,2861.9451837758397,702.6454866051319,0.06108179804104478,0.02599136046845127,67.11647727272727
i_will_always_love_you,160,173,13,nod,neutral,2,-231.28302001953125,58.75758743286133,157.85511779785156,30.24114990234375,-16.559303283691406,25.24517059326172,27.079666137695312,18.98746681213379,8.532444953918457,12.1063871383667,16.896337509155273,10.550028800964355,-10.980111122131348,12.266310691833496,12.096200942993164,11.514071464538574,5.460615158081055,9.404271125793457,-5.406966686248779,13.283271789550781,5.637686729431152,10.714077949523926,10.774986267089844,13.157182693481445,-10.758042335510254,7.886890411376953,-0.013637879863381386,7.501221656799316,-0.008148997090756893,4.328656196594238,-0.008303441107273102,3.1479194164276123,0.0025518860202282667,2.030003547668457,-0.0027556929271668196,1.6174720525741577,0.011556295678019524,1.4328314065933228,-0.005227470304816961,1.4743634462356567,-0.011067931540310383,1.4160975217819214,-0.005837650038301945,1.3423372507095337,-0.00433504581451416,1.6829607486724854,0.002887299982830882,1.25369131565094,0.005364518612623215,1.3082534074783325,-0.0018326214049011469,1.087289810180664,-0.02676342986524105,4.118436336517334,-0.016072895377874374,2.2689273357391357,0.0062475502490997314,1.8734978437423706,-0.0015105119673535228,1.1249240636825562,0.020217040553689003,0.8915138244628906,0.008193491026759148,0.7965856194496155,0.006766293663531542,0.8378353714942932,-0.005493266973644495,0.8000636100769043,-0.0025746694300323725,0.7716985940933228,-0.003026125021278858,0.9235857725143433,0.0012704830151051283,0.6984390020370483,0.0028789218049496412,0.7998577356338501,-0.0018744560657069087,0.6390666961669922,0.3482075035572052,0.2873843014240265,0.4220963716506958,0.332491397857666,0.3092782199382782,0.27196788787841797,0.2188871055841446,0.19897498190402985,0.3474615514278412,0.3246285021305084,0.3160102069377899,0.27803024649620056,0.30944523215293884,0.2905723750591278,0.2935734987258911,0.2512057423591614,0.4050184488296509,0.3054046034812927,0.5249007940292358,0.39389050006866455,0.41222062706947327,0.31356292963027954,0.3597407341003418,0.278300404548645,0.09088890999555588,0.048568516969680786,2198.9335391745376,976.9140586869221,3038.409408860341,786.4284371673479,0.042174857003348214,0.03019252194258769,67.11647727272727
i_will_always_love_you,173,185,12,shake,frown,2,-169.9528045654297,43.39385986328125,155.7227783203125,28.31113052368164,-29.832250595092773,19.491111755371094,28.726531982421875,17.740562438964844,0.4180256426334381,16.5712833404541,22.333711624145508,9.802410125732422,-13.694218635559082,13.335052490234375,9.24597454071045,12.206609725952148,3.5780811309814453,8.949173927307129,-8.511085510253906,10.917787551879883,1.8564882278442383,8.043326377868652,8.472918510437012,11.117147445678711,-12.040765762329102,9.279830932617188,0.0690775141119957,6.061172008514404,-0.002694471273571253,4.257212162017822,-0.029338747262954712,2.617699146270752,0.007281201891601086,2.2106196880340576,0.005513152573257685,2.0581421852111816,-0.010880788788199425,1.4823808670043945,-0.012074613012373447,1.8357809782028198,-0.005022782366722822,1.2987140417099,-0.00400496507063508,1.2368022203445435,-0.012015786953270435,1.5451580286026,0.0008378489874303341,1.290326714515686,0.036106400191783905,1.3876808881759644,0.00736374082043767,1.1462833881378174,0.0025444021448493004,3.10774827003479,-0.0034121028147637844,2.0943763256073,0.001332435174845159,1.480198621749878,-0.005026756785809994,1.079163670539856,-0.0021714665926992893,1.0592385530471802,0.0005825036205351353,0.8031945824623108,0.0023595558013767004,0.98942631483078,-2.408465661574155e-05,0.7400378584861755,-0.005552496295422316,0.7007110714912415,0.001627967692911625,0.8737192749977112,0.00118449074216187,0.7993453145027161,-0.004405847284942865,0.7882845997810364,-0.0011154512176290154,0.6567560434341431,0.2937072813510895,0.2730942964553833,0.3409763276576996,0.3218457102775574,0.2817409038543701,0.2726965844631195,0.2971433997154236,0.25383710861206055,0.5264534950256348,0.35236167907714844,0.38759908080101013,0.3004274070262909,0.2763572037220001,0.2816033661365509,0.24987539649009705,0.24341775476932526,0.39283135533332825,0.3186928927898407,0.4808424711227417,0.3653033375740051,0.3644435703754425,0.30415207147598267,0.34992098808288574,0.3060097396373749,0.1303313821554184,0.05905161425471306,2472.558615039999,964.6792446780315,3012.6221563459126,696.7773859096877,0.0586324724975822,0.04117611925446133,67.99958881578948
i_will_always_love_you,185,191,6,none,frown,3,-300.2352600097656,113.20697784423828,160.113037109375,21.224985122680664,11.481717109680176,35.02434539794922,17.954164505004883,8.03785228729248,13.824504852294922,18.60553550720215,13.854045867919922,5.117632865905762,-7.719861030578613,9.385741233825684,7.81444787979126,11.2561674118042,1.0345916748046875,5.962536334991455,-15.871471405029297,11.018367767333984,5.829394340515137,7.153822898864746,17.269668579101562,11.859886169433594,0.9362637400627136,7.4482269287109375,-0.5727518796920776,1.740945816040039,-0.08023031800985336,1.3909567594528198,0.16074499487876892,1.0830132961273193,0.00261639803647995,0.9038039445877075,0.04486560449004173,0.9446427822113037,0.026475735008716583,0.8180505037307739,0.04197056218981743,0.7853239178657532,-0.013658905401825905,0.787865161895752,0.025482837110757828,0.8167696595191956,0.03189605474472046,0.8987377285957336,-0.012320859357714653,0.7639594078063965,-0.06542860716581345,0.8285144567489624,0.017917754128575325,0.743701159954071,-0.0007232928182929754,0.8541830778121948,0.030065329745411873,0.7706182599067688,-0.0075210812501609325,0.5748273134231567,0.0007936903857626021,0.5052376985549927,-0.016426751390099525,0.5585598945617676,-0.011593920178711414,0.5379153490066528,0.0033314446918666363,0.5133497714996338,0.0061111534014344215,0.5231078267097473,0.0018538812873885036,0.48260757327079773,-0.0003221863880753517,0.5064747929573059,0.002190479077398777,0.4916035830974579,-0.008974844589829445,0.507685124874115,0.004819497000426054,0.4980970323085785,0.33637309074401855,0.3043404519557953,0.17576542496681213,0.15459053218364716,0.18084850907325745,0.1616826355457306,0.3354218900203705,0.26162272691726685,0.5193801522254944,0.3502161502838135,0.4954068958759308,0.31769612431526184,0.5232874751091003,0.3288884162902832,0.5012457370758057,0.32228153944015503,0.5235101580619812,0.39010992646217346,0.3943238854408264,0.3311292827129364,0.30405622720718384,0.27027079463005066,0.43116310238838196,0.3872993290424347,0.08026143163442612,0.07562987506389618,1558.8508111538683,531.6465575887877,2751.5286564523008,464.72045959965277,0.028244756407156672,0.013762069753655057,126.04801829268293
i_will_always_love_you,191,197,6,none,big smile,3,-173.7930908203125,87.04472351074219,137.20826721191406,20.729183197021484,-33.59885787963867,29.63395118713379,33.97195053100586,14.208610534667969,4.030363082885742,11.947867393493652,20.51297950744629,8.432491302490234,-9.542803764343262,11.269000053405762,19.52731704711914,9.918060302734375,10.505743026733398,7.303539752960205,1.353393316268921,7.46213960647583,6.078856945037842,7.3331193923950195,-1.5316853523254395,7.370704174041748,-15.211426734924316,9.518157005310059,0.6023707985877991,7.488431930541992,-0.025170043110847473,2.649784803390503,-0.12222226709127426,2.4458963871002197,0.027930770069360733,1.4337365627288818,-0.06122282147407532,1.2399274110794067,-0.03676505386829376,1.1362131834030151,-0.044111307710409164,1.2508223056793213,0.03029460273683071,1.0387613773345947,0.010311433114111423,1.0402843952178955,0.019042640924453735,1.0984445810317993,0.009836832992732525,1.1237759590148926,0.022071847692131996,1.0992039442062378,-0.03420913964509964,0.9907394051551819,-0.04594478756189346,3.8069634437561035,0.04788953810930252,1.4317117929458618,-0.01569800265133381,1.275389313697815,0.010694235563278198,0.7997657060623169,-0.015334831550717354,0.7299708127975464,-0.01273732353001833,0.6155014634132385,-0.008586263284087181,0.7715056538581848,-0.0014598731650039554,0.6364949345588684,0.0038935672491788864,0.6155920624732971,-0.0004523132520262152,0.6254292726516724,0.010424965992569923,0.7088637351989746,-0.013467201963067055,0.6531177163124084,-0.0006421656580641866,0.5949321985244751,0.3001725971698761,0.20865321159362793,0.12810249626636505,0.25851860642433167,0.10063216835260391,0.20022505521774292,0.11069639027118683,0.21116246283054352,0.11509645730257034,0.23882199823856354,0.12558607757091522,0.23953719437122345,0.1719917207956314,0.22162899374961853,0.15383107960224152,0.2643588185310364,0.18771511316299438,0.33558744192123413,0.16817180812358856,0.2902255058288574,0.29681792855262756,0.2643376886844635,0.8639001846313477,0.26413393020629883,0.2098304033279419,0.08619775623083115,2391.3974741533707,534.4152793075366,2919.042259122495,605.3382183372598,0.051328087221953575,0.018388371930274622,67.11647727272727
i_will_always_love_you,197,235,38,sway,smile,3,-144.25131225585938,35.6146125793457,155.58140563964844,19.81028175354004,-37.46034240722656,13.400703430175781,34.62577438354492,10.970972061157227,-1.080277681350708,12.003552436828613,13.381261825561523,9.835310935974121,-8.411050796508789,8.307926177978516,9.304636001586914,8.486677169799805,4.563074111938477,9.426559448242188,-2.4525258541107178,10.056142807006836,0.28481942415237427,7.796855926513672,10.03373908996582,8.71279239654541,-4.9422221183776855,10.909380912780762,-0.05286435782909393,5.041103363037109,0.004281674511730671,3.142822504043579,0.012835635803639889,2.1437008380889893,-0.0008189503569155931,1.510471224784851,0.012518038973212242,1.375861406326294,0.003498472971841693,1.1304911375045776,0.0013262748252600431,1.1265496015548706,-0.009310111403465271,1.0676192045211792,-0.0003007726918440312,1.203579068183899,-0.005073989741504192,1.3246957063674927,-0.0015705472324043512,1.088502049446106,0.001831965520977974,1.1239992380142212,0.0010344958864152431,1.1115485429763794,0.003981863148510456,2.728914499282837,-0.007103864103555679,1.6432477235794067,0.0011585276806727052,1.194413661956787,0.0018152366392314434,0.8687260150909424,-0.004152003675699234,0.7919586300849915,0.0017119452822953463,0.6818604469299316,0.0015196367166936398,0.6925081610679626,0.00031218022922985256,0.6582030057907104,0.0003561964840628207,0.711370587348938,-0.00136430817656219,0.7498496770858765,-0.0017087268643081188,0.672134518623352,0.001486335531808436,0.6887540817260742,0.00035658053820952773,0.6514418721199036,0.19791971147060394,0.2352657914161682,0.11806301027536392,0.20887942612171173,0.11695394665002823,0.20935872197151184,0.141071155667305,0.23969513177871704,0.09937621653079987,0.16016677021980286,0.21226119995117188,0.2538853585720062,0.4948098361492157,0.40824949741363525,0.23378925025463104,0.25779274106025696,0.12881769239902496,0.21457254886627197,0.12750475108623505,0.19250892102718353,0.3319988548755646,0.33408400416374207,0.501368522644043,0.4008554518222809,0.18525919318199158,0.05457035079598427,2331.38034227095,549.559589097264,2844.9798111383398,627.7178495188814,0.05591789716325596,0.018978564101179703,135.99917763157896
i_will_always_love_you,235,269,34,none,thoughtful,3,-375.1856994628906,104.86158752441406,124.99925231933594,58.22664260864258,8.710944175720215,24.592124938964844,12.867246627807617,19.010822296142578,5.459319114685059,19.04044532775879,6.573007106781006,12.315260887145996,-10.273237228393555,12.678298950195312,-2.3451735973358154,9.833084106445312,-2.482693672180176,11.51408576965332,-18.404338836669922,17.37761116027832,1.1305776834487915,8.201358795166016,-0.16488116979599,8.54389476776123,-4.575942516326904,8.581283569335938,-0.09981140494346619,2.680263042449951,-0.049353279173374176,1.6983296871185303,0.000764122698456049,1.4171258211135864,-0.014119676314294338,1.2281156778335571,0.002607850357890129,1.200842261314392,-0.0026087763253599405,0.9746522307395935,0.0016298682894557714,0.9543718695640564,0.006256727501749992,0.9106526374816895,-0.0021678563207387924,0.8833970427513123,-0.0007401495822705328,0.8993064165115356,0.00100341544020921,0.8047544360160828,0.002638245467096567,0.837809681892395,0.0012342870468273759,0.875916600227356,-0.002136613940820098,1.337326169013977,-0.0014378183986991644,0.906394898891449,0.0020894596818834543,0.6940520405769348,-0.0005475602811202407,0.672437310218811,0.0009164133225567639,0.7162772417068481,-0.0012451163493096828,0.6030847430229187,-0.0008534456137567759,0.5479975938796997,0.000358727527782321,0.5179497599601746,-0.0010967039270326495,0.5226883888244629,-0.0009254986071027815,0.5259726643562317,-0.00028310532798059285,0.5127086043357849,0.00045697097084484994,0.5125018358230591,0.0004373836563900113,0.5054309964179993,0.31283804774284363,0.3250470459461212,0.2535021901130676,0.31133580207824707,0.2614114582538605,0.3245882987976074,0.28432610630989075,0.34587156772613525,0.24211077392101288,0.29933664202690125,0.3290697932243347,0.29286378622055054,0.5364398956298828,0.42098468542099,0.377146452665329,0.32201483845710754,0.2617485523223877,0.3327725827693939,0.24620427191257477,0.30825275182724,0.34948819875717163,0.3525997996330261,0.42370399832725525,0.37888258695602417,0.046157632023096085,0.0405152402818203,2367.3213062005916,1844.4905591798874,3414.468016212653,1428.4302082125985,0.02949842229643223,0.030971963754046893,132.51201923076923
la_vie_en_rose,0,13,13,none,neutral,0,-315.26702880859375,55.61673355102539,183.34671020507812,37.36013412475586,11.912494659423828,28.69557762145996,-16.732254028320312,25.613555908203125,14.683932304382324,12.520825386047363,11.892656326293945,16.248876571655273,0.09884899854660034,16.471450805664062,5.334152698516846,12.560150146484375,7.105240345001221,9.031959533691406,-0.273072212934494,8.972134590148926,1.5100897550582886,10.73194694519043,4.480746746063232,11.47273063659668,1.3156543970108032,11.486385345458984,0.469077467918396,5.835005283355713,0.0807330533862114,4.042529106140137,-0.09288609772920609,2.929873466491699,0.04156169295310974,2.637613534927368,0.00035882421070709825,1.5460466146469116,0.025266503915190697,1.667575478553772,-0.006485724821686745,1.586447834968567,0.00697978725656867,1.5629169940948486,0.014390429481863976,1.2105015516281128,-0.00017561060667503625,1.128849983215332,0.007614299189299345,1.2382190227508545,0.0038350007962435484,1.1709342002868652,-0.006254980340600014,1.2597755193710327,0.04109180346131325,2.437129259109497,-0.042729318141937256,1.8583143949508667,0.004905879031866789,1.2640390396118164,0.013708322308957577,1.125166893005371,-0.008379987441003323,0.8445966839790344,-0.004035673104226589,0.8057144284248352,-0.011612942442297935,0.7760003805160522,0.002726527163758874,0.7984243035316467,0.005882725585252047,0.6760727763175964,-0.0027386832516640425,0.6335828304290771,-0.008120877668261528,0.700767457485199,-0.01233422290533781,0.7138922810554504,-0.004600523039698601,0.659180760383606,0.8052329421043396,0.2954450845718384,0.41926437616348267,0.20325474441051483,0.2229105532169342,0.27409863471984863,0.18003815412521362,0.2215883731842041,0.2550029754638672,0.27163249254226685,0.31957343220710754,0.3420114815235138,0.2115752249956131,0.24647022783756256,0.3164392113685608,0.3286585211753845,0.24952812492847443,0.2929592728614807,0.26728326082229614,0.3276608884334564,0.21204806864261627,0.2396458387374878,0.3240078091621399,0.2596867084503174,0.1055482029914856,0.06666192412376404,1175.3833191335475,1347.3610200924431,1580.1112743409558,652.7800291600124,0.04261561802455357,0.0712472127612285,151.99908088235293
la_vie_en_rose,13,80,67,sway,"close eyes, smile",2,-248.04388427734375,64.46542358398438,166.8580780029297,34.19315719604492,-42.36321258544922,41.91584014892578,12.993242263793945,23.368860244750977,34.43193817138672,16.635976791381836,8.766595840454102,14.504236221313477,4.43248987197876,10.318607330322266,2.1888210773468018,10.285571098327637,2.8460752964019775,9.667865753173828,0.7315049767494202,9.646622657775879,1.6337611675262451,9.833793640136719,1.9532880783081055,9.595833778381348,-4.266646862030029,10.706901550292969,-0.036716148257255554,7.877094745635986,0.01874401979148388,3.8235528469085693,0.00980278942734003,4.857604503631592,-0.007549868430942297,2.8809924125671387,-0.0004269182390999049,1.999120831489563,-0.004768978338688612,1.8194832801818848,0.0005179780418984592,1.537740707397461,0.00010740494326455519,1.4407222270965576,0.0004898951156064868,1.3801946640014648,-0.0023282922338694334,1.2942113876342773,-0.0033487400505691767,1.2804886102676392,-0.0021949238143861294,1.1880463361740112,-0.0034720664843916893,1.292612075805664,0.004853172227740288,3.3987598419189453,-0.00042633950943127275,1.7772624492645264,-0.0018194379517808557,2.116818428039551,-0.0007581585086882114,1.3240638971328735,0.002037989441305399,1.000881552696228,-0.0013358932919800282,0.9033458232879639,0.0011342366924509406,0.8331937193870544,0.001337736495770514,0.8055518269538879,0.0010462159989401698,0.7494425177574158,-0.002312531927600503,0.6971007585525513,-0.002238528337329626,0.7055877447128296,-0.0016579162329435349,0.6888203620910645,0.00045528769260272384,0.7204036712646484,0.44583576917648315,0.36047136783599854,0.2882590889930725,0.26653388142585754,0.29342174530029297,0.30832481384277344,0.2851385176181793,0.2408551424741745,0.4141157269477844,0.3330947756767273,0.3284994065761566,0.308292955160141,0.32366207242012024,0.2644941806793213,0.39109858870506287,0.3344467580318451,0.352573037147522,0.302347868680954,0.4234699606895447,0.3588259816169739,0.31403234601020813,0.26737338304519653,0.43349969387054443,0.3521043360233307,0.14300768077373505,0.08392580598592758,1659.755586281812,625.7301259463623,1727.8638189831993,444.1288759084929,0.05908346961098596,0.032745071955806664,87.5926906779661
la_vie_en_rose,80,93,13,nod,neutral,2,-302.424072265625,47.84404754638672,176.67002868652344,29.7783260345459,4.628818511962891,29.100629806518555,-11.169804573059082,22.66360092163086,18.900390625,13.823331832885742,10.536320686340332,20.03227996826172,4.3782267570495605,16.26584815979004,8.032870292663574,12.375178337097168,2.231940507888794,9.92288875579834,-3.227635145187378,7.769304275512695,1.5231317281723022,11.785476684570312,2.269066095352173,12.78246784210205,0.34382253885269165,10.560160636901855,-0.07270243018865585,5.0858073234558105,-0.01836797408759594,2.8157997131347656,0.051022034138441086,2.7583162784576416,-0.008931930176913738,2.3710455894470215,-0.00028485231450758874,1.6501972675323486,0.010268212296068668,1.7949738502502441,-0.02859395183622837,1.3702595233917236,-0.038487937301397324,1.381392240524292,-0.015497908927500248,1.3869576454162598,0.010022556409239769,1.1079970598220825,-0.006679905112832785,1.274396300315857,-0.000789885874837637,1.2273046970367432,0.023085663095116615,1.291098713874817,-0.008732298389077187,2.0861940383911133,-0.044458240270614624,1.4029508829116821,-0.014809618704020977,1.112573504447937,0.017435679212212563,1.0726537704467773,-0.009333651512861252,0.8776485919952393,-0.005712518934160471,0.8125889897346497,0.006423879414796829,0.6851603984832764,0.0014728597598150373,0.7904389500617981,0.0033546676859259605,0.7510999441146851,-0.0005571609945036471,0.638038694858551,-0.006530133541673422,0.6780967712402344,-0.005627859383821487,0.6654055714607239,-0.005745924077928066,0.65151047706604,0.8250111937522888,0.2987668216228485,0.3761303126811981,0.1764533519744873,0.1923007220029831,0.24330276250839233,0.16998018324375153,0.21448339521884918,0.2341640442609787,0.2731235921382904,0.2650485932826996,0.3005872964859009,0.2173987179994583,0.2630995213985443,0.34809258580207825,0.34353312849998474,0.27369827032089233,0.32594236731529236,0.2727881371974945,0.3419213891029358,0.21799899637699127,0.2525932192802429,0.3485165238380432,0.23485268652439117,0.11524483561515808,0.0731390044093132,1080.0454642662387,424.6145632879932,1551.5206279857482,419.3053483145406,0.03261282784598214,0.01665348371496107,67.99958881578948
la_vie_en_rose,93,106,13,nod,smile,2,-291.8257141113281,58.17422103881836,171.64402770996094,43.54422378540039,8.506586074829102,36.17081832885742,30.461334228515625,41.41624450683594,18.14984703063965,22.450651168823242,17.985830307006836,19.20565414428711,0.10692574828863144,23.62752914428711,-1.529058814048767,17.409549713134766,15.110560417175293,13.508901596069336,-5.192630290985107,14.504164695739746,-3.4100842475891113,13.159124374389648,-2.3799045085906982,15.023727416992188,-0.7924465537071228,12.581766128540039,-0.06747135519981384,8.472149848937988,-0.01352757029235363,5.120903491973877,0.0549212321639061,4.866708278656006,0.04881392419338226,4.586047172546387,0.01652960292994976,2.9219682216644287,0.011290928348898888,2.5131137371063232,0.031904567033052444,2.8799004554748535,0.027429070323705673,2.3570785522460938,0.011242500506341457,1.9083213806152344,0.008783071301877499,1.9207435846328735,0.007770833093672991,1.946796178817749,0.006427659187465906,1.7123980522155762,0.005454479716718197,1.7428028583526611,0.0410098135471344,3.659543752670288,-0.05115576460957527,2.043724775314331,-0.025272689759731293,2.081390857696533,0.015786565840244293,1.7302626371383667,-0.01349044218659401,1.2170029878616333,-0.017747150734066963,1.1636626720428467,-0.001463460037484765,1.1119821071624756,0.0013014404103159904,1.0904790163040161,-0.007923402823507786,0.9375861287117004,-0.006541494280099869,0.9483427405357361,-0.000438200164353475,1.020261526107788,-0.0062358081340789795,0.8177375197410583,-0.0066370838321745396,0.9142170548439026,0.4561217427253723,0.3816613554954529,0.3238281309604645,0.29795387387275696,0.25646886229515076,0.2730019986629486,0.25024697184562683,0.2744119167327881,0.291160523891449,0.312145859003067,0.3051304519176483,0.29990172386169434,0.33155134320259094,0.3219669461250305,0.38227954506874084,0.36642882227897644,0.39034080505371094,0.34995633363723755,0.40818846225738525,0.3565235435962677,0.39364463090896606,0.32805874943733215,0.4353114366531372,0.3466004431247711,0.1476474553346634,0.0751710906624794,1367.473182046512,1074.9021581937782,1981.1180445751268,662.6459884508208,0.031295340401785714,0.04534755051816744,86.1328125
la_vie_en_rose,106,160,54,sway,smile,2,-252.26649475097656,60.085811614990234,186.54434204101562,33.20106506347656,-3.3582956790924072,35.17915344238281,25.78370475769043,32.97396469116211,19.14773941040039,20.67296600341797,10.522061347961426,18.840023040771484,0.16955921053886414,17.663860321044922,0.4431542754173279,14.922959327697754,10.754106521606445,14.221352577209473,-6.246890544891357,13.86217212677002,-1.8063156604766846,12.597702026367188,-4.159503936767578,11.837352752685547,-3.479426860809326,12.267827033996582,0.03656692057847977,7.440079212188721,0.0008359992643818259,4.351404666900635,-0.0339088998734951,4.237809181213379,-0.006161651108413935,4.3159637451171875,-0.003866475773975253,2.6716208457946777,-0.005171945784240961,2.3201630115509033,-0.0033133947290480137,2.2578468322753906,-0.009311921894550323,1.930306077003479,-0.001627856632694602,1.7991807460784912,0.0012823829893022776,1.7462846040725708,-0.003340179333463311,1.6922439336776733,-0.0035256175324320793,1.618247628211975,-0.004876432009041309,1.5790770053863525,0.005725285038352013,2.857260227203369,-0.0034115328453481197,1.728330373764038,0.002578271320089698,1.7405500411987305,-0.003991997335106134,1.7242357730865479,0.0020572091452777386,1.1569150686264038,0.0023021672386676073,1.0532580614089966,-0.0007728197961114347,1.0307635068893433,-0.00014516257215291262,0.8890992403030396,-0.0004545515403151512,0.908470869064331,0.003498275065794587,0.8658185601234436,-0.001720330910757184,0.8378024101257324,-0.0027255010791122913,0.7992910146713257,0.0015221827197819948,0.8031720519065857,0.41716086864471436,0.3626406490802765,0.3561111092567444,0.3057894706726074,0.3425452411174774,0.31398504972457886,0.3069351613521576,0.27276045083999634,0.37911149859428406,0.34077489376068115,0.3729451596736908,0.33967211842536926,0.3380891680717468,0.30990979075431824,0.3325899541378021,0.33867084980010986,0.33432069420814514,0.3158755898475647,0.36409077048301697,0.3209320306777954,0.34350937604904175,0.3123512864112854,0.3981283903121948,0.3445008099079132,0.15961076319217682,0.07654581218957901,1290.1956127250855,820.7618322450314,1868.1560167360904,504.3802973575862,0.028746141612478505,0.032966912217653986,95.703125
la_vie_en_rose,160,168,8,sway,big smile,2,-103.50045013427734,50.531185150146484,172.3585205078125,29.22504234313965,-86.77687072753906,14.110090255737305,53.34037780761719,15.25784683227539,-8.753373146057129,13.56216049194336,-3.2182469367980957,11.096936225891113,2.5552587509155273,10.489944458007812,-8.859816551208496,7.650104999542236,-0.730961263179779,8.756814956665039,-4.927708625793457,7.989055156707764,1.4506711959838867,8.644001007080078,9.954422950744629,8.10395336151123,0.23221701383590698,11.233574867248535,-0.06997516751289368,7.75822639465332,0.08158399909734726,3.4647772312164307,0.020526893436908722,1.846382737159729,-0.0019281856948509812,2.1921238899230957,0.01750391721725464,1.9870506525039673,-0.03242942690849304,1.3980509042739868,0.005446909461170435,1.5148457288742065,0.016294311732053757,1.2773808240890503,0.010133064351975918,1.2917463779449463,0.018593804910779,1.1335920095443726,-0.00047191951307468116,1.1744544506072998,0.01902863383293152,1.0839879512786865,0.026165803894400597,1.1959511041641235,0.008313154801726341,2.625474452972412,-0.030282367020845413,1.5802911520004272,0.02965356595814228,1.01096773147583,-0.0113771241158247,0.9921555519104004,0.008107892237603664,0.8357764482498169,0.007433341350406408,0.6991075873374939,-0.0018769149901345372,0.7347233891487122,0.00570271722972393,0.7469349503517151,-0.008784166537225246,0.7151927947998047,0.0025856392458081245,0.6788116693496704,0.0022947932593524456,0.7085704803466797,-0.005811200011521578,0.5991613268852234,-0.003917780239135027,0.649377167224884,0.3878413140773773,0.3230574131011963,0.25611889362335205,0.21781928837299347,0.31353428959846497,0.29597920179367065,0.25480133295059204,0.2210138738155365,0.378133624792099,0.3203938603401184,0.4793793261051178,0.3774905204772949,0.34503373503685,0.2461637556552887,0.48151180148124695,0.37480974197387695,0.33470699191093445,0.2857561707496643,0.27655985951423645,0.2988700866699219,0.23005634546279907,0.25856199860572815,0.2622191309928894,0.2457628846168518,0.22890052199363708,0.08346618711948395,2592.2694156307366,442.7346279446981,2268.274779627129,338.19243343139533,0.08968240489130434,0.02033409459965654,139.6748310810811
la_vie_en_rose,168,176,8,shake,"close eyes, smile",2,-112.81827545166016,52.38981246948242,172.8541259765625,34.206085205078125,-82.95088195800781,16.40252113342285,52.24616622924805,16.91683006286621,-7.401742458343506,16.749418258666992,1.7488384246826172,9.865866661071777,1.5504820346832275,10.000701904296875,-5.579461097717285,9.569034576416016,3.235142707824707,8.438319206237793,0.8805410265922546,11.161429405212402,6.779018878936768,8.501204490661621,9.252262115478516,7.352121353149414,-3.8917837142944336,8.980633735656738,-0.12674714624881744,5.948493480682373,-0.11674776673316956,4.835859775543213,0.057962074875831604,2.169236898422241,0.01048130914568901,2.5304672718048096,0.030958130955696106,2.1689345836639404,0.014238856732845306,1.583062767982483,0.0008777190232649446,1.6252987384796143,0.005963777657598257,1.5805137157440186,0.02065988816320896,1.3403398990631104,0.03529251366853714,1.4675365686416626,0.024128811433911324,1.1665728092193604,0.0053902738727629185,1.1741646528244019,-0.00039534224197268486,1.2424771785736084,0.024072697386145592,2.3663101196289062,-0.06428539752960205,2.1783599853515625,0.03143094480037689,1.0169516801834106,-0.012217422015964985,1.044614315032959,-0.0024469527415931225,0.8874537348747253,0.031173912808299065,0.8845672607421875,-0.009525933302938938,0.8311813473701477,0.022067459300160408,0.8462596535682678,0.009959189221262932,0.7505444884300232,-0.004823957569897175,0.7582477331161499,-0.0003819576231762767,0.686562716960907,-0.013312606140971184,0.6672269105911255,-0.008106879889965057,0.7039548754692078,0.28020337224006653,0.3113229274749756,0.1878444105386734,0.1873813420534134,0.3406068980693817,0.29282256960868835,0.21508710086345673,0.18406419456005096,0.28824135661125183,0.24122829735279083,0.4140424132347107,0.3592252731323242,0.3233276903629303,0.278094619512558,0.5072396397590637,0.410804808139801,0.3464542031288147,0.2945731282234192,0.4237305223941803,0.3591248095035553,0.29691609740257263,0.29494479298591614,0.22394439578056335,0.2392958402633667,0.22892075777053833,0.0711534172296524,2529.15034748817,524.0300324184911,2259.344358767769,363.5699859688663,0.08428583559782608,0.023592911808392677,129.19921875
la_vie_en_rose,176,194,18,sway,"close eyes, smile",2,-194.21067810058594,106.71646118164062,157.75064086914062,55.1765022277832,-70.16152954101562,37.027286529541016,33.25752258300781,21.633623123168945,0.1305539309978485,18.87497901916504,1.7157880067825317,11.772589683532715,6.789437770843506,10.10654067993164,-2.9270901679992676,11.261754035949707,8.822065353393555,10.981677055358887,4.917237281799316,15.964921951293945,4.490079402923584,15.749475479125977,11.626258850097656,9.794665336608887,-2.988337278366089,12.233388900756836,-0.09937956929206848,7.4137678146362305,-0.008246060460805893,3.927079439163208,-0.008205175399780273,2.6052193641662598,-0.024379482492804527,2.2017524242401123,0.010341349989175797,2.4909284114837646,-0.002761230804026127,1.5253071784973145,0.003289464395493269,1.3659636974334717,0.00803111307322979,1.3226069211959839,-0.002223677933216095,1.10986328125,0.009410135447978973,1.1291546821594238,0.010298320092260838,1.0782865285873413,0.008173041045665741,1.0810270309448242,0.0038484307006001472,1.2835661172866821,-0.007852131500840187,3.082427501678467,-0.0025765402242541313,1.8137749433517456,0.015984084457159042,1.254529595375061,-0.01838001236319542,1.1114375591278076,0.006154435221105814,1.1429681777954102,-0.010255836881697178,0.8611320853233337,-0.004013149067759514,0.7415309548377991,0.007977980189025402,0.7971339821815491,-0.004961027763783932,0.6865349411964417,0.009677866473793983,0.6609111428260803,0.003637704299762845,0.6441848278045654,-0.00297384150326252,0.6750434041023254,0.0006629952695220709,0.7032533884048462,0.2885988652706146,0.32914185523986816,0.25371119379997253,0.26967647671699524,0.3186817765235901,0.3637290298938751,0.23013171553611755,0.223773792386055,0.47328296303749084,0.32959190011024475,0.38779348134994507,0.34318220615386963,0.1908344030380249,0.21093174815177917,0.18613919615745544,0.22723837196826935,0.25673168897628784,0.2397611439228058,0.5426808595657349,0.39194604754447937,0.3571925163269043,0.309263676404953,0.28682923316955566,0.2866445481777191,0.18631331622600555,0.09652604907751083,2272.828540383283,626.2795721233133,2212.7356507526047,551.5748035395649,0.07374148734687298,0.029999086013826594,184.5703125
la_vie_en_rose,194,201,7,none,smile,3,-127.44180297851562,110.91849517822266,163.0555877685547,28.87541389465332,-84.08045959472656,34.67345428466797,46.145687103271484,17.85699462890625,-11.419689178466797,16.75649070739746,-2.181119203567505,6.628726482391357,1.751916527748108,6.306995391845703,-2.314922332763672,7.325781345367432,6.429317474365234,7.541639804840088,-1.9747146368026733,7.412964344024658,-3.5171830654144287,6.892533302307129,-5.9807891845703125,7.695634841918945,-11.26724624633789,7.959133148193359,-0.2016652226448059,6.155307769775391,-0.17604535818099976,2.360024929046631,0.04140612855553627,1.5117665529251099,0.013902503065764904,1.5222022533416748,-0.05205613374710083,1.2064942121505737,0.03670470416545868,0.945037841796875,0.0012797205708920956,0.9276224970817566,-0.017193736508488655,0.9621278047561646,-0.01822359301149845,1.0094610452651978,-0.06181219220161438,1.0550639629364014,-0.058305300772190094,1.1425693035125732,-0.035400137305259705,1.0799199342727661,0.004914253484457731,0.8512527346611023,0.09505320340394974,2.4755895137786865,0.017563071101903915,1.1242854595184326,-0.0188886858522892,0.7290499210357666,0.014092731289565563,0.7494940757751465,-0.03347405046224594,0.7107576131820679,-0.018966637551784515,0.5699067115783691,-0.014440033584833145,0.6176554560661316,-0.011203835718333721,0.6142812371253967,-0.008996225893497467,0.6521355509757996,-0.01025058887898922,0.6483880877494812,-0.005778108257800341,0.6812751293182373,-0.015169902704656124,0.6563037633895874,-0.014258477836847305,0.5732320547103882,0.34600067138671875,0.2017204314470291,0.920022189617157,0.21912969648838043,0.2009398490190506,0.11757566034793854,0.08351019769906998,0.1255268156528473,0.23333188891410828,0.32177600264549255,0.16292014718055725,0.22047467529773712,0.06629164516925812,0.09179999679327011,0.07884041965007782,0.09906270354986191,0.1108008623123169,0.1178542971611023,0.09177803993225098,0.1278870552778244,0.08591363579034805,0.1477022022008896,0.0957564264535904,0.1541529893875122,0.2544497549533844,0.09214398264884949,2563.6110094517794,651.145568240918,2363.693350380583,725.229865675051,0.07216197657545605,0.02065721560155588,120.18531976744185
lean_on,0,20,20,none,neutral,0,-288.4335021972656,129.78933715820312,174.10858154296875,42.532466888427734,13.7386474609375,56.84562301635742,31.945003509521484,30.089988708496094,-8.690524101257324,30.19114875793457,17.10049057006836,14.727691650390625,2.6398813724517822,16.766202926635742,13.28691577911377,13.328255653381348,-4.057007789611816,9.75954818725586,-1.891960859298706,8.493149757385254,7.949215412139893,9.228248596191406,-1.3194133043289185,11.208294868469238,-4.178323268890381,7.717918395996094,0.25555577874183655,8.06078052520752,0.07926859706640244,5.7389607429504395,-0.011622198857367039,3.6258389949798584,0.03066510707139969,3.0666399002075195,-0.01696503721177578,2.4691109657287598,0.018055589869618416,2.074014186859131,-0.004187872167676687,1.8216032981872559,0.01963067054748535,1.372343897819519,-0.01394391804933548,1.3415743112564087,-0.006806159857660532,1.3878241777420044,-0.0009831612696871161,1.366870641708374,-0.0007707426557317376,1.2579286098480225,-0.00557638518512249,1.0785382986068726,-0.002531203208491206,4.242536544799805,-0.00306606013327837,2.7456088066101074,0.003156032646074891,2.03330659866333,0.00021018832921981812,1.9400068521499634,0.002724440535530448,1.4424015283584595,-0.0009508238290436566,1.230870246887207,-0.0013694089138880372,1.0244983434677124,0.00013548728020396084,0.8107680678367615,-0.0020823292434215546,0.8055352568626404,0.0007426603697240353,0.8238610625267029,-0.004754938185214996,0.8532776832580566,0.0005426065181382,0.7279865741729736,-0.0010131149319931865,0.6297643184661865,0.22650882601737976,0.2340385913848877,0.2346743643283844,0.2172851711511612,0.3248487114906311,0.27254292368888855,0.2771185636520386,0.22492748498916626,0.2444636970758438,0.2025129348039627,0.4106837213039398,0.2787642180919647,0.5333029627799988,0.23512379825115204,0.7414376735687256,0.3479216694831848,0.5787289142608643,0.2953130602836609,0.4603167474269867,0.28288552165031433,0.44808655977249146,0.30813881754875183,0.32086390256881714,0.24881266057491302,0.10252261161804199,0.05686129629611969,1683.999724041895,1493.1758586410117,2015.4069351080548,1189.849860048642,0.04052167594674985,0.04063646043896209,129.19921875
lean_on,20,30,10,nod,neutral,2,-155.85842895507812,46.37963104248047,150.4054412841797,27.648399353027344,-28.26515007019043,20.70262908935547,34.637874603271484,19.278623580932617,-22.66501808166504,17.775650024414062,10.142669677734375,15.733274459838867,-2.592050075531006,15.821874618530273,22.199222564697266,11.56140422821045,-1.7590956687927246,9.219937324523926,-8.081721305847168,10.299020767211914,14.300909996032715,9.533961296081543,-8.555557250976562,10.314085960388184,-4.420793533325195,8.412805557250977,0.019327521324157715,6.855498790740967,-0.007761731743812561,4.246488571166992,-0.011608829721808434,2.8609652519226074,-0.007956909947097301,2.6206164360046387,0.023509850725531578,2.53140926361084,0.001539141871035099,1.9797934293746948,0.02178940735757351,1.9081926345825195,0.0032739927992224693,1.6015901565551758,0.038187943398952484,1.4665725231170654,0.03362584859132767,1.462188482284546,0.009980030357837677,1.5533227920532227,0.0072145042940974236,1.2684954404830933,-0.0006717407377436757,1.2324169874191284,0.024308936670422554,3.6442556381225586,-0.0011477755615487695,1.9932152032852173,0.01102470513433218,1.4391311407089233,-0.015235506929457188,1.4787615537643433,0.005324831232428551,1.3173587322235107,-0.00888591818511486,1.1650938987731934,0.009454667568206787,0.9812706112861633,0.007002135738730431,0.9586833119392395,-0.00047333058319054544,0.8800841569900513,-0.0046213543973863125,0.8890324831008911,-0.009476314298808575,0.9400913715362549,-0.0028924918733537197,0.7583858370780945,-0.0026678903959691525,0.6791114807128906,0.3582970201969147,0.34209519624710083,0.35208845138549805,0.29051560163497925,0.4350508153438568,0.34194108843803406,0.3343859910964966,0.2909707725048065,0.3013632893562317,0.27306854724884033,0.4255482852458954,0.34250107407569885,0.4169732332229614,0.2864125370979309,0.5000516772270203,0.35963648557662964,0.36170125007629395,0.2714936435222626,0.37390926480293274,0.3071363568305969,0.35961028933525085,0.306656152009964,0.2578294575214386,0.2296103537082672,0.1489652842283249,0.05364815145730972,2523.033634966867,865.8496451394423,2887.6817974245614,617.2391747354145,0.059368089290893274,0.0291898805972817,99.38401442307692
lean_on,30,45,15,"sway, nod",smile,3,-114.60371398925781,43.359657287597656,134.38063049316406,30.06317710876465,-27.555524826049805,21.375335693359375,55.14043045043945,16.911415100097656,-12.609302520751953,18.91084861755371,24.400793075561523,13.868975639343262,10.504317283630371,12.633676528930664,21.46306610107422,11.27991771697998,4.815085411071777,12.764540672302246,9.726884841918945,8.7496337890625,12.684663772583008,9.046236038208008,6.572067737579346,8.928306579589844,5.537043571472168,8.43078327178955,0.010244375094771385,8.103754997253418,0.002584876725450158,4.883136749267578,-0.03409697115421295,2.9623584747314453,0.007771926000714302,2.5826990604400635,-0.022285878658294678,2.8663408756256104,0.005760800559073687,2.1715660095214844,0.005312213208526373,1.9256924390792847,-0.002248957520350814,1.6045273542404175,0.012920031324028969,1.7650758028030396,0.007576382718980312,1.3801476955413818,0.009204655885696411,1.583567500114441,0.013662812300026417,1.3929061889648438,-0.010055465623736382,1.439227819442749,-0.016850929707288742,4.7815260887146,-0.01693214289844036,2.6165695190429688,0.012778189033269882,1.4534116983413696,-0.003393973456695676,1.4845284223556519,0.012765863910317421,1.495968222618103,-0.007191403303295374,1.1772046089172363,0.003371156519278884,1.1221562623977661,0.0005797435878776014,0.9607863426208496,-0.0041681076399981976,1.1302841901779175,-0.0031388215720653534,0.793494462966919,-0.009268401190638542,0.9929661154747009,-0.005959398578852415,0.7814705967903137,0.004498258698731661,0.8256202340126038,0.6334821581840515,0.2701631188392639,0.6379987597465515,0.240382581949234,0.6968802213668823,0.24366047978401184,0.6055566072463989,0.22957780957221985,0.5520114302635193,0.24090366065502167,0.61576247215271,0.26918554306030273,0.5974606871604919,0.23421341180801392,0.7236016392707825,0.2427690476179123,0.6209765076637268,0.21188056468963623,0.574038028717041,0.22473160922527313,0.5996744632720947,0.238673135638237,0.5616596937179565,0.23462551832199097,0.28063666820526123,0.06582920253276825,2647.416825255903,1085.1971065528053,3171.3533924751314,658.3296830930796,0.03734898050503096,0.030345447124568728,97.50884433962264
lean_on,45,78,33,sway,big smile,3,-99.19029235839844,62.348793029785156,116.7345199584961,28.67740249633789,-42.30839920043945,23.225536346435547,57.493900299072266,22.132617950439453,-21.534757614135742,16.20737648010254,24.071273803710938,16.682889938354492,5.698703289031982,14.037176132202148,13.688101768493652,10.283435821533203,2.8028619289398193,13.774161338806152,16.3944149017334,16.447534561157227,10.281667709350586,10.701688766479492,1.0748674869537354,13.200105667114258,-3.5115280151367188,8.627820014953613,0.06189784035086632,10.321782112121582,-0.020440569147467613,4.078195095062256,-0.01943705603480339,4.008345603942871,0.013335028663277626,2.5288033485412598,0.010015786625444889,2.271383762359619,0.011710216291248798,1.992486834526062,-0.012887043878436089,1.7758073806762695,-0.01982882246375084,1.5780041217803955,-0.006057745311409235,1.7140294313430786,0.006523796357214451,1.8668912649154663,-0.006329910364001989,1.7544180154800415,-0.004042028449475765,1.4762561321258545,0.002027451293542981,1.417860507965088,0.012555648572742939,6.0354084968566895,-0.0039026017766445875,2.2509424686431885,-0.002096800832077861,2.3568384647369385,0.0007478161714971066,1.4121955633163452,-0.005179939791560173,1.218249797821045,-0.006295592989772558,1.0959676504135132,0.00035726255737245083,0.9966118335723877,0.0015905852196738124,0.9346325397491455,0.0013906051171943545,1.0949006080627441,-0.0017062139231711626,1.0944013595581055,-0.0002787662378977984,1.0517241954803467,0.0012886582408100367,0.8631384968757629,0.003190788207575679,0.8257122039794922,0.5101824402809143,0.326526403427124,0.5054685473442078,0.29824215173721313,0.5665727853775024,0.32690924406051636,0.46209481358528137,0.2966744899749756,0.4299590289592743,0.2818602919578552,0.4857315123081207,0.2938443720340729,0.4964953064918518,0.25684913992881775,0.6308007836341858,0.313240110874176,0.5212385058403015,0.2592497766017914,0.5185969471931458,0.2944484353065491,0.5362724661827087,0.31634271144866943,0.470370888710022,0.28619423508644104,0.25201910734176636,0.10297811776399612,3263.904900901207,970.0650746810246,3290.4435732666648,464.0548236034253,0.06777938000131903,0.04361340651910359,97.50884433962264
lean_on,78,107,29,nod,smile,3,-112.82505798339844,47.325286865234375,131.38475036621094,30.550615310668945,-41.8644905090332,24.672992706298828,46.72468948364258,19.308124542236328,-14.256839752197266,19.62494468688965,18.979644775390625,17.991466522216797,4.747982978820801,15.700651168823242,15.74773120880127,13.808722496032715,1.0500471591949463,15.252669334411621,8.233552932739258,11.799880981445312,10.262467384338379,11.072277069091797,-0.060739412903785706,11.602649688720703,5.058614730834961,9.982915878295898,-0.008955164812505245,8.205859184265137,-0.028086794540286064,4.227635383605957,-0.022078756242990494,3.0728085041046143,-0.006101357750594616,2.3222339153289795,0.0036368328146636486,2.6870665550231934,-0.016196774318814278,2.06623911857605,-0.015131973661482334,1.813342571258545,-0.0003587777609936893,1.8941845893859863,-0.01633746176958084,1.730790615081787,-0.004886739421635866,1.3099889755249023,-0.007344126235693693,1.5488560199737549,-0.010255781933665276,1.25174081325531,-0.006525199394673109,1.303933024406433,0.006135428790003061,4.862949848175049,0.0030485105235129595,2.307950496673584,0.004776785150170326,1.4943163394927979,0.003069102531298995,1.2961286306381226,0.0011789138661697507,1.4137704372406006,-0.003844707738608122,1.101995825767517,0.005506274290382862,1.0360438823699951,8.101802814053372e-05,1.034489393234253,0.009180620312690735,1.0894800424575806,0.004361307714134455,0.7761312127113342,-0.0006232127780094743,0.9323371648788452,0.00310764042660594,0.7392913699150085,0.0014845277182757854,0.8019896745681763,0.5385842323303223,0.31878936290740967,0.5469915866851807,0.2836591303348541,0.6129001379013062,0.30036476254463196,0.4876001477241516,0.2709590494632721,0.4406435787677765,0.2720211446285248,0.5268610119819641,0.3017447888851166,0.503430187702179,0.26310694217681885,0.59255051612854,0.29465121030807495,0.4987628757953644,0.25240015983581543,0.4685114324092865,0.2683905363082886,0.49894681572914124,0.28588029742240906,0.46211445331573486,0.2623921036720276,0.24158667027950287,0.08921120315790176,2801.314858010573,1122.3007521961122,3064.2156729482635,605.4267795839513,0.05587380060298239,0.04575165322394468,97.50884433962264
lean_on,107,122,15,sway,smile,3,-75.94325256347656,51.95620346069336,113.86997985839844,24.90936279296875,-46.706607818603516,20.6370906829834,66.13016510009766,19.826120376586914,-26.674365997314453,11.3262300491333,27.11277961730957,16.454803466796875,6.934873580932617,15.213539123535156,13.062138557434082,9.539544105529785,3.519665002822876,13.466697692871094,22.508392333984375,15.622057914733887,11.56984806060791,11.515969276428223,6.189513683319092,11.117460250854492,-4.244653224945068,9.478697776794434,0.04919270798563957,10.913813591003418,0.009067818522453308,3.947108745574951,0.020134037360548973,4.044395446777344,0.021184008568525314,2.5254268646240234,-0.028772858902812004,1.818962574005127,0.050292450934648514,1.8778539896011353,0.014613957144320011,1.6716337203979492,0.013293573632836342,1.4065845012664795,0.02004971168935299,1.7028911113739014,0.02183966524899006,1.9580870866775513,0.013255802914500237,1.8158917427062988,0.01374758593738079,1.4428870677947998,-0.014931959100067616,1.4349983930587769,-0.015491162426769733,6.572468280792236,-0.005596656817942858,2.3188116550445557,0.003946951124817133,2.596909523010254,0.003560274373739958,1.4152482748031616,0.0012764445273205638,1.1091285943984985,0.007613097317516804,1.0839331150054932,0.0015405231388285756,0.9218235611915588,0.0010510822758078575,0.8715968132019043,0.012050447054207325,1.0394724607467651,0.01433352567255497,1.174202799797058,0.011422003619372845,1.1047548055648804,0.004140581004321575,0.8541440367698669,0.00046196431503631175,0.8040400147438049,0.5573453903198242,0.28600916266441345,0.5721781253814697,0.27250728011131287,0.642027735710144,0.2932054102420807,0.5358367562294006,0.27429598569869995,0.4823249876499176,0.26877474784851074,0.49847015738487244,0.26520827412605286,0.5174140930175781,0.23291918635368347,0.6792848706245422,0.28284743428230286,0.5809541344642639,0.22396548092365265,0.5893895030021667,0.27029091119766235,0.6098028421401978,0.28367194533348083,0.5451142191886902,0.25469303131103516,0.3028638958930969,0.0850500762462616,3369.728880024997,715.7537682914138,3359.2597070796915,303.03474903278743,0.06312546862906347,0.03224603418932624,97.50884433962264
lean_on,122,172,50,nod,smile,3,-92.37714385986328,60.30775833129883,124.4687728881836,28.623624801635742,-56.101200103759766,22.086212158203125,55.05519485473633,21.777219772338867,-19.347518920898438,17.990764617919922,25.27359390258789,19.65740203857422,11.62497329711914,19.811689376831055,10.711750030517578,14.042285919189453,4.994952201843262,13.00296688079834,11.737476348876953,13.134810447692871,8.401461601257324,10.714670181274414,7.2721333503723145,11.178071975708008,1.9172028303146362,10.082947731018066,-0.06537270545959473,9.987112045288086,0.004833544604480267,4.385979175567627,-0.002191268838942051,3.146911144256592,-0.019235974177718163,2.8616976737976074,0.011642043478786945,2.5406625270843506,-0.010880903340876102,2.0008490085601807,0.0007950121071189642,2.134580135345459,-0.00420907698571682,1.7347790002822876,-0.003502477426081896,1.818656325340271,-0.0074338484555482864,1.4928535223007202,0.0004444187507033348,1.5934683084487915,-0.0022950898855924606,1.3261897563934326,0.000977930030785501,1.4189722537994385,-0.013769231736660004,5.963770866394043,-0.0073166945949196815,2.4029414653778076,0.0014201507437974215,1.9205951690673828,-0.0009060231386683881,1.6455649137496948,0.00037110658013261855,1.3916447162628174,-0.0004499438509810716,1.1438052654266357,-0.0032091676257550716,1.1543021202087402,-0.0009431859944015741,0.9990828633308411,0.0048794797621667385,1.1410722732543945,0.0032212920486927032,0.9021135568618774,0.0023742381017655134,0.9745445847511292,0.0013889602851122618,0.808458149433136,0.0009765903232619166,0.8657554984092712,0.5174849629402161,0.31326138973236084,0.5072542428970337,0.27705618739128113,0.5781905055046082,0.29809945821762085,0.47196292877197266,0.2665802836418152,0.44319409132003784,0.2675769031047821,0.5170938968658447,0.2929037809371948,0.501563310623169,0.23724950850009918,0.6637822985649109,0.2962644398212433,0.5132293105125427,0.2488483041524887,0.4861939549446106,0.26579517126083374,0.540940523147583,0.2989743947982788,0.4695928990840912,0.2629701793193817,0.27814942598342896,0.10095252841711044,3112.5797718320205,945.2510046311332,3048.590989133522,550.3295524883916,0.0669106296798816,0.0389056657069625,97.50884433962264
lean_on,172,176,4,none,neutral,0,-561.8890991210938,104.34892272949219,161.5376434326172,49.386051177978516,-32.642555236816406,36.63721466064453,-15.934711456298828,12.7225341796875,-4.769607067108154,19.411151885986328,-10.376443862915039,10.375003814697266,-6.3955302238464355,13.501023292541504,-4.5953497886657715,7.944522380828857,-6.230193614959717,9.033825874328613,-11.00926399230957,10.703380584716797,-10.977985382080078,7.789465427398682,-11.968993186950684,6.503082275390625,-17.717771530151367,7.788026332855225,-1.2698850631713867,9.202445983886719,-0.2992597818374634,5.69890832901001,0.28068435192108154,3.3867897987365723,0.04426366835832596,1.7071770429611206,0.04455454647541046,3.047161102294922,-0.048605676740407944,1.9056061506271362,0.07061340659856796,2.054508686065674,0.011175287887454033,1.2484896183013916,0.04108512029051781,1.4038140773773193,0.053473878651857376,1.511974811553955,-0.02555510215461254,1.2212117910385132,0.008555188775062561,1.1795138120651245,0.012513103894889355,1.3037058115005493,0.03651069104671478,3.86038875579834,-0.030785970389842987,2.0784189701080322,0.07580485939979553,1.7788450717926025,-0.03676818683743477,0.8902725577354431,0.00040384652675129473,1.0326182842254639,-0.020227033644914627,1.016581654548645,0.02663576416671276,0.823681116104126,-0.01167379692196846,0.5318479537963867,-0.02583727054297924,0.660147488117218,0.00034724525175988674,0.8188194036483765,-0.012136398814618587,0.8061966300010681,-0.013656390830874443,0.6320323348045349,-0.023252196609973907,0.6869921684265137,0.23511865735054016,0.20671343803405762,0.42077919840812683,0.2178354561328888,0.7435891628265381,0.2938153147697449,0.5604921579360962,0.31097981333732605,0.2125270515680313,0.18142452836036682,0.15995074808597565,0.15733268857002258,0.2898877263069153,0.22282060980796814,0.6224328875541687,0.3529954254627228,0.37776240706443787,0.21737100183963776,0.2566417455673218,0.20458076894283295,0.2391950488090515,0.2148061990737915,0.25834566354751587,0.1956557184457779,0.0050964574329555035,0.005899513605982065,2374.8937496764675,1405.997315837201,2879.3160404493656,1285.6349136692554,0.05397701539855072,0.0331490448495933,97.50884433962264
shake_it_off,0,5,5,nod,neutral,2,-210.23916625976562,139.29153442382812,80.03047180175781,38.50019073486328,5.18253231048584,22.74315643310547,39.671512603759766,17.131683349609375,15.255773544311523,14.310456275939941,15.807576179504395,8.67685317993164,8.51143741607666,9.944024085998535,7.669918060302734,11.079992294311523,3.020864725112915,8.866246223449707,2.904853105545044,10.681038856506348,1.7648617029190063,6.8361077308654785,2.876946210861206,10.8919038772583,1.9423742294311523,7.750452518463135,0.47889482975006104,22.4678955078125,0.25926515460014343,5.359750270843506,0.043649204075336456,3.7407188415527344,0.11830358952283859,2.8279502391815186,0.06769926100969315,2.147639751434326,0.05812220647931099,1.21323823928833,0.051504749804735184,1.3780107498168945,0.0455780029296875,1.5022135972976685,0.022809240967035294,1.179338812828064,0.02164466679096222,1.329917550086975,0.0161247830837965,1.086918830871582,0.02299266681075096,1.3917638063430786,0.0017681940225884318,1.2280250787734985,-0.03029562160372734,10.954293251037598,0.04175374284386635,2.5213770866394043,0.017439108341932297,2.032076358795166,-0.01371449138969183,1.2688472270965576,-0.008608181960880756,1.1821147203445435,-0.008813929744064808,0.7339648008346558,-0.005790326744318008,0.8306736350059509,-0.006029630079865456,0.9035001397132874,0.0035762875340878963,0.6541882753372192,0.0010664338478818536,0.6415441632270813,-0.004845131188631058,0.6695449948310852,-0.006633876822888851,0.7247960567474365,-0.0023629129864275455,0.675464391708374,0.6077988743782043,0.2945087254047394,0.5662447810173035,0.29786738753318787,0.5592395067214966,0.30044615268707275,0.568672776222229,0.2876497805118561,0.6401339769363403,0.2587755620479584,0.6813137531280518,0.2553402781486511,0.6804854869842529,0.23398162424564362,0.6776235103607178,0.27447715401649475,0.5850625038146973,0.2184165120124817,0.5708492994308472,0.22979554533958435,0.5963683724403381,0.2567927837371826,0.616837203502655,0.2734648585319519,0.12092030793428421,0.10716737806797028,4101.473369081561,2036.572401326053,4750.901420267022,1070.1062032391405,0.07592037050464037,0.07303735031371271,105.46875
shake_it_off,5,20,15,nod,smile,2,-109.83233642578125,86.021728515625,106.70711517333984,36.57674026489258,-19.500200271606445,23.971519470214844,19.049503326416016,18.5079288482666,0.4690159559249878,17.95588493347168,16.971820831298828,14.932755470275879,-5.135502815246582,14.313517570495605,7.50723934173584,12.35208797454834,-1.299203634262085,10.68923568725586,1.798950433731079,10.066758155822754,1.5747658014297485,8.710179328918457,-2.4197347164154053,10.415149688720703,-3.542982339859009,8.487836837768555,0.0783589705824852,15.578624725341797,0.02600555308163166,5.934664726257324,-0.03205655515193939,3.946078300476074,-0.0244327113032341,3.03932785987854,-0.012711197137832642,2.636540412902832,0.003301815828308463,2.2425880432128906,-0.010123682208359241,2.237919569015503,-0.007717774715274572,1.9080907106399536,-0.005135344807058573,1.6768523454666138,-0.00437278812751174,1.5457143783569336,-0.0008315523155033588,1.4834744930267334,-0.0034572044387459755,1.5393130779266357,0.004393713548779488,1.4425173997879028,-0.010353193618357182,7.658554553985596,0.0004887448158115149,3.0640318393707275,0.012608225457370281,1.8185735940933228,0.003313665743917227,1.5411911010742188,-0.0023612144868820906,1.4417141675949097,0.00016979186329990625,1.1538246870040894,0.0025750920176506042,1.2044258117675781,-8.641585009172559e-05,1.0888310670852661,0.0008208705694414675,0.9656261801719666,-0.001521756057627499,0.8327332735061646,-0.00195317342877388,0.9223439693450928,0.0017544832080602646,0.9356100559234619,-0.0013363288016989827,0.9204711318016052,0.4734153151512146,0.3088051676750183,0.4868096113204956,0.2899782955646515,0.5729207396507263,0.3266544044017792,0.4919017255306244,0.2955479621887207,0.47147613763809204,0.3248652517795563,0.43151822686195374,0.3117602467536926,0.4392305314540863,0.30490362644195557,0.47740867733955383,0.3445642292499542,0.40867355465888977,0.26828494668006897,0.4888642132282257,0.3141460120677948,0.47686007618904114,0.3022559881210327,0.5131888389587402,0.3333033323287964,0.18245737254619598,0.09607802331447601,3922.4242145994103,1584.1957779280376,4395.771216570828,785.4572834046031,0.0858494430872678,0.062967680849769,156.60511363636363
shake_it_off,20,25,5,nod,big smile,2,-92.06755828857422,75.52536010742188,105.76658630371094,39.58339309692383,-22.268447875976562,21.478248596191406,15.987234115600586,17.581680297851562,-2.5107507705688477,17.348438262939453,16.973329544067383,13.550349235534668,-8.006237030029297,14.497637748718262,5.965992450714111,12.157772064208984,-2.7110071182250977,11.495043754577637,1.7267094850540161,10.372575759887695,1.7205051183700562,10.941132545471191,-1.6154322624206543,9.907747268676758,-2.7615346908569336,7.311664581298828,0.2610504925251007,14.038850784301758,-0.07250163704156876,6.512847423553467,-0.027845922857522964,3.686276435852051,0.06729305535554886,3.0862414836883545,0.04938564449548721,2.710890293121338,-0.02391473948955536,2.2139854431152344,-0.07433657348155975,2.5639524459838867,0.027551013976335526,1.925687313079834,-0.004318677820265293,1.7190266847610474,-0.0036538559943437576,1.6170239448547363,-0.014928627759218216,1.4155004024505615,-0.026984460651874542,1.4408302307128906,-0.0027419000398367643,1.1867249011993408,-0.01417890191078186,7.119625091552734,-0.01312306709587574,3.4795186519622803,-0.01111141312867403,1.6731126308441162,0.0007752437377348542,1.6972883939743042,0.00825311616063118,1.312853217124939,0.02251093089580536,1.2068547010421753,0.008933445438742638,1.3351188898086548,0.0029943669214844704,1.0584970712661743,0.0017519566463306546,0.8383609056472778,0.0026400547940284014,0.9298816919326782,0.0027798882219940424,0.8475282788276672,-0.014371193945407867,0.8772158026695251,-0.016540665179491043,0.7687169313430786,0.48868799209594727,0.31490689516067505,0.5187872052192688,0.3039249777793884,0.5917035341262817,0.345183789730072,0.4640190303325653,0.29544493556022644,0.4314430058002472,0.3051963150501251,0.4035976231098175,0.30183541774749756,0.4326638877391815,0.2987315058708191,0.49535033106803894,0.34428393840789795,0.4163013696670532,0.273695707321167,0.48720473051071167,0.3047425150871277,0.49286508560180664,0.28749746084213257,0.4973018765449524,0.3177657127380371,0.18702538311481476,0.09162475168704987,4119.380563993311,1655.2012174388165,4420.562130778988,786.7344137884936,0.09453736767691415,0.07528664807668993,156.60511363636363
shake_it_off,25,53,28,nod,smile,3,-74.37577056884766,67.8929443359375,107.92866516113281,30.803024291992188,-17.895191192626953,21.507272720336914,23.01793670654297,18.001201629638672,-2.2710483074188232,16.397933959960938,18.67618179321289,14.628182411193848,-6.016184329986572,14.521135330200195,11.254655838012695,11.353175163269043,0.3431265950202942,9.298904418945312,0.4512724280357361,10.406908988952637,5.959930896759033,9.218634605407715,0.4040614366531372,9.209906578063965,-2.578996181488037,9.638992309570312,0.0037594663444906473,11.955389976501465,0.015782801434397697,5.209217548370361,0.008966058492660522,3.271850824356079,-0.014828041195869446,2.773526668548584,-0.010165601968765259,2.510037660598755,-0.007070968393236399,2.009180784225464,0.014562049880623817,2.1731715202331543,0.006178366951644421,1.7752571105957031,0.0005019403179176152,1.5007189512252808,0.002502475632354617,1.5924016237258911,0.0011837193742394447,1.4869489669799805,0.007644783239811659,1.4204075336456299,-0.0008961209678091109,1.526443362236023,-0.006598161067813635,6.181310176849365,-0.0025592970196157694,2.614906072616577,-0.0002813189057633281,1.5907683372497559,0.0063856602646410465,1.4045368432998657,0.006783824879676104,1.3526188135147095,-0.004894496873021126,1.0704809427261353,0.0007987953722476959,1.2419689893722534,-0.001172048388980329,0.9959068894386292,0.0013208248419687152,0.8713066577911377,0.002676069037988782,0.8589130640029907,-0.0010124907130375504,0.8805369734764099,-0.004927041474729776,0.8254011273384094,-0.004647274035960436,0.8866784572601318,0.44269901514053345,0.3160165250301361,0.45334672927856445,0.30814892053604126,0.5279187560081482,0.3406498432159424,0.46136221289634705,0.3111799359321594,0.45423829555511475,0.31656068563461304,0.426725834608078,0.3021683394908905,0.39236870408058167,0.27676647901535034,0.4971441924571991,0.3392569422721863,0.42215391993522644,0.27332812547683716,0.48239344358444214,0.32081225514411926,0.4707295894622803,0.30437055230140686,0.46581459045410156,0.3213788866996765,0.23682819306850433,0.10117729008197784,3887.243750434982,1344.7631253592185,4395.870236569447,717.0295610139783,0.07698911853492951,0.05053067906836683,156.60511363636363
shake_it_off,53,66,13,shake,smile,2,-39.376609802246094,46.92867660522461,114.81205749511719,27.472869873046875,-16.26618003845215,13.440328598022461,23.30234146118164,14.578045845031738,-0.09122957289218903,13.29777717590332,20.860807418823242,9.904847145080566,-0.5707682967185974,10.011886596679688,11.264561653137207,8.65498161315918,2.429934024810791,6.9099602699279785,3.430758237838745,7.641767501831055,8.724563598632812,7.38545036315918,3.8748679161071777,7.50957727432251,3.060034990310669,6.901106357574463,0.12102816253900528,8.909953117370605,-0.06390196084976196,4.580535888671875,-0.030169198289513588,2.1480464935302734,-0.008837823756039143,2.3454246520996094,0.001360556110739708,1.9902865886688232,-0.003381384303793311,1.5325425863265991,-0.011200281791388988,1.7682311534881592,-0.01572173275053501,1.339365005493164,0.0007478186162188649,1.239953637123108,0.004579057451337576,1.3392583131790161,0.011373136192560196,1.3154841661453247,0.00641172518953681,1.1804250478744507,0.004646273795515299,1.2287081480026245,-0.017241856083273888,4.301196098327637,0.013037040829658508,2.1383368968963623,0.008058808743953705,1.1639436483383179,0.0032581386622041464,1.179298996925354,-0.009853300638496876,1.0890456438064575,-0.011043260805308819,0.8908218145370483,-0.004599034320563078,0.9755348563194275,-0.005804302636533976,0.7970725297927856,-0.001732860691845417,0.7306506633758545,-0.004674150142818689,0.7668780088424683,0.004165696911513805,0.8000307083129883,-0.0040123239159584045,0.6793988943099976,0.005577635020017624,0.7500784993171692,0.5558991432189941,0.2986595928668976,0.541490912437439,0.27676627039909363,0.6358547806739807,0.30967187881469727,0.5266698598861694,0.2738935351371765,0.4884936809539795,0.27788007259368896,0.4801969826221466,0.2759154140949249,0.4644235372543335,0.2588445544242859,0.5859530568122864,0.30592766404151917,0.49563565850257874,0.24526754021644592,0.5365878343582153,0.2824019193649292,0.5259103775024414,0.27151796221733093,0.5554627776145935,0.2821821868419647,0.3008202612400055,0.08996061980724335,3661.2204079461967,1163.5442236495871,4405.015616611396,647.5598303296943,0.063299560546875,0.03752583120694289,161.4990234375
shake_it_off,66,76,10,nod,smile,2,-125.37129974365234,82.57292175292969,107.45680236816406,42.85468673706055,-39.147560119628906,29.010576248168945,7.031189918518066,28.167858123779297,-11.504161834716797,22.81431007385254,10.612733840942383,14.299696922302246,-19.124160766601562,19.923952102661133,1.9856410026550293,12.84531021118164,-9.680973052978516,13.039563179016113,-5.8204851150512695,10.06170654296875,-4.146011829376221,10.912827491760254,-7.38759708404541,10.913202285766602,-7.40229606628418,10.559544563293457,-0.11394602805376053,12.137364387512207,0.022179093211889267,6.368272304534912,-0.012394818477332592,3.5431230068206787,0.048997800797224045,2.7661008834838867,0.05987676605582237,2.285876512527466,-0.0016183742554858327,2.0092647075653076,0.005937725771218538,2.0967142581939697,0.02035212330520153,1.7966364622116089,0.009121249429881573,1.541049838066101,0.010432303883135319,1.2536585330963135,-0.02284047193825245,1.3526989221572876,-0.0018073666142299771,1.5997895002365112,0.004800015594810247,1.3828299045562744,-0.008729030378162861,6.093357086181641,0.028517380356788635,3.0077197551727295,-0.009467494674026966,1.6175246238708496,0.00898844562470913,1.333425521850586,0.010097682476043701,1.2972007989883423,-0.005796014331281185,1.0573405027389526,0.0008414344629272819,1.1510257720947266,-0.008584215305745602,1.0679559707641602,-0.0009607748943381011,0.8934328556060791,0.005470233969390392,0.8020116686820984,-0.0013463494833558798,0.7568700909614563,-0.003565625986084342,0.9315587878227234,-0.005884896963834763,0.9049033522605896,0.46705594658851624,0.30915793776512146,0.44591256976127625,0.2709655165672302,0.5341870784759521,0.3243180215358734,0.4594593346118927,0.28975680470466614,0.4330562949180603,0.2898339331150055,0.38637205958366394,0.2920748293399811,0.3959312438964844,0.28733277320861816,0.471691370010376,0.3440662622451782,0.3996014893054962,0.271216481924057,0.46759480237960815,0.30128639936447144,0.46181273460388184,0.2846226990222931,0.4779534935951233,0.3111337423324585,0.15619264543056488,0.09120707213878632,3902.3449712271004,1673.4682151438888,3958.0040633563813,887.1526109863531,0.10025116462441995,0.07601802934806905,79.50721153846153
shake_it_off,76,85,9,nod,big smile,2,-87.41081237792969,68.75650024414062,108.98443603515625,33.03432846069336,-22.407257080078125,19.507780075073242,18.45432472229004,16.3865966796875,-6.384744167327881,16.144676208496094,14.56773853302002,13.510904312133789,-5.987143039703369,15.11898136138916,12.206162452697754,13.579472541809082,-2.580458164215088,11.768190383911133,1.5399805307388306,10.274432182312012,5.700326919555664,10.297843933105469,-0.008002291433513165,12.239117622375488,-6.796257019042969,8.408167839050293,-0.008684945292770863,13.536408424377441,0.0320119671523571,5.575763702392578,0.02530733123421669,3.4993715286254883,-0.04772315174341202,2.6771295070648193,-0.04047089442610741,2.4495015144348145,-0.0021909880451858044,2.1914217472076416,0.005650799255818129,2.0706429481506348,0.01677294820547104,2.075610399246216,0.00908108800649643,1.6606171131134033,-0.01157105341553688,1.603234052658081,0.03155986964702606,1.6238001585006714,0.031789686530828476,1.7034002542495728,-0.0028896613512188196,1.4604569673538208,-0.039388563483953476,6.958761692047119,-0.0013438309542834759,2.698223114013672,-0.0032142542768269777,1.7980762720108032,0.011950155720114708,1.447177529335022,0.009756404906511307,1.3572853803634644,0.0053161210380494595,1.2007708549499512,-0.015858476981520653,1.1842849254608154,-0.005770744755864143,1.0701351165771484,-0.0009957613656297326,0.9312052130699158,0.0017562945140525699,0.9045950770378113,0.0018561199540272355,0.9568105340003967,-0.011113245040178299,0.9493529200553894,-0.0099564790725708,0.9075596928596497,0.35908272862434387,0.2933727204799652,0.37089720368385315,0.2933177351951599,0.4508015811443329,0.3412271738052368,0.3726702928543091,0.3041228950023651,0.3724200129508972,0.3115892708301544,0.33109644055366516,0.2803243398666382,0.37307408452033997,0.2916449308395386,0.4911736845970154,0.3849705755710602,0.36018824577331543,0.255775511264801,0.4096222221851349,0.3204149603843689,0.4310886263847351,0.3164428770542145,0.4470120370388031,0.3405982553958893,0.2046791911125183,0.08208104223012924,3831.1585429740903,1359.3771988041372,4340.131617051133,726.545593189099,0.07862649504671392,0.054542378255629166,161.4990234375
shake_it_off,85,101,16,nod,smile,3,-98.64752197265625,78.32299041748047,104.09066772460938,33.30467224121094,-24.07849884033203,28.97334861755371,16.592327117919922,20.324493408203125,-6.991027355194092,18.071922302246094,14.596774101257324,16.514482498168945,-7.420324325561523,17.63963508605957,13.269909858703613,13.64672565460205,-0.6624484062194824,10.162103652954102,-0.879301130771637,12.197307586669922,3.264704465866089,9.947244644165039,0.0433574877679348,10.388827323913574,-8.04775333404541,11.793519973754883,-0.08548783510923386,12.348605155944824,-5.750123455072753e-05,5.391546726226807,-0.030493373051285744,3.6125123500823975,-0.05938586965203285,2.631009817123413,0.0020092278718948364,2.5620546340942383,-0.0151017215102911,2.1918740272521973,-0.011741806752979755,2.0581369400024414,-0.02615460939705372,2.129000425338745,-0.005773437675088644,1.6202629804611206,-0.003899921430274844,1.5468052625656128,-0.013126435689628124,1.6428828239440918,-0.019336530938744545,1.6758431196212769,-0.022675005719065666,1.7418577671051025,-0.0002952033537440002,6.595386981964111,0.009981515817344189,2.798797845840454,0.010370058007538319,1.5790767669677734,-0.0003963070048484951,1.3212260007858276,0.004149727523326874,1.3568955659866333,0.0017275053542107344,1.112770915031433,-0.00029243846074678004,1.2173230648040771,0.004147963598370552,1.1529486179351807,0.007413651328533888,0.9111664891242981,0.002667089691385627,0.8616361618041992,0.0033339818473905325,0.9141654968261719,0.00012529284867923707,0.9307016134262085,-0.0030273706652224064,0.9996494650840759,0.39361053705215454,0.30139848589897156,0.38068586587905884,0.28752437233924866,0.46238598227500916,0.3390767574310303,0.38502079248428345,0.2943642735481262,0.4142715334892273,0.33700671792030334,0.3466692566871643,0.3016703426837921,0.3618201017379761,0.29384151101112366,0.4670843780040741,0.3491947054862976,0.3764822483062744,0.28645801544189453,0.45285743474960327,0.35407671332359314,0.40773099660873413,0.30687230825424194,0.4481408894062042,0.32997074723243713,0.20626218616962433,0.08068002760410309,3862.3325158899747,1443.8698049764284,4275.326604342732,760.4960638784005,0.08312253557831763,0.059474318959142625,80.74951171875
shake_it_off,101,120,19,shake,smile,2,-34.959964752197266,46.61073303222656,115.23512268066406,26.518360137939453,-20.577898025512695,18.035587310791016,20.596498489379883,16.440786361694336,-0.5227103233337402,14.602270126342773,20.336505889892578,11.197731971740723,-2.1197869777679443,11.881152153015137,11.98161506652832,8.112898826599121,3.2909488677978516,7.89531946182251,3.4819440841674805,8.224722862243652,8.294792175292969,8.27479076385498,2.598080635070801,7.34727668762207,1.2824066877365112,7.676123142242432,0.12870943546295166,8.362476348876953,-0.0013750119833275676,4.223885536193848,0.037445757538080215,2.1966216564178467,0.05108857899904251,2.206357717514038,0.01700751669704914,1.7730165719985962,0.02085071988403797,1.384898066520691,0.0027683679945766926,1.8748735189437866,-0.010867347940802574,1.3338544368743896,0.008332785218954086,1.3145203590393066,0.012326299212872982,1.4410786628723145,0.008982330560684204,1.3009165525436401,-0.005845596548169851,1.156510353088379,0.01639009453356266,1.1765493154525757,0.0034454709384590387,4.048315048217773,0.023267626762390137,2.103875160217285,0.004807542078197002,1.1748255491256714,0.006430405657738447,1.1348739862442017,9.755849168868735e-05,1.0036805868148804,-0.0019521686481311917,0.8058703541755676,-0.0033434194047003984,1.0339162349700928,-0.004827596712857485,0.7888580560684204,0.004721340723335743,0.7665658593177795,-0.0032266657799482346,0.8261813521385193,0.00033482490107417107,0.7839033007621765,-0.0020934513304382563,0.674701452255249,0.00888054445385933,0.7012398838996887,0.5490150451660156,0.27477380633354187,0.5139659643173218,0.24631737172603607,0.6091527938842773,0.297624796628952,0.4826553463935852,0.2547447383403778,0.5012419819831848,0.29622942209243774,0.424839586019516,0.25331684947013855,0.4184340536594391,0.24047841131687164,0.5224038362503052,0.2964245080947876,0.4712068438529968,0.2512885630130768,0.5256228446960449,0.2884770333766937,0.5155434012413025,0.2580949366092682,0.5955401062965393,0.2847464084625244,0.3027680814266205,0.0900554358959198,3619.219386535516,1064.6122148524669,4356.437852227192,630.3540532173167,0.06667827962736714,0.03555854163787848,161.4990234375
shake_it_off,120,134,14,nod,big smile,2,-16.186302185058594,35.62950134277344,109.88795471191406,25.682249069213867,-21.44992446899414,11.42735481262207,21.922380447387695,17.014055252075195,-3.9666895866394043,13.136557579040527,18.529300689697266,7.697212219238281,2.538287401199341,10.372623443603516,16.421295166015625,8.879851341247559,3.237605333328247,7.142845153808594,6.940008640289307,8.159266471862793,9.433944702148438,7.2429070472717285,3.632758617401123,6.375718593597412,3.175915479660034,6.86068868637085,0.02190484292805195,6.982819080352783,-0.0014559744158759713,4.128269672393799,-0.020063377916812897,1.8658950328826904,-0.018855776637792587,2.5310256481170654,-0.018716296181082726,2.2735090255737305,-0.009783669374883175,1.2942904233932495,0.027799688279628754,1.8587301969528198,0.017698107287287712,1.4551998376846313,-0.00961876567453146,1.2696021795272827,0.016202617436647415,1.3995780944824219,0.0025554809253662825,1.3459548950195312,0.026351425796747208,1.0996259450912476,-0.0017591927899047732,1.243950366973877,0.015211108140647411,3.721442937850952,0.002838162938132882,1.8694026470184326,-3.1900643080007285e-05,1.1085928678512573,-0.0035297858994454145,1.130785346031189,-0.00427017780020833,1.1301217079162598,-0.0046522608026862144,0.8197281956672668,0.0015496236737817526,1.1078168153762817,2.3747952582198195e-05,0.8936887979507446,0.005213648546487093,0.7611913681030273,0.000440849777078256,0.811087965965271,-0.005491076502948999,0.8346539735794067,0.004925935063511133,0.6433293223381042,0.00614470848813653,0.7671013474464417,0.5240500569343567,0.26986080408096313,0.5639642477035522,0.23141933977603912,0.6988838911056519,0.28283894062042236,0.449409544467926,0.21061526238918304,0.462400883436203,0.2669488191604614,0.4116431176662445,0.22992375493049622,0.48609036207199097,0.2451520711183548,0.5769113302230835,0.26953646540641785,0.48785045742988586,0.2285972237586975,0.5206928849220276,0.2858220636844635,0.46451863646507263,0.22665780782699585,0.5619664788246155,0.27422061562538147,0.32233870029449463,0.07950318604707718,3849.646282131911,1058.4339195013413,4414.509166099821,535.9764364613336,0.07672169750207297,0.042335178679978616,161.4990234375
shake_it_off,134,138,4,shake,neutral,2,-16.68929100036621,38.72795104980469,114.31539916992188,26.129013061523438,-25.219491958618164,9.087148666381836,17.756261825561523,13.392806053161621,-7.394972801208496,11.309113502502441,16.774314880371094,7.322076320648193,2.4892327785491943,9.079404830932617,17.217390060424805,8.452033996582031,2.4324424266815186,5.972784996032715,4.674389839172363,6.502706050872803,9.294036865234375,7.129769802093506,5.715762138366699,6.636814594268799,3.003042221069336,7.459716796875,0.110618457198143,7.9029974937438965,-0.10755879431962967,4.333042621612549,-0.010536439716815948,1.7810934782028198,-0.027629544958472252,2.2155115604400635,-0.04511468484997749,2.0761120319366455,-0.01604512892663479,1.2062568664550781,0.0036717760376632214,1.7131621837615967,-0.028927031904459,1.46878981590271,0.05166373774409294,1.0577948093414307,0.013421409763395786,1.0600804090499878,0.011656242422759533,1.3242380619049072,0.0006605563103221357,1.1312819719314575,0.02958599664270878,1.2827540636062622,-0.07289613038301468,4.015097141265869,0.04277270659804344,1.8441048860549927,0.005296615418046713,1.1837027072906494,0.009161434136331081,1.012303352355957,-0.013858579099178314,1.0718141794204712,-0.014087480492889881,0.7419180274009705,-0.008804582990705967,1.0924710035324097,-0.018272962421178818,1.011492133140564,-0.02179744839668274,0.7470315098762512,-0.014150293543934822,0.6749981045722961,-0.004361485596746206,0.8219212293624878,0.009064991027116776,0.6528335809707642,0.009716602973639965,0.7518688440322876,0.45527467131614685,0.28254619240760803,0.45715954899787903,0.23313583433628082,0.7357892990112305,0.28463032841682434,0.4915253221988678,0.21871021389961243,0.37661588191986084,0.2464708536863327,0.41629788279533386,0.25323110818862915,0.4616639018058777,0.25640833377838135,0.5748822689056396,0.2777390480041504,0.4875313639640808,0.2540983557701111,0.45558419823646545,0.2635246813297272,0.41501981019973755,0.25001421570777893,0.49372753500938416,0.2979452610015869,0.31698882579803467,0.07992000877857208,3723.078768583807,1098.9677905057358,4307.295089483946,590.2754933321172,0.07592278079710145,0.04328375755237058,166.70866935483872
shake_it_off,138,160,22,nod,frown,2,-113.30481719970703,70.45173645019531,114.65047454833984,39.53535079956055,-23.537363052368164,24.473604202270508,23.862871170043945,18.921701431274414,-3.4251556396484375,16.31554412841797,12.807995796203613,13.60067367553711,-2.167987823486328,14.509765625,7.934412956237793,12.91044807434082,1.8459432125091553,11.20004940032959,2.1810717582702637,9.974125862121582,3.5581862926483154,9.067885398864746,1.3907493352890015,9.91844654083252,-0.443006694316864,8.889649391174316,-0.06390467286109924,12.099364280700684,0.005626988597214222,6.122196674346924,0.020695621147751808,3.9769105911254883,0.011943094432353973,2.7667863368988037,0.005549469497054815,2.478461980819702,0.007485284470021725,2.061556816101074,0.011776458472013474,2.3127989768981934,0.010933145880699158,1.9065916538238525,0.005330825224518776,1.6560603380203247,0.004491612780839205,1.507765769958496,-0.0059404014609754086,1.3746827840805054,0.004131412133574486,1.5193129777908325,-0.0015992327826097608,1.3236889839172363,0.005032803397625685,6.089151859283447,-0.0027097167912870646,3.2361648082733154,0.004141027573496103,1.9236829280853271,0.0050543672405183315,1.4340425729751587,0.0012443846790120006,1.3455601930618286,0.0007069884450174868,1.1330995559692383,-0.0009874195093289018,1.1401052474975586,-0.00014838266361039132,0.992713451385498,-0.0006537041044794023,0.8901772499084473,0.0010164554696530104,0.8096784353256226,0.0008176366100087762,0.7561204433441162,-0.0006390283233486116,0.8224127292633057,-0.0005883456906303763,0.7829146981239319,0.556040346622467,0.3006433844566345,0.5156893730163574,0.3039443790912628,0.4952981173992157,0.29957476258277893,0.4835101366043091,0.31335049867630005,0.45537009835243225,0.2972943186759949,0.4826412796974182,0.30264708399772644,0.5018715262413025,0.29436618089675903,0.4939989149570465,0.29626432061195374,0.4558963477611542,0.26934337615966797,0.4521767199039459,0.27240800857543945,0.4962025582790375,0.29414695501327515,0.555073618888855,0.29690980911254883,0.164420947432518,0.08488817512989044,3639.6159627546067,1578.0971183494441,4066.6612581470026,922.9951913439343,0.08362492785290238,0.0658075150799452,79.50721153846153
shake_it_off,160,164,4,none ,frown,1,-233.8441619873047,131.8319549560547,64.65547943115234,51.655967712402344,-33.65449905395508,32.22465515136719,36.06061553955078,28.816513061523438,3.4299004077911377,18.34293556213379,5.287921905517578,11.732738494873047,-24.862573623657227,22.58794593811035,2.499823570251465,13.422276496887207,-4.4631218910217285,11.156834602355957,1.7898019552230835,10.140195846557617,-4.040660381317139,10.316164016723633,-7.634948253631592,11.724466323852539,-5.389522075653076,8.43484878540039,-0.23519742488861084,12.353514671325684,-0.16778655350208282,7.292779445648193,-0.26674023270606995,4.262979984283447,-0.116607166826725,3.6109061241149902,-0.10323265194892883,2.2454044818878174,-0.14416925609111786,1.6370935440063477,-0.18890811502933502,2.630633592605591,-0.060962777584791183,2.1274189949035645,0.0045959074050188065,1.54844331741333,-0.08479230850934982,1.6210086345672607,-0.0443718396127224,1.4636752605438232,-0.02636849693953991,1.7174896001815796,-0.10396591573953629,1.4934004545211792,-0.006674870382994413,5.760895729064941,-0.007056244648993015,2.7694664001464844,-0.03233523666858673,2.052114248275757,-0.029608696699142456,1.493680477142334,-0.004332260694354773,1.1176265478134155,-0.01140821073204279,0.9621461629867554,0.044371601194143295,1.0810179710388184,0.04835313558578491,1.0319392681121826,-0.03283663094043732,0.9147773385047913,-0.013873688876628876,0.8586215972900391,-0.004234774969518185,0.7933331727981567,-0.001007885904982686,0.8692695498466492,0.028174543753266335,0.8297618627548218,0.456593781709671,0.3002123534679413,0.4712505042552948,0.2983497083187103,0.507982611656189,0.31163540482521057,0.47455042600631714,0.30977481603622437,0.48019155859947205,0.30133670568466187,0.4732201099395752,0.28436923027038574,0.4612710773944855,0.2778370678424835,0.5165873169898987,0.29795581102371216,0.4748130142688751,0.2548832297325134,0.439954936504364,0.2833103537559509,0.5128169655799866,0.33096227049827576,0.5064724087715149,0.3118445575237274,0.07846908271312714,0.06731170415878296,4341.865257230918,1291.9843364022345,3955.5525250667843,629.2095146702061,0.11937415081521739,0.06863801748110804,97.50884433962264
shake_it_off,164,207,43,nod,smile,3,-9.351381301879883,35.82162094116211,111.33708953857422,23.996103286743164,-26.089599609375,13.972824096679688,19.702882766723633,15.665514945983887,-6.67756462097168,13.906081199645996,16.73833656311035,9.201730728149414,-0.08507733792066574,11.253556251525879,16.48442840576172,9.272016525268555,3.6178832054138184,7.180812358856201,5.459987640380859,7.620035648345947,9.225878715515137,7.573167324066162,3.5977468490600586,7.0860819816589355,1.5501419305801392,7.933570384979248,0.049765318632125854,6.581727027893066,-0.0006661219522356987,3.852144956588745,0.021166794002056122,1.9286283254623413,0.009321467019617558,2.1145694255828857,0.002525521209463477,1.9874489307403564,0.009719202294945717,1.2871510982513428,0.014583033509552479,1.7452505826950073,0.01086366456001997,1.4626349210739136,0.010733858682215214,1.230794906616211,0.010248937644064426,1.2557579278945923,0.0074194264598190784,1.3203316926956177,-0.00015300718951039016,1.083736538887024,0.007534204050898552,1.1529436111450195,-0.0019629180897027254,3.3690454959869385,0.00476266210898757,1.8210785388946533,-0.0016990109579637647,1.1045725345611572,-0.0005326515529304743,1.0043060779571533,-0.0013423931086435914,1.0272523164749146,0.00026438492932356894,0.767963171005249,6.647243571933359e-05,0.9955883622169495,-0.0026341185439378023,0.8577528595924377,-0.002194174099713564,0.7242702841758728,-0.0011475047795102,0.7390679717063904,-0.0005410545272752643,0.7797979116439819,-0.0013177604414522648,0.6501646637916565,0.0027915500104427338,0.7551493644714355,0.4633021950721741,0.27390730381011963,0.46741145849227905,0.23342856764793396,0.6570309996604919,0.3192136585712433,0.398979514837265,0.2187058925628662,0.4310261905193329,0.29963746666908264,0.33840006589889526,0.22781319916248322,0.39339911937713623,0.23273825645446777,0.5148671269416809,0.2932223081588745,0.40874943137168884,0.21966274082660675,0.46647417545318604,0.2850477397441864,0.41960710287094116,0.23929432034492493,0.5306351184844971,0.2926698625087738,0.32912108302116394,0.07591143995523453,3802.792594970359,964.5051259682948,4338.323333161254,558.1554752938065,0.07886849520788337,0.03671751230615402,161.4990234375
shake_it_off,207,212,5,shake,smile,2,-6.160261154174805,33.75276565551758,108.63614654541016,23.932113647460938,-24.222448348999023,9.372212409973145,18.348207473754883,15.734713554382324,-8.161028861999512,13.07874584197998,14.063786506652832,6.997997760772705,2.2796835899353027,10.176908493041992,16.715839385986328,8.638102531433105,3.317542552947998,6.482904434204102,6.759645938873291,6.655020713806152,11.257643699645996,6.910762310028076,5.515995979309082,6.060276031494141,2.5086634159088135,7.239229679107666,0.03925124183297157,6.533437252044678,0.03152958303689957,3.776895046234131,-0.019691577181220055,1.6580615043640137,-0.013416657224297523,2.479254961013794,0.013464297167956829,2.2494330406188965,-0.0032138703390955925,1.122233271598816,0.0062898606993258,1.8226959705352783,0.03699411451816559,1.3263293504714966,-0.0189181100577116,1.0344665050506592,0.014410802163183689,1.1228764057159424,-0.01722888834774494,1.3885213136672974,0.006443248596042395,1.1090489625930786,0.018447287380695343,1.290273904800415,0.06119368225336075,3.466120481491089,-0.005974894389510155,1.6805427074432373,0.004717939533293247,1.062903642654419,0.008745383471250534,1.1455109119415283,-0.006679780315607786,1.0565869808197021,-0.011745240539312363,0.7771385908126831,0.005947554484009743,1.108659029006958,0.004304952919483185,0.8897730708122253,-0.0005618715658783913,0.679220974445343,0.030298810452222824,0.7361352443695068,0.008327633142471313,0.8627352714538574,0.007598137948662043,0.6830751895904541,-0.008361820131540298,0.7363080978393555,0.4407861530780792,0.2763674259185791,0.5131781697273254,0.21428626775741577,0.8091849684715271,0.2572228014469147,0.41828858852386475,0.1977068930864334,0.3173886239528656,0.20083171129226685,0.35786357522010803,0.2100129872560501,0.4854535162448883,0.24326282739639282,0.5453653335571289,0.2662980556488037,0.4398106336593628,0.20395377278327942,0.5594411492347717,0.29597708582878113,0.4147576093673706,0.23184067010879517,0.4539484679698944,0.27341121435165405,0.3290897309780121,0.07829286903142929,3909.2461880728315,1002.7134995968328,4425.500288619767,488.22137116352536,0.08216266676334107,0.04365531922742691,105.46875
shake_it_off,212,219,7,none ,smile,3,-332.75921630859375,175.427978515625,56.28403091430664,55.20661163330078,-26.078887939453125,31.867464065551758,-4.519104480743408,11.398582458496094,-9.578060150146484,17.529211044311523,-4.823371410369873,14.700772285461426,-4.986743450164795,9.95296859741211,-0.06139529496431351,10.246193885803223,-4.439049243927002,8.29255199432373,-6.322808742523193,11.166120529174805,-0.8620787858963013,5.727323055267334,-0.8542590737342834,6.1004862785339355,1.3423447608947754,4.646844387054443,-0.7149824500083923,3.7216105461120605,-0.21589505672454834,2.4252519607543945,0.05315189063549042,1.2794376611709595,-0.020106354728341103,0.958688497543335,0.01926840841770172,1.0204505920410156,-0.0292374175041914,0.8692420721054077,-0.02333502471446991,0.7908017635345459,-0.053227171301841736,0.8602935075759888,-0.0005944838630966842,0.7083930969238281,-0.0022732417564839125,0.7038191556930542,-0.027112865820527077,0.6825946569442749,-0.008993890136480331,0.6474600434303284,0.0006989618414081633,0.6806778907775879,-0.002383437706157565,1.650014877319336,0.004199014510959387,1.0808912515640259,-0.00805007852613926,0.6716427803039551,-0.009133812971413136,0.5821924805641174,-0.008894882164895535,0.46513742208480835,0.005729537922888994,0.4367419183254242,0.006024885457009077,0.43648067116737366,0.0013381014578044415,0.49888622760772705,0.005359511356800795,0.4484024941921234,0.012252614833414555,0.40809470415115356,0.001994882710278034,0.4139070212841034,-0.0019451674306765199,0.3993867039680481,-0.007128408644348383,0.48529326915740967,0.25365376472473145,0.27573516964912415,0.22883181273937225,0.3022099733352661,0.27364712953567505,0.3325496315956116,0.3667040765285492,0.18678665161132812,0.8362997770309448,0.2593819797039032,0.3117160499095917,0.21828427910804749,0.20249615609645844,0.2675515115261078,0.277638703584671,0.29545679688453674,0.30720072984695435,0.2455274760723114,0.24229663610458374,0.2676522433757782,0.26979902386665344,0.2716844975948334,0.4542202353477478,0.34471598267555237,0.07936578243970871,0.12103359401226044,3440.5404634136535,1501.8998624731746,3775.011268119822,1415.693520907063,0.08057207452321724,0.030820850506207375,161.4990234375
someone_like_you,0,13,13,sway,neutral,1,-391.2148132324219,70.64330291748047,242.9204864501953,57.19260025024414,9.740190505981445,13.909732818603516,-23.90585708618164,11.029925346374512,17.673309326171875,6.961246490478516,5.374467372894287,8.532390594482422,-6.1832780838012695,6.939477443695068,1.0640876293182373,6.028834342956543,-1.51065194606781,7.575540065765381,-5.574909687042236,8.003097534179688,-6.127170085906982,8.159720420837402,-7.442970275878906,7.416126251220703,-5.05517053604126,6.904872894287109,0.32269805669784546,4.216342449188232,0.227059006690979,2.1918060779571533,-0.022324571385979652,2.2438416481018066,-0.0075598512776196,1.1724005937576294,0.016616016626358032,0.7866161465644836,-0.008014985360205173,1.1306291818618774,-0.012080241926014423,0.8147322535514832,-0.011516469530761242,0.8406830430030823,-0.011399982497096062,1.0625123977661133,5.1130566134816036e-05,0.8935138583183289,0.006616740487515926,0.8425725102424622,-0.004080124199390411,0.738647997379303,-0.007909978739917278,0.7484973669052124,0.02598920837044716,2.2282636165618896,-0.0001723286259220913,0.9343010783195496,-0.010261086747050285,1.2887868881225586,0.00487251253798604,0.6619024872779846,-0.004728082567453384,0.44417545199394226,-0.002519595669582486,0.5557891726493835,0.00043469929369166493,0.39843621850013733,-0.0027154991403222084,0.4370589554309845,-0.0016066586831584573,0.5783865451812744,0.00034521520137786865,0.44940176606178284,0.0006416776450350881,0.4781372547149658,-0.0008472665795125067,0.4061198830604553,-0.0011097850510850549,0.41077032685279846,0.285833477973938,0.17911796271800995,0.6059191823005676,0.3573276400566101,0.33601605892181396,0.24373012781143188,0.37353089451789856,0.2625528872013092,0.5164982676506042,0.39473098516464233,0.37178924679756165,0.18137598037719727,0.2820049822330475,0.3177574574947357,0.23005147278308868,0.18458327651023865,0.38846880197525024,0.28021639585494995,0.25700727105140686,0.2473660707473755,0.15456591546535492,0.15970177948474884,0.16970078647136688,0.1488647311925888,0.04997117817401886,0.017025047913193703,1158.50217690916,2207.2916161734292,1262.9290759517764,955.5237164317133,0.03961661202566964,0.09436252475671945,135.99917763157896
someone_like_you,13,17,4,none,"browraise, surprise",3,-257.8955078125,64.15415954589844,203.398193359375,14.692854881286621,-12.170839309692383,26.138357162475586,-2.39870023727417,15.226665496826172,-4.338953495025635,19.51593780517578,9.436168670654297,9.013557434082031,-11.480341911315918,5.9296441078186035,-7.052656650543213,6.043793201446533,-2.875138998031616,8.173063278198242,-10.815359115600586,9.016355514526367,-0.032703697681427,8.892396926879883,-4.421009063720703,8.865972518920898,-13.015262603759766,9.521085739135742,-0.11850420385599136,4.2739691734313965,-0.025973891839385033,1.6716617345809937,0.06772016733884811,1.826379656791687,-0.0319054052233696,1.4140052795410156,-0.02916564978659153,1.1836638450622559,0.024918869137763977,0.8714024424552917,0.036397431045770645,0.9661224484443665,0.06901942193508148,0.8826020359992981,0.03692792356014252,0.9522584676742554,-0.040108032524585724,1.0020525455474854,-0.025355521589517593,0.8650376200675964,0.01561663020402193,0.725400984287262,-0.01621793583035469,0.8530634045600891,0.04126739129424095,1.65142023563385,0.004912940785288811,0.8594547510147095,-0.022486785426735878,0.9035294651985168,0.012648480013012886,0.7014774680137634,1.738727974043286e-06,0.5484169721603394,-0.004763748496770859,0.470273494720459,0.010909786447882652,0.5402696132659912,-0.007351397071033716,0.5308626294136047,-0.02181227318942547,0.6090743541717529,-0.004672928247600794,0.5203974843025208,0.018725071102380753,0.5335837006568909,0.015294786542654037,0.4433244466781616,0.0027862386777997017,0.4590173065662384,0.2626051604747772,0.2709459364414215,0.46340787410736084,0.3786933720111847,0.4691672623157501,0.3565657436847687,0.2758994400501251,0.16356757283210754,0.3641888499259949,0.3515291213989258,0.24671895802021027,0.25431254506111145,0.13783589005470276,0.20996980369091034,0.12336526066064835,0.1510852575302124,0.2737118601799011,0.22501276433467865,0.3282510042190552,0.3134225010871887,0.23953042924404144,0.24207276105880737,0.30641528964042664,0.3272053897380829,0.11332841962575912,0.06661087274551392,1295.1118190900324,332.33318319513876,1889.2854708613827,476.4560331966538,0.0310447803442029,0.008511528466041656,132.51201923076923
someone_like_you,17,32,15,sway,thoughtful,1,-208.7224578857422,49.13108444213867,182.866455078125,26.851329803466797,-11.809480667114258,27.740121841430664,10.079154968261719,17.898649215698242,-13.473160743713379,16.02256965637207,10.269696235656738,10.54613208770752,-12.883843421936035,10.265857696533203,-9.7276611328125,10.050978660583496,-2.4561891555786133,8.646730422973633,-12.047325134277344,9.19300651550293,2.3719534873962402,10.588153839111328,-2.9559667110443115,9.793050765991211,-14.662140846252441,7.933170318603516,0.13550598919391632,5.888552188873291,-0.02081185393035412,3.8145370483398438,-0.04877488687634468,2.4040141105651855,0.04184046760201454,2.504849910736084,-0.0127724539488554,1.8784323930740356,-0.0004966517444700003,1.3224622011184692,-0.01965857483446598,1.306304693222046,-0.022052764892578125,1.137359857559204,-0.004180147312581539,1.0332043170928955,-0.009694779291749,1.0684064626693726,0.010540422983467579,1.1087125539779663,0.005301934666931629,1.060786485671997,-0.006403374020010233,0.9610294103622437,-0.008216796442866325,2.616823673248291,-0.0065781972371041775,1.6528115272521973,0.012334661558270454,1.0880283117294312,-0.0007357652648352087,1.1950472593307495,0.0019939064513891935,0.93473881483078,-0.0019002745393663645,0.6930370926856995,0.007604250684380531,0.6746812462806702,0.008776105009019375,0.6593097448348999,0.006193117238581181,0.5964951515197754,0.008001962676644325,0.5830446481704712,0.00376519956625998,0.5753767490386963,0.005758089944720268,0.5687074661254883,0.0034616163466125727,0.5238280892372131,0.2782621681690216,0.24576425552368164,0.46149399876594543,0.4051094353199005,0.2520752549171448,0.25290796160697937,0.21855607628822327,0.23329459130764008,0.28989502787590027,0.3454877734184265,0.18751150369644165,0.19437608122825623,0.1956389844417572,0.30042898654937744,0.2296702116727829,0.23167981207370758,0.4205675721168518,0.33234840631484985,0.3213579058647156,0.3420061469078064,0.2677677571773529,0.2978878319263458,0.27565285563468933,0.2695275843143463,0.16444240510463715,0.061424676328897476,1625.0350460604936,966.6502936796431,2272.5881266570477,584.2565657495824,0.036664555316369966,0.0398262467705659,89.10290948275862
someone_like_you,32,34,2,none,"browraise, surprise",3,-205.53182983398438,42.04267120361328,173.2509307861328,28.31707763671875,-10.8536958694458,16.282764434814453,31.951549530029297,19.677473068237305,-6.049785137176514,18.317041397094727,10.23827075958252,8.791610717773438,-13.832035064697266,19.03390884399414,-10.617145538330078,9.815933227539062,-2.3707759380340576,10.552050590515137,-10.865836143493652,10.66092300415039,-17.742319107055664,9.720091819763184,-9.878034591674805,5.478262901306152,-14.62870979309082,6.560342311859131,-0.3328535258769989,7.353147506713867,-0.043910473585128784,5.186538219451904,0.09240120649337769,2.3497402667999268,0.06130407750606537,3.475750207901001,0.11155042797327042,3.1699681282043457,-0.013104124926030636,1.4547538757324219,0.04226044937968254,1.7595354318618774,0.08322962373495102,1.4928048849105835,0.11061771214008331,1.6012697219848633,0.03835855424404144,1.6214172840118408,-0.2171163409948349,1.3337243795394897,0.012195345014333725,0.9943250417709351,0.04329993575811386,0.7805331349372864,0.08232652395963669,4.161750316619873,-0.05077861621975899,3.333392381668091,0.1855570673942566,1.4452208280563354,-0.11212558299303055,2.0632355213165283,0.07707060128450394,1.5982394218444824,-0.0328950472176075,0.8169910311698914,0.08898290991783142,0.9439713954925537,0.023854607716202736,0.8130292892456055,0.03570978716015816,0.9233412742614746,0.06562463194131851,0.8355022072792053,0.030529242008924484,0.6799308657646179,0.060869261622428894,0.6175299286842346,0.0332014225423336,0.5671142339706421,0.3024391531944275,0.390374094247818,0.2542322278022766,0.3311501741409302,0.18828049302101135,0.26916730403900146,0.15017551183700562,0.2273777723312378,0.30266010761260986,0.3277919292449951,0.31645911931991577,0.32073840498924255,0.25597742199897766,0.3371414244174957,0.15576599538326263,0.22115455567836761,0.18595179915428162,0.22027114033699036,0.34573063254356384,0.4141142666339874,0.2881549298763275,0.30915385484695435,0.2837682366371155,0.30923327803611755,0.20152190327644348,0.06892332434654236,1704.6582479868825,950.9067658218394,2516.7055251229203,737.7497622423389,0.02855175216763006,0.02495762792446085,99.38401442307692
someone_like_you,34,40,6,none,thoughtful,3,-230.60289001464844,62.190101623535156,181.6927947998047,35.41144561767578,-1.0001393556594849,19.06119728088379,16.132999420166016,27.249773025512695,-3.7534406185150146,18.488779067993164,13.892645835876465,13.52265739440918,-13.035497665405273,11.424477577209473,-2.7047030925750732,7.790708065032959,-1.5967767238616943,9.36334228515625,-9.109779357910156,9.078103065490723,-6.202837944030762,11.338608741760254,-7.610439300537109,7.436563491821289,-10.574103355407715,6.33735990524292,0.07271000742912292,7.14107608795166,0.02704947255551815,4.672126293182373,-0.026259157806634903,2.184420108795166,0.03748767450451851,2.884783983230591,0.0025881873443722725,2.295933961868286,0.008560131303966045,1.544417381286621,-0.0254567451775074,1.6524863243103027,0.032524771988391876,1.134385108947754,-0.00931935478001833,1.1543643474578857,-0.03270191699266434,1.3047261238098145,0.05758688226342201,1.1137558221817017,-0.012533526867628098,1.1092535257339478,-0.00786876492202282,0.7792317867279053,0.0619724802672863,3.077296495437622,-0.038957804441452026,2.3617422580718994,0.03709776699542999,1.0358761548995972,-0.012784588150680065,1.1322300434112549,0.01839088834822178,1.0071396827697754,0.0009271263843402267,0.7019026875495911,0.015105974860489368,0.8580156564712524,0.00045805881381966174,0.5760632157325745,-0.002790079452097416,0.6023139953613281,0.0028920939657837152,0.6922183036804199,-0.003831236157566309,0.6245660185813904,0.0059481896460056305,0.5790224075317383,0.012639068998396397,0.4657202661037445,0.29343417286872864,0.24047061800956726,0.48523277044296265,0.40110668540000916,0.20362934470176697,0.17480173707008362,0.19951067864894867,0.22468192875385284,0.31219688057899475,0.3290221095085144,0.3542570471763611,0.2999145984649658,0.39990493655204773,0.38272690773010254,0.31128445267677307,0.24386821687221527,0.3641594648361206,0.2828402519226074,0.3108394145965576,0.35291770100593567,0.2759194076061249,0.3162826597690582,0.2413204312324524,0.23733355104923248,0.14359495043754578,0.07450404018163681,1673.6446099610866,1137.7450949935119,2404.8388997289017,849.5136279656791,0.03366685051982592,0.03810889220296949,93.96306818181819
someone_like_you,40,50,10,none,frown,3,-206.36148071289062,60.77549743652344,181.47174072265625,29.574167251586914,-14.602219581604004,27.820070266723633,15.880454063415527,23.055435180664062,-12.893959045410156,18.44537925720215,7.770087718963623,12.241864204406738,-15.016264915466309,11.582472801208496,-2.3275630474090576,9.466090202331543,-2.8258912563323975,8.36668586730957,-12.084303855895996,9.389311790466309,0.06270238012075424,7.958917617797852,-9.18700122833252,8.279916763305664,-15.269218444824219,7.575586795806885,0.024963246658444405,5.328264236450195,0.00036286533577367663,4.061601161956787,-0.021561089903116226,2.004110336303711,-0.06588689237833023,2.3671231269836426,-0.05505722388625145,1.8312993049621582,-0.016132274642586708,1.3895424604415894,-0.00034628334105946124,1.2945624589920044,-0.004423903301358223,1.2215925455093384,-0.0002775822940748185,1.1464214324951172,0.0013474046718329191,1.247800350189209,0.002444074722006917,1.089273452758789,0.009705443866550922,0.9010533690452576,-0.010607090778648853,0.9209621548652649,0.043653301894664764,2.24538254737854,-0.02599423937499523,1.7549306154251099,0.018720099702477455,0.9137123227119446,-0.01625909097492695,0.9752793908119202,0.004949756897985935,0.870880663394928,-0.026509970426559448,0.7091816663742065,0.02190430648624897,0.6080947518348694,-0.010648154653608799,0.6706602573394775,0.004817394074052572,0.6256133317947388,0.007857078686356544,0.6082784533500671,-0.012206126004457474,0.5645270347595215,-0.008672750554978848,0.5226762294769287,0.015236638486385345,0.5386069416999817,0.3315248489379883,0.3440673053264618,0.42930907011032104,0.3421907126903534,0.38509345054626465,0.36005309224128723,0.26644086837768555,0.238848015666008,0.3879583477973938,0.4134718179702759,0.27628934383392334,0.30686092376708984,0.16328886151313782,0.23666967451572418,0.13808146119117737,0.20889116823673248,0.20344221591949463,0.3040252923965454,0.17290924489498138,0.23918090760707855,0.16653847694396973,0.22522100806236267,0.25334632396698,0.29002267122268677,0.18326248228549957,0.07390345633029938,1674.0406944353524,1007.894250657436,2329.1648511509775,636.7605497735819,0.035865447360788866,0.03945920221332574,161.4990234375
someone_like_you,50,52,2,none,"browraise, surprise",3,-201.03900146484375,39.2841682434082,187.09872436523438,22.709861755371094,9.32244873046875,23.805431365966797,17.281103134155273,14.044831275939941,-21.261173248291016,12.585769653320312,22.13875961303711,11.59691333770752,-20.354528427124023,8.957594871520996,1.6834371089935303,5.60035514831543,1.4910310506820679,8.474533081054688,-8.030369758605957,7.413894176483154,-2.1441924571990967,6.551045894622803,-4.915165424346924,7.478454113006592,-13.764535903930664,7.624634265899658,-1.0216472148895264,4.8000168800354,0.28209733963012695,3.2215328216552734,0.24140410125255585,1.8490358591079712,-0.04058020934462547,2.309971809387207,0.16179600358009338,1.7341002225875854,-0.08998937159776688,1.6560969352722168,0.0535237081348896,1.4532063007354736,0.04047025740146637,1.121469259262085,0.03154400363564491,1.1692423820495605,0.043963123112916946,1.2731029987335205,-0.04822137951850891,1.1954851150512695,0.000682378769852221,1.1473804712295532,0.07963407039642334,1.0398656129837036,0.3144960403442383,3.1544692516326904,-0.23134030401706696,2.160027265548706,0.06772629171609879,1.0497376918792725,-0.014859655871987343,1.0908571481704712,-0.0572064183652401,1.0043315887451172,-0.06355703622102737,0.8168428540229797,0.054767709225416183,0.8749179244041443,-0.02439909614622593,0.5922160148620605,-0.0034511901903897524,0.7085952162742615,0.020054755732417107,0.5734341740608215,-0.00960527639836073,0.6415666341781616,0.0209213700145483,0.6460338234901428,0.0295289047062397,0.5664161443710327,0.20137709379196167,0.2631765902042389,0.3074788451194763,0.30767786502838135,0.2229725867509842,0.2599266469478607,0.08409995585680008,0.1022397056221962,0.17101886868476868,0.22793397307395935,0.22398965060710907,0.25610512495040894,0.33139994740486145,0.357799232006073,0.432373970746994,0.38675618171691895,0.5023804306983948,0.2507038116455078,0.5064772963523865,0.3660773038864136,0.3484762907028198,0.3735608458518982,0.2395494431257248,0.26965808868408203,0.20461516082286835,0.041530195623636246,1512.8602776579603,589.1167497504274,2621.9172815533834,567.0051645549711,0.022483516979768785,0.010729069925617988,78.30255681818181
someone_like_you,52,73,21,sway,"frown, thoughtful",1,-189.66976928710938,55.32103729248047,178.02838134765625,33.968955993652344,-3.700542688369751,21.1983699798584,18.301546096801758,19.29008674621582,-8.993861198425293,16.97675323486328,20.006542205810547,11.62672233581543,-20.448326110839844,11.93579387664795,-2.348958969116211,8.940581321716309,-3.8238277435302734,10.064224243164062,-7.822315692901611,9.938109397888184,-0.6702498197555542,8.925671577453613,-3.834123134613037,8.904021263122559,-13.410435676574707,7.805410385131836,-0.0344260111451149,7.436845302581787,0.0022113476879894733,5.550820827484131,0.021004239097237587,2.2451822757720947,0.0029875310137867928,2.931286573410034,-0.002440002979710698,2.5884509086608887,0.013891532085835934,1.8007868528366089,0.00137308647390455,1.5951189994812012,-0.013980059884488583,1.227494478225708,-0.01598532497882843,1.2923409938812256,-0.009124374017119408,1.380096673965454,-0.006118662189692259,1.1879483461380005,-0.006102494429796934,1.1894652843475342,-0.0012177276657894254,1.1433401107788086,0.029569095000624657,3.560887575149536,-0.008901897817850113,2.7167696952819824,-0.0014660132583230734,1.0170105695724487,0.0042877341620624065,1.428878664970398,-0.003210817463696003,1.3091436624526978,0.0006958539015613496,0.9491346478462219,-0.0003536629374139011,0.8423558473587036,-0.0006764247664250433,0.6438131332397461,-0.008821279741823673,0.7324485182762146,-0.008372657001018524,0.7311117053031921,0.0005611386150121689,0.6735257506370544,0.0015650484710931778,0.6421299576759338,-0.002466013887897134,0.6032885313034058,0.3417556583881378,0.2883657217025757,0.42836737632751465,0.37730443477630615,0.2684198319911957,0.27179503440856934,0.16503076255321503,0.17921456694602966,0.2590988874435425,0.30287596583366394,0.24559661746025085,0.2402360588312149,0.37411582469940186,0.3649134039878845,0.28378620743751526,0.288169801235199,0.27660682797431946,0.2560252547264099,0.36528441309928894,0.3497089147567749,0.3897326588630676,0.3098941445350647,0.40433433651924133,0.34802481532096863,0.17491896450519562,0.07207608968019485,1925.4014583369808,1205.5364008996557,2760.7265055128782,861.3588867397052,0.03843898994610282,0.042385738719284125,129.19921875
someone_like_you,73,84,11,none,smile,3,-154.7513885498047,55.42265319824219,168.36732482910156,26.682100296020508,-33.26915740966797,24.203819274902344,23.075746536254883,15.061503410339355,-15.029111862182617,15.282830238342285,14.838685035705566,10.548216819763184,-9.015151977539062,8.742892265319824,-4.779292106628418,9.864920616149902,-5.605570316314697,8.752426147460938,-4.155585289001465,10.926298141479492,-2.147773027420044,8.50762939453125,-2.646714925765991,7.98186731338501,-8.449909210205078,7.6683125495910645,0.25373053550720215,6.2131147384643555,-0.03596222400665283,4.509978771209717,-0.10269622504711151,2.7847559452056885,0.026082482188940048,2.213282346725464,-0.049311358481645584,2.236823081970215,-0.008551734499633312,1.4588881731033325,-0.014833667315542698,1.2377907037734985,0.019064955413341522,1.3505356311798096,0.0193922258913517,1.1400501728057861,0.011788434349000454,1.1584064960479736,0.014013455249369144,1.1423817873001099,0.007183567155152559,1.2194174528121948,-0.020399628207087517,1.082275629043579,-0.0006776650552637875,2.963979482650757,-0.0037027159705758095,2.247168779373169,0.009313486516475677,1.158020257949829,-0.004073276650160551,1.2032629251480103,0.003476793644949794,1.1808428764343262,-0.004063852597028017,0.8027040958404541,0.004685583990067244,0.6839878559112549,-0.006258046254515648,0.6895675659179688,-0.002981133759021759,0.6504020094871521,-0.0021244233939796686,0.6442195773124695,-0.0015704254619777203,0.657646119594574,0.0020553104113787413,0.6500888466835022,-0.001207660068757832,0.5962819457054138,0.12454966455698013,0.15857598185539246,0.18122795224189758,0.2506576180458069,0.12097466737031937,0.16460822522640228,0.16132470965385437,0.2079361379146576,0.241475909948349,0.306377649307251,0.21272654831409454,0.21181051433086395,0.3770682215690613,0.42090311646461487,0.2719442546367645,0.2328956127166748,0.4264032542705536,0.3666611909866333,0.4595104455947876,0.3753317594528198,0.22237278521060944,0.23023824393749237,0.1511985957622528,0.24669702351093292,0.2046079784631729,0.07884742319583893,2094.9797236994154,947.2235340027447,2588.270510724865,661.9229944932046,0.05063960723233123,0.036947294916586576,132.51201923076923
someone_like_you,84,86,2,none,oh,3,-115.41517639160156,10.428536415100098,141.93040466308594,8.071410179138184,-27.315176010131836,16.30645751953125,44.395416259765625,12.198685646057129,-35.8326301574707,6.591972351074219,26.278377532958984,7.974635601043701,-25.5151424407959,5.50173807144165,9.783329963684082,10.336430549621582,-16.354080200195312,12.726378440856934,-11.057840347290039,5.68643856048584,-2.8391637802124023,7.960336208343506,-4.801973819732666,6.324868202209473,-6.681065082550049,8.71507740020752,0.015782412141561508,1.9159085750579834,0.007711373269557953,1.613706111907959,0.20252889394760132,1.1253076791763306,0.2482525110244751,0.9540725350379944,0.04091322794556618,0.8037122488021851,0.14492787420749664,0.8942389488220215,-0.05347461998462677,0.8775739669799805,0.04409660026431084,0.9725308418273926,-0.22786593437194824,0.9399928450584412,-0.12747882306575775,0.6287113428115845,-0.001888599363155663,0.7376435995101929,-0.046226777136325836,0.8012682199478149,0.1343156099319458,0.645456075668335,0.05929778888821602,1.0114727020263672,0.0098660197108984,0.8497556447982788,0.03535349667072296,0.625252366065979,-0.08475124835968018,0.7121731042861938,0.03482969477772713,0.4054103493690491,-0.028049692511558533,0.46410688757896423,0.04422673583030701,0.4928904175758362,-0.02856561169028282,0.4996090233325958,0.047867558896541595,0.47726282477378845,-0.020250245928764343,0.47938719391822815,0.01951616071164608,0.31810200214385986,-0.07729902863502502,0.5076307654380798,0.0013304665917530656,0.3551689386367798,0.03664721921086311,0.01769311912357807,0.13092204928398132,0.22848112881183624,0.06519345194101334,0.11992964893579483,0.029416076838970184,0.044243138283491135,0.11306101083755493,0.14760708808898926,0.27303212881088257,0.08076608180999756,0.933404803276062,0.2159774750471115,0.5073609352111816,0.154769167304039,0.11139359325170517,0.11353179812431335,0.1113535687327385,0.16171489655971527,0.09132172167301178,0.13472172617912292,0.036497969180345535,0.039162568747997284,0.2705652415752411,0.0336294025182724,2545.0878337732897,182.93209762330343,3331.6257970177926,266.29701398621125,0.039849959356936415,0.01575128106418588,135.99917763157896
someone_like_you,86,88,2,none,browraise,3,-137.79281616210938,41.344879150390625,156.23390197753906,27.245820999145508,-17.036130905151367,16.18271827697754,22.141016006469727,15.11031436920166,-16.699337005615234,12.24770450592041,21.189897537231445,8.990151405334473,-14.773180961608887,9.773571014404297,7.220633506774902,6.335762977600098,-9.63527774810791,9.249810218811035,-9.898038864135742,11.781556129455566,-10.334527015686035,8.49238109588623,-0.8929371237754822,7.3046770095825195,-8.048587799072266,6.686717987060547,0.6255035400390625,8.003608703613281,-0.3520526885986328,5.319505214691162,-0.04605451971292496,2.4547276496887207,-0.010408148169517517,2.5435149669647217,-0.1297396570444107,2.0764522552490234,0.18808650970458984,1.5416473150253296,-0.0058509488590061665,1.916834831237793,-0.07565231621265411,1.0541045665740967,0.13858658075332642,1.6475707292556763,0.30468350648880005,1.8400384187698364,-0.04515384882688522,1.1952816247940063,-0.003062751144170761,1.0916154384613037,0.040875278413295746,1.2128254175186157,0.32509082555770874,4.946573257446289,-0.22435732185840607,3.3958070278167725,0.005132573191076517,1.3806664943695068,0.02999284863471985,1.5940072536468506,-0.11348962783813477,1.3935978412628174,0.08416496962308884,1.103428840637207,0.03282091021537781,1.1314624547958374,0.07519347965717316,0.7954903244972229,0.015061240643262863,0.8590043783187866,0.0038988676387816668,0.8423407077789307,-0.047510456293821335,0.6401159763336182,-0.06428772211074829,0.71650230884552,-0.05302796885371208,0.7854021787643433,0.226492777466774,0.271578311920166,0.44999760389328003,0.4243246912956238,0.2965646982192993,0.3325395882129669,0.12655234336853027,0.18379013240337372,0.06607993692159653,0.09273327142000198,0.07117172330617905,0.1449757069349289,0.10374604165554047,0.21851737797260284,0.13220323622226715,0.19165104627609253,0.33197060227394104,0.2726128101348877,0.5763549208641052,0.35371342301368713,0.4126448333263397,0.34089067578315735,0.1519760638475418,0.2085677534341812,0.24483762681484222,0.0919710025191307,2387.0842984465853,1098.7440531900459,3122.3271785049656,826.6408253998399,0.047795113800578035,0.02980330424961045,66.25600961538461
someone_like_you,88,93,5,look up,thoughtful,3,-120.13490295410156,38.11060333251953,153.82737731933594,30.32850456237793,-40.2489128112793,14.55522346496582,20.473432540893555,15.150655746459961,-15.243803024291992,14.374837875366211,24.37642478942871,12.744425773620605,-13.887751579284668,8.94708251953125,2.314497947692871,7.94212007522583,-8.451454162597656,9.71634292602539,-1.9677199125289917,8.86762809753418,-12.62000846862793,10.42609691619873,-3.8422675132751465,8.97994327545166,-13.044392585754395,7.058361530303955,-0.05665724724531174,7.799259662628174,-0.14417369663715363,5.2885894775390625,0.14972005784511566,1.9432698488235474,0.007881952449679375,2.0969648361206055,-0.05185622349381447,2.435469627380371,0.022911056876182556,2.006574869155884,-0.06699217110872269,1.3361737728118896,0.011335521936416626,1.1684191226959229,-0.06807507574558258,1.199752926826477,-0.03247355297207832,1.1732226610183716,0.036279477179050446,1.221618413925171,0.009359065443277359,1.3537033796310425,-0.007762574590742588,1.1180742979049683,0.02357492223381996,3.710589647293091,0.020093489438295364,2.4161553382873535,-0.020362289622426033,1.0419994592666626,-0.009615984745323658,0.9668305516242981,0.016122279688715935,1.299575924873352,-0.007327230181545019,1.0950877666473389,0.006060043815523386,0.8059038519859314,-0.00044472754234448075,0.6897166967391968,0.006308688782155514,0.6057180762290955,-0.010553224943578243,0.6177938580513,-0.007675774861127138,0.7005634307861328,-0.005987712647765875,0.8111782670021057,-0.004453468602150679,0.691370964050293,0.3983616530895233,0.3316914141178131,0.5517559051513672,0.3819396197795868,0.2675233483314514,0.2687646746635437,0.14566287398338318,0.17648378014564514,0.24849708378314972,0.2859399914741516,0.18644927442073822,0.19815638661384583,0.08876028656959534,0.12814612686634064,0.14927999675273895,0.15858009457588196,0.3788372278213501,0.3110945224761963,0.36314353346824646,0.33643537759780884,0.2383120208978653,0.242821604013443,0.30596888065338135,0.30795779824256897,0.19456607103347778,0.04737282171845436,2642.063835677002,992.9163562896246,3034.119835790717,672.5463811231199,0.0684488743474478,0.032094053844201956,135.99917763157896
someone_like_you,93,99,6,none,"smile, frown",3,-145.65548706054688,32.78101348876953,152.0770721435547,39.364173889160156,-29.537822723388672,25.30031394958496,25.74293327331543,14.245116233825684,-22.121070861816406,15.555071830749512,24.65767478942871,11.852744102478027,-14.688183784484863,13.446139335632324,-5.948195934295654,9.153746604919434,-9.59327220916748,11.28463077545166,0.08808021992444992,10.516369819641113,-1.5283043384552002,9.495732307434082,-1.1276644468307495,10.676176071166992,-9.656699180603027,7.104134559631348,-0.02152296155691147,6.038791656494141,0.016884809359908104,7.3138885498046875,-0.085285983979702,4.1124372482299805,0.03685266152024269,2.498680591583252,-0.025977561250329018,2.9222865104675293,-0.03161582350730896,2.12076997756958,0.019248152151703835,1.7857038974761963,-0.038224928081035614,1.4665504693984985,0.046880047768354416,1.478261113166809,0.06587666273117065,1.6443182229995728,0.031735360622406006,1.2315598726272583,0.025834517553448677,1.4641141891479492,0.04154091700911522,1.0496923923492432,0.003034003311768174,3.0952532291412354,-0.020232604816555977,3.2465603351593018,0.03791182115674019,1.800408959388733,-0.01901998743414879,1.3376975059509277,0.0032206724863499403,1.510162353515625,-0.01973489671945572,1.0887986421585083,0.0028528880793601274,0.8515301942825317,0.00214182841591537,0.7951663136482239,0.0052496688440442085,0.7708414196968079,-0.014925239607691765,0.8956390619277954,-0.005241234786808491,0.729205310344696,0.01379383634775877,0.7517008781433105,0.0077530620619654655,0.6302940845489502,0.17152737081050873,0.22186662256717682,0.20192280411720276,0.2509244382381439,0.16799971461296082,0.19391600787639618,0.23794971406459808,0.23231743276119232,0.43745195865631104,0.3693334758281708,0.32972052693367004,0.2886345386505127,0.32530027627944946,0.3863852322101593,0.2355002462863922,0.27246910333633423,0.30618417263031006,0.2975296974182129,0.38504546880722046,0.40453869104385376,0.2103826105594635,0.22891460359096527,0.19689923524856567,0.26142802834510803,0.18441681563854218,0.05507178604602814,2805.871561448212,1716.8256677055097,2997.677686674525,856.1651882435674,0.07611898573500966,0.07116217296385592,147.65625
someone_like_you,99,108,9,none,"browraise, smile",3,-173.13351440429688,50.41728210449219,164.59165954589844,37.817832946777344,-18.29780387878418,22.066633224487305,25.999897003173828,17.068248748779297,-16.417341232299805,18.53306007385254,22.217222213745117,10.662131309509277,-17.459880828857422,11.887188911437988,-7.236052989959717,11.103185653686523,-6.054844379425049,12.172513961791992,-1.117473840713501,12.674120903015137,-3.6002800464630127,8.640589714050293,-0.9214780330657959,8.32065200805664,-6.972142696380615,9.023348808288574,-0.12936252355575562,6.0894927978515625,0.03852619603276253,6.3986053466796875,0.0441008061170578,2.71575665473938,0.013539138250052929,2.585608720779419,0.02749466709792614,2.3737542629241943,0.00452080275863409,1.5939847230911255,0.010588608682155609,1.6010558605194092,0.021526051685214043,1.497459053993225,0.014196815900504589,1.3414435386657715,-0.011693709529936314,1.497809648513794,-0.02575228177011013,1.0328415632247925,-0.022393086925148964,1.2375597953796387,-0.021583419293165207,1.0218812227249146,0.029507111757993698,2.7919740676879883,-0.02388378605246544,2.789241313934326,0.01487188320606947,1.3120605945587158,-0.016078684478998184,1.1975078582763672,0.001684991642832756,1.191409945487976,-0.007347925566136837,0.9244533777236938,0.0028209362644702196,0.7450540065765381,-0.011217827908694744,0.8406926393508911,0.003148674964904785,0.7866743803024292,-0.008967675268650055,0.7810397148132324,0.0027002759743481874,0.6158363223075867,0.009185903705656528,0.6502448320388794,-0.008564619347453117,0.5492178797721863,0.21691851317882538,0.2674334645271301,0.315746545791626,0.3227938413619995,0.24871200323104858,0.3063635230064392,0.19663920998573303,0.22164127230644226,0.3021933138370514,0.34806737303733826,0.2717703580856323,0.2794005274772644,0.34104466438293457,0.36567363142967224,0.22554612159729004,0.22236350178718567,0.31437888741493225,0.3071243166923523,0.4289562702178955,0.4124465882778168,0.2330622673034668,0.25454530119895935,0.19163832068443298,0.2244979739189148,0.1739191710948944,0.06906791776418686,2335.737560804024,1496.1952245849918,2828.6615652975693,781.4283535290601,0.05567350092622423,0.05766446877340366,139.6748310810811
someone_like_you,108,118,10,none,"frown, thoughtful",3,-233.10105895996094,63.92539596557617,183.58941650390625,25.025936126708984,0.5609694719314575,27.134748458862305,6.579324722290039,22.706409454345703,-11.472521781921387,21.397600173950195,13.698736190795898,11.597732543945312,-9.062054634094238,10.682422637939453,-7.4208292961120605,8.149417877197266,-3.5755739212036133,8.564372062683105,-12.271510124206543,9.624613761901855,-6.128490447998047,7.3382649421691895,-6.7743120193481445,6.778440952301025,-12.006485939025879,9.460994720458984,-0.03089836984872818,5.049333095550537,0.02658349648118019,3.4630510807037354,0.016271453350782394,2.207634925842285,-0.01532762311398983,2.3735768795013428,0.0037303490098565817,1.803973913192749,-0.012908129952847958,1.2180488109588623,0.006653500720858574,1.2742952108383179,-0.015004082582890987,1.073394536972046,-0.022855620831251144,1.0258584022521973,-0.005681666079908609,1.0106492042541504,-0.0007869627443142235,0.9780190587043762,-0.002024279907345772,0.9108448028564453,0.002387162996456027,0.8898113965988159,0.010244893841445446,2.3487372398376465,-0.006390445400029421,1.8009462356567383,0.010008163750171661,1.0105421543121338,-0.00012611402780748904,1.0788277387619019,0.0022685301955789328,0.8826042413711548,-0.0009471196099184453,0.6349745988845825,0.0032963575795292854,0.6929250359535217,-0.0032030357979238033,0.5945106744766235,0.0018527829088270664,0.5415212512016296,0.006973820738494396,0.5692343711853027,0.0020200482103973627,0.5452224612236023,0.004576537758111954,0.5032311677932739,0.002721402095630765,0.459906667470932,0.2649134695529938,0.2764371931552887,0.4505133032798767,0.32766205072402954,0.5045228600502014,0.3847557008266449,0.32806289196014404,0.24013377726078033,0.31018200516700745,0.3293687403202057,0.21207956969738007,0.22422918677330017,0.20233334600925446,0.26455235481262207,0.1892295926809311,0.21061454713344574,0.3556321859359741,0.3402615487575531,0.4035797417163849,0.3562496602535248,0.2657957971096039,0.2695053815841675,0.24410380423069,0.26564300060272217,0.14513827860355377,0.08229169994592667,1464.0339757627578,815.538482131143,2146.474463530652,804.3583052603019,0.030451869743329467,0.021625728158768006,67.99958881578948
someone_like_you,118,120,2,none,browraise,3,-200.4457244873047,74.7106704711914,168.0914764404297,44.57832717895508,-12.61821460723877,32.302547454833984,23.914684295654297,30.41520118713379,-13.625958442687988,22.26093864440918,13.457046508789062,9.881884574890137,-17.78050994873047,10.802623748779297,-7.721935272216797,9.082777976989746,-3.298614740371704,9.773788452148438,-5.047969818115234,9.829046249389648,3.846489906311035,8.404071807861328,-1.3841177225112915,6.629453182220459,-9.37732982635498,6.217509746551514,0.42266663908958435,7.944293022155762,-0.10736218839883804,4.934875965118408,-0.2503204345703125,3.185906171798706,0.0832662433385849,3.385174512863159,-0.034362126141786575,2.1843037605285645,-0.08110859245061874,1.3461146354675293,-0.0693957731127739,1.517333745956421,-0.06532607227563858,1.404788851737976,0.1509193778038025,1.1298797130584717,0.06817034631967545,1.4722683429718018,0.034401219338178635,1.385351538658142,-0.057055871933698654,1.0649062395095825,0.03886674717068672,1.013974666595459,0.13534553349018097,3.71699857711792,-0.06946618854999542,2.2442312240600586,0.06340023875236511,0.9773874878883362,0.017217976972460747,1.400356411933899,0.04175693541765213,1.00536048412323,-0.034673579037189484,0.6573633551597595,0.052616510540246964,0.7280030846595764,0.0023533746134489775,0.7036181092262268,-0.019556110724806786,0.7716299295425415,0.0559382401406765,0.7141926884651184,-0.029702771455049515,0.7615361213684082,-0.015946898609399796,0.8098010420799255,0.0291239395737648,0.5551673769950867,0.41308656334877014,0.2411169707775116,0.7731242179870605,0.36735284328460693,0.29555413126945496,0.13923242688179016,0.2691628932952881,0.27061742544174194,0.3303263783454895,0.3550027906894684,0.23507657647132874,0.18890967965126038,0.27384620904922485,0.3183613419532776,0.20307503640651703,0.17628709971904755,0.22887270152568817,0.1752442568540573,0.12340039759874344,0.15530680119991302,0.1632484495639801,0.1792030781507492,0.1979864239692688,0.14744700491428375,0.12887121737003326,0.07880479097366333,2334.65889023224,1593.6873082664142,2719.8752444833194,836.8289894600919,0.05382383489884393,0.06272128793458207,132.51201923076923
someone_like_you,120,125,5,none,frown,3,-168.30471801757812,39.02359390258789,175.91371154785156,25.612916946411133,-31.542003631591797,23.78291130065918,22.072546005249023,19.82520294189453,-13.166324615478516,13.178373336791992,14.610129356384277,12.80983829498291,-16.163047790527344,14.936287879943848,-1.7558754682540894,8.92374038696289,-2.4180891513824463,10.41362476348877,-9.602880477905273,11.115893363952637,0.543423056602478,8.947699546813965,-1.9050939083099365,10.230167388916016,-13.864949226379395,6.770582675933838,-0.08522363752126694,5.309055328369141,0.12837933003902435,3.8964686393737793,0.0650939866900444,2.2807180881500244,-0.06309889256954193,2.6566317081451416,-0.029915090650320053,2.159311532974243,0.0689217671751976,1.677720308303833,0.0282992385327816,1.581054449081421,-0.0067299711517989635,1.123183012008667,-0.03167291358113289,1.4246808290481567,-0.043450869619846344,1.6489198207855225,-0.02943439409136772,1.102802038192749,0.05638962611556053,1.340075135231018,-0.02565663307905197,1.0148769617080688,0.014161926694214344,2.4605793952941895,0.0033357602078467607,1.7610580921173096,0.03588348999619484,1.1770317554473877,-0.023989079520106316,1.2940529584884644,0.00018338979862164706,1.1379011869430542,-0.013862056657671928,0.8501840829849243,0.012495645321905613,0.7519214749336243,0.013616214506328106,0.6184806823730469,0.0021087343338876963,0.7197220325469971,-0.00025597139028832316,0.7937764525413513,-0.01345884520560503,0.5658435225486755,-0.009491035714745522,0.6780898571014404,-0.006721107289195061,0.6021912693977356,0.2702481150627136,0.30697986483573914,0.4551031291484833,0.37785378098487854,0.3763104975223541,0.3218410611152649,0.16532419621944427,0.19619257748126984,0.07619242370128632,0.0968879759311676,0.09359612315893173,0.130853533744812,0.16505207121372223,0.21241897344589233,0.13763120770454407,0.19673168659210205,0.311588853597641,0.33635208010673523,0.5071247816085815,0.4085231125354767,0.2845225930213928,0.2991020679473877,0.18974512815475464,0.2514416575431824,0.19727447628974915,0.044913388788700104,1967.2624899362509,673.6726188784943,2629.5519399706086,579.5841217711022,0.038385023926914154,0.01983801433323314,99.38401442307692
someone_like_you,125,127,2,look up,browraise,3,-172.59486389160156,39.8824348449707,180.3775177001953,22.326080322265625,-20.754457473754883,24.42636489868164,15.572945594787598,11.832477569580078,-13.95569896697998,12.806601524353027,16.18613624572754,11.157367706298828,-26.5621280670166,10.1483154296875,-6.198360919952393,10.068726539611816,-3.7466583251953125,6.090097904205322,-9.877001762390137,7.898101806640625,-3.5639634132385254,9.89882755279541,-0.854919970035553,6.918947219848633,-14.838078498840332,7.462189674377441,0.10410182923078537,6.791752815246582,-0.17660851776599884,3.101794958114624,-0.06607118248939514,2.215559244155884,0.011448382399976254,1.7035528421401978,-0.01104298047721386,2.4474310874938965,-0.01508628111332655,1.5775361061096191,-0.08790629357099533,1.460325002670288,-0.07073291391134262,1.190545678138733,0.05351554974913597,0.9969686269760132,0.09424059838056564,1.3839105367660522,0.016927063465118408,1.1421163082122803,-0.1232639029622078,1.1314139366149902,-0.012690532952547073,1.309116005897522,0.0008155844989232719,2.9665322303771973,0.09471205621957779,1.6144773960113525,0.05070727318525314,1.152232050895691,-0.07646822184324265,0.9152729511260986,-0.0003680769295897335,1.1532260179519653,-0.03931041061878204,0.9033257961273193,0.06303884088993073,0.8372704982757568,0.01304951123893261,0.6404002904891968,0.01666375622153282,0.6597603559494019,-0.01175615843385458,0.7231377363204956,-0.019096169620752335,0.7104791402816772,-0.04815993458032608,0.6538477540016174,0.005176772829145193,0.7255641222000122,0.24344542622566223,0.2538040280342102,0.42410600185394287,0.39118534326553345,0.40623554587364197,0.38480687141418457,0.21430496871471405,0.2368788868188858,0.3325355052947998,0.3149731159210205,0.22225528955459595,0.2140302211046219,0.09171702712774277,0.18966522812843323,0.1052771657705307,0.21590372920036316,0.24889414012432098,0.24056310951709747,0.4109498858451843,0.3999846875667572,0.30168378353118896,0.3426857888698578,0.2423168420791626,0.28640884160995483,0.21151688694953918,0.041060712188482285,1692.5248496345991,474.5924363626034,2537.4478948915253,404.0834384881404,0.03080970014450867,0.014652827115419802,143.5546875
someone_like_you,127,131,4,look down,"narrow eyes, smile",3,-166.01043701171875,47.77409744262695,165.5,36.39580154418945,-23.625673294067383,19.412553787231445,32.82715606689453,20.99994659423828,-16.807342529296875,19.958711624145508,17.187191009521484,9.181710243225098,-15.087961196899414,14.688557624816895,-7.935599327087402,10.377280235290527,0.5981184244155884,9.461163520812988,-12.706761360168457,9.928899765014648,-5.252547740936279,9.191346168518066,-3.4376001358032227,8.441181182861328,-14.078856468200684,9.211033821105957,-0.04320963844656944,6.519144058227539,-0.018501413986086845,5.329952239990234,0.007297040428966284,1.973533034324646,0.05248407647013664,3.2196950912475586,0.04326856881380081,2.707552909851074,0.017677530646324158,1.415250539779663,0.040301788598299026,1.412346363067627,0.07132074236869812,1.195199728012085,0.07676505297422409,1.2483112812042236,-0.024683421477675438,1.0881857872009277,0.006600919179618359,1.101184368133545,0.03256082534790039,1.2618287801742554,-0.01281948946416378,1.037471055984497,0.03594101220369339,2.9123036861419678,0.0036845316644757986,2.202216625213623,0.059433452785015106,0.9583179354667664,-0.04193306341767311,1.6184171438217163,0.01396595872938633,1.2971659898757935,-0.028300674632191658,0.7315600514411926,0.023066917434334755,0.6336609721183777,-0.019538702443242073,0.6727909445762634,-0.02432222291827202,0.7203277945518494,0.019867021590471268,0.5719874501228333,0.0034645565319806337,0.6295146346092224,-0.0027787992730736732,0.5987180471420288,0.014203442260622978,0.6104549169540405,0.3123481273651123,0.2713559865951538,0.4362218976020813,0.3413039743900299,0.38447314500808716,0.3384411036968231,0.2838002145290375,0.24523279070854187,0.43979164958000183,0.3886720538139343,0.29836103320121765,0.2860773801803589,0.1441250741481781,0.1797960251569748,0.15992183983325958,0.20148921012878418,0.3825189471244812,0.326276034116745,0.4281821548938751,0.36147168278694153,0.32957205176353455,0.3080994188785553,0.330098956823349,0.2896055281162262,0.1856670379638672,0.06626664102077484,2269.099247267702,1247.9714205251476,2782.236209216423,619.6486683848275,0.049259793931159424,0.05783815968629877,139.6748310810811
someone_like_you,131,134,3,none,browraise,3,-175.1044158935547,41.4877815246582,184.58688354492188,32.61731719970703,-17.56116485595703,19.927127838134766,20.163667678833008,25.212980270385742,-14.851131439208984,18.426870346069336,17.997276306152344,11.260738372802734,-11.913084030151367,8.918309211730957,-3.550888776779175,10.079646110534668,4.119831562042236,11.317814826965332,-8.058721542358398,12.880223274230957,4.212667465209961,7.8175835609436035,1.4785832166671753,11.97900104522705,-13.494932174682617,9.279335975646973,-0.011458032764494419,8.107392311096191,0.050723277032375336,5.836798191070557,-0.0412340871989727,3.267256736755371,-0.13602784276008606,3.572273015975952,-0.12507526576519012,3.6916353702545166,0.02109478786587715,1.969946265220642,0.03694155067205429,1.3590449094772339,-0.026289265602827072,1.2411746978759766,-0.024847986176609993,1.694740891456604,0.10119180381298065,1.466268539428711,0.053244441747665405,1.083350658416748,0.12819814682006836,1.1838611364364624,0.0022924174554646015,1.0104646682739258,0.07624169439077377,3.62247896194458,-0.025099068880081177,2.6115996837615967,0.07124066352844238,1.3819304704666138,-0.0522463284432888,1.590964674949646,0.0002896978985518217,1.6421515941619873,0.0031735198572278023,0.9188188314437866,0.012812735512852669,0.7238864302635193,-0.02531309425830841,0.6771934628486633,-0.007395703345537186,0.7500236630439758,0.01133043598383665,0.698141872882843,0.015464333817362785,0.6985391974449158,-0.025896957144141197,0.6453282833099365,0.0074282544665038586,0.5330055952072144,0.3351168930530548,0.30197685956954956,0.5304235219955444,0.3499855697154999,0.39740779995918274,0.31472209095954895,0.19958190619945526,0.15690110623836517,0.2172524333000183,0.24245667457580566,0.23064470291137695,0.24862217903137207,0.3248487710952759,0.34836873412132263,0.39005130529403687,0.37979698181152344,0.45072394609451294,0.3668196499347687,0.36104917526245117,0.30302608013153076,0.2907699644565582,0.3095821142196655,0.24102088809013367,0.2589659094810486,0.19516132771968842,0.05305158719420433,1847.6669844561366,1053.4409609636668,2519.2200849250826,716.0825984271264,0.03662486426158301,0.03269062169095985,114.84375
someone_like_you,134,139,5,sway,neutral,1,-175.0970001220703,33.34064483642578,177.91395568847656,28.312271118164062,-19.970796585083008,18.959627151489258,31.065113067626953,16.602909088134766,-15.28148365020752,15.988645553588867,13.98462200164795,16.15424346923828,-14.546791076660156,13.799276351928711,-5.711681842803955,7.552041053771973,7.936363697052002,12.493123054504395,-9.588757514953613,10.863568305969238,-6.579898357391357,10.01384162902832,3.157261371612549,9.10739517211914,-11.635032653808594,7.931861877441406,-0.07156285643577576,5.273500442504883,-0.024649541825056076,3.741427183151245,0.03652525320649147,2.101130723953247,0.09884972870349884,2.4842886924743652,-0.011009384877979755,2.103938341140747,-0.01672809012234211,1.5822328329086304,-0.03660634905099869,1.5940642356872559,0.010596989654004574,1.1228466033935547,0.008089687675237656,1.2887719869613647,-0.08270525932312012,1.2919784784317017,-0.015442920848727226,1.1087294816970825,-0.07238342612981796,1.158772349357605,-0.0028119662310928106,1.074177622795105,0.039416588842868805,2.7504680156707764,0.0013111821608617902,1.6985714435577393,0.026654846966266632,0.9574313759803772,-0.022718442603945732,1.276577353477478,-0.0018939037108793855,1.125535249710083,-0.02158418856561184,0.779594898223877,0.01671602949500084,0.6970716118812561,0.00039791755261830986,0.5406480431556702,-0.004662822466343641,0.6815112233161926,0.0037017532158643007,0.6836692690849304,-0.005048754159361124,0.5701669454574585,-0.010471224784851074,0.5542575716972351,0.01861509494483471,0.660938560962677,0.2555316388607025,0.29939454793930054,0.3756645917892456,0.35771068930625916,0.38926205039024353,0.3708078861236572,0.19449862837791443,0.2667032778263092,0.15845349431037903,0.21298830211162567,0.14575009047985077,0.2150375097990036,0.1919034719467163,0.28187671303749084,0.2255169302225113,0.27891823649406433,0.3407820761203766,0.31120720505714417,0.5134178996086121,0.39705562591552734,0.3917948305606842,0.33917734026908875,0.2803347706794739,0.28895992040634155,0.19495412707328796,0.05404502525925636,1930.4615002962264,901.8305321517005,2651.7420405970097,552.3649143352927,0.037492296258700694,0.03658740786775883,143.5546875
someone_like_you,139,150,11,look down,frown,3,-156.59730529785156,44.61653137207031,178.96446228027344,36.54725646972656,-5.961945056915283,17.05816650390625,21.114831924438477,18.747068405151367,-11.477425575256348,17.056259155273438,20.634252548217773,11.149703025817871,-19.20391845703125,10.65831470489502,-3.4320874214172363,9.185855865478516,-3.624805450439453,8.956202507019043,-7.9216108322143555,9.913658142089844,-1.4257957935333252,8.598726272583008,-2.361848831176758,9.05669116973877,-10.013647079467773,6.878207683563232,0.004458864219486713,8.197749137878418,0.02262571081519127,6.559727191925049,0.003191799158230424,2.3539342880249023,-0.0033157244324684143,3.2274255752563477,0.01739025115966797,2.9404232501983643,-0.013153529725968838,2.1511237621307373,0.024142900481820107,1.747763752937317,0.010876161977648735,1.3959243297576904,-0.026264222338795662,1.3905980587005615,0.0172750074416399,1.4648131132125854,0.004760450683534145,1.3529876470565796,0.003792945295572281,1.416027545928955,0.010662597604095936,1.1986867189407349,0.04083908721804619,4.027328014373779,-0.03249053657054901,3.232273578643799,0.014885311014950275,1.0942111015319824,-0.0021944609470665455,1.5338175296783447,0.003087985794991255,1.4510126113891602,-0.008387759327888489,1.1169098615646362,0.015421305783092976,0.9504584670066833,0.002054529031738639,0.7639552354812622,-0.00329722766764462,0.7406474351882935,-0.002038202714174986,0.8108457922935486,-0.005595950409770012,0.7721149921417236,-5.676399450749159e-05,0.7342613339424133,0.0037274621427059174,0.6944659948348999,0.37211406230926514,0.3120686411857605,0.3848085105419159,0.356234073638916,0.2586548328399658,0.27436956763267517,0.20062355697155,0.20446349680423737,0.30085286498069763,0.32022252678871155,0.2290029525756836,0.22855810821056366,0.2820901572704315,0.3056855797767639,0.2510485351085663,0.25775057077407837,0.3314514756202698,0.2773440182209015,0.47857406735420227,0.35246050357818604,0.4964292645454407,0.3207147717475891,0.44362542033195496,0.3275061249732971,0.217014342546463,0.06821765005588531,2011.48978370211,1395.9328416727603,2772.0960125806523,899.4339552642323,0.042313587816455694,0.05191719646751498,129.19921875
someone_like_you,150,154,4,none,"browraise, smile",3,-162.43283081054688,33.94317626953125,180.73330688476562,23.695833206176758,-9.169877052307129,14.342569351196289,29.131311416625977,12.121159553527832,-15.925787925720215,14.494514465332031,21.36882781982422,9.490205764770508,-16.431678771972656,12.2078218460083,-4.367123603820801,5.312705039978027,-4.455591678619385,11.117666244506836,-8.777718544006348,7.12995719909668,-5.551113128662109,6.965560436248779,-5.820213317871094,8.198524475097656,-10.848189353942871,5.899897575378418,0.0459747351706028,5.394775390625,0.0074399313889443874,3.3740336894989014,-0.05007089301943779,1.3052866458892822,-0.03195572271943092,1.8452458381652832,-0.10572383552789688,1.6351861953735352,0.03135674446821213,1.3200936317443848,-0.044843342155218124,1.422690749168396,-0.02790107950568199,0.8198651671409607,-0.0037195233162492514,1.0878180265426636,-0.0334903709590435,0.9682947397232056,-0.0061703817918896675,1.0200018882751465,0.0068864296190440655,1.0511376857757568,0.011183803901076317,0.912268340587616,0.19262617826461792,2.5679333209991455,-0.12809738516807556,1.4653313159942627,0.04250986501574516,0.7117219567298889,-0.010090496391057968,0.9386316537857056,-0.011392179876565933,0.691017746925354,-0.01615784876048565,0.7492079138755798,0.007654808461666107,0.7762405276298523,0.014826028607785702,0.45178064703941345,0.003464808687567711,0.5938195586204529,-0.0019046040251851082,0.5287067890167236,-0.01630537025630474,0.5740165114402771,0.002964044688269496,0.5445858836174011,0.007092772517353296,0.5507415533065796,0.4098733067512512,0.2661616802215576,0.47485965490341187,0.4057346284389496,0.255686491727829,0.2777723968029022,0.1514669507741928,0.16826768219470978,0.17901967465877533,0.19870328903198242,0.2054472118616104,0.2529156804084778,0.2865375578403473,0.34015029668807983,0.2583816647529602,0.3066132664680481,0.28435733914375305,0.24951380491256714,0.29673895239830017,0.3137986958026886,0.3611467778682709,0.32941684126853943,0.4073614180088043,0.3838188648223877,0.2217264324426651,0.05591849237680435,1729.1661125345033,759.8749148373547,2678.7262370603867,553.6896506128186,0.03019701086956522,0.026041961418267347,89.10290948275862
someone_like_you,154,169,15,none,big smile,3,-153.98007202148438,59.94968032836914,167.49404907226562,30.095434188842773,-26.02558708190918,23.159278869628906,19.161157608032227,21.849328994750977,-13.3952054977417,18.912282943725586,16.352405548095703,12.420610427856445,-10.621132850646973,9.541918754577637,-7.697493076324463,11.738194465637207,-3.1740238666534424,8.9044828414917,-3.963714599609375,10.328903198242188,-4.774664402008057,8.257712364196777,-1.7337126731872559,9.045644760131836,-7.165110111236572,7.455373287200928,0.023917628452181816,5.270875453948975,-0.038322679698467255,3.7410171031951904,-0.01776924915611744,2.320401430130005,0.03195393458008766,1.9785382747650146,-0.012422672472894192,1.9841458797454834,0.01572277769446373,1.400061011314392,-0.005312610883265734,1.2015196084976196,0.012268947437405586,1.316407561302185,-0.008678711950778961,1.200341820716858,-0.002950410358607769,1.1409056186676025,0.006852711550891399,1.0260199308395386,0.002210203791037202,1.1378295421600342,0.003426644019782543,1.0417283773422241,0.02218075841665268,2.4708757400512695,-0.0063489400781691074,1.829153299331665,0.007701680529862642,1.0219804048538208,-0.009974468499422073,0.9851772785186768,-0.001756081241182983,0.9812532663345337,-0.01069775689393282,0.760940432548523,-0.0001942742383107543,0.628892183303833,-0.005655213259160519,0.6654569506645203,-0.00313519686460495,0.6868587136268616,0.0009941121097654104,0.6425499320030212,-0.007297315634787083,0.5822373628616333,-0.005366263911128044,0.625348687171936,-0.001170454896055162,0.562231183052063,0.18121930956840515,0.21834637224674225,0.27116167545318604,0.34086644649505615,0.1495455801486969,0.1682790070772171,0.17181028425693512,0.21348397433757782,0.27385932207107544,0.315573513507843,0.24259516596794128,0.21322740614414215,0.4464389979839325,0.4132413864135742,0.3257445693016052,0.25701090693473816,0.3945762813091278,0.35811060667037964,0.34838640689849854,0.33606112003326416,0.19288286566734314,0.2063492238521576,0.1984633505344391,0.28139492869377136,0.19983987510204315,0.0839281678199768,2086.625799357566,941.2378738158902,2562.050794922176,846.6456383665586,0.0498783831994969,0.03209540002180025,135.99917763157896
someone_like_you,169,180,11,sway,smile,1,-116.89729309082031,35.18254470825195,153.97142028808594,33.67116165161133,-34.306983947753906,19.23261833190918,25.142688751220703,17.64032554626465,-20.931699752807617,14.769518852233887,24.317134857177734,12.535079002380371,-12.287592887878418,11.023497581481934,-1.6888507604599,10.483687400817871,-7.166374206542969,10.265763282775879,-2.33493709564209,9.766682624816895,-7.349012851715088,10.550179481506348,-1.018088459968567,8.720107078552246,-11.824003219604492,7.796228408813477,-0.09681782126426697,6.9927077293396,0.0925273448228836,5.865421772003174,0.0002108867629431188,2.800938844680786,-0.044830430299043655,2.3502249717712402,0.02726520597934723,2.524663209915161,-0.020310673862695694,1.940749168395996,0.015699081122875214,1.6144696474075317,-0.005535490345209837,1.4804060459136963,0.015681304037570953,1.4754549264907837,0.006209594663232565,1.3874104022979736,0.0017705325735732913,1.094124674797058,-0.003993405494838953,1.219695806503296,-0.01409870758652687,1.1822673082351685,-0.012103570625185966,3.414702892303467,0.00567520409822464,2.770700216293335,0.010318740271031857,1.3178012371063232,-0.01528791431337595,1.1461305618286133,0.018556227907538414,1.3111059665679932,-0.0013779683504253626,0.9891195297241211,0.015958327800035477,0.8728529214859009,-0.005273059476166964,0.8139914274215698,0.0030704494565725327,0.7138951420783997,-0.0023743545170873404,0.7111568450927734,-0.0059306626208126545,0.6197366118431091,-0.0014501662226393819,0.6784710884094238,0.006882974412292242,0.6804244518280029,0.27746346592903137,0.2947397828102112,0.39770734310150146,0.3787548243999481,0.2501893937587738,0.2849731743335724,0.1705590933561325,0.2173433154821396,0.24116303026676178,0.3027127683162689,0.1871694177389145,0.22145086526870728,0.1977800726890564,0.31113505363464355,0.18538998067378998,0.21663355827331543,0.3370441794395447,0.30748626589775085,0.42213305830955505,0.3793320059776306,0.2578854262828827,0.264570415019989,0.2327864170074463,0.29287075996398926,0.2196890413761139,0.05693035200238228,2678.669567138122,1210.636912560085,3040.0729170236273,784.2848625958903,0.066727135251846,0.04412049044431268,135.99917763157896
someone_like_you,180,184,4,none,"browraise, smile",3,-148.1225128173828,34.89517593383789,177.21359252929688,35.52143859863281,-18.895051956176758,13.51651668548584,31.290748596191406,15.818375587463379,-20.103408813476562,20.280149459838867,28.543296813964844,12.107152938842773,-11.65799331665039,9.814558029174805,-6.989046096801758,8.093976974487305,2.0435664653778076,10.355647087097168,-8.660168647766113,9.411396980285645,-0.9099960327148438,6.301125526428223,-8.085188865661621,13.856067657470703,-8.173918724060059,7.146096706390381,0.29743701219558716,5.659657001495361,-0.13697943091392517,6.354043483734131,0.02634631097316742,2.3098912239074707,0.11209345608949661,2.8382461071014404,-0.04893435537815094,3.3608860969543457,0.10103259235620499,2.1245508193969727,-0.03948042541742325,1.4187513589859009,0.021147238090634346,1.4417786598205566,-0.005430365446954966,1.3396270275115967,-0.008895572274923325,1.5162146091461182,0.04613460972905159,1.096641182899475,-0.030020713806152344,1.3261263370513916,0.0025177001953125,1.0735942125320435,-0.07747412472963333,2.5408525466918945,-0.0024259649217128754,2.6684772968292236,0.05860546603798866,1.1360437870025635,-0.03988669812679291,1.299221396446228,0.03987766057252884,1.5152647495269775,-0.0070593087002635,0.9479578733444214,0.016564181074500084,0.6976169347763062,-0.00398887088522315,0.7023144364356995,0.021615799516439438,0.6149324178695679,0.010027906857430935,0.7305213809013367,0.004807224962860346,0.629587709903717,-0.027255503460764885,0.7348276972770691,-0.0050126840360462666,0.5950939655303955,0.3470671772956848,0.3398597836494446,0.2804207503795624,0.2593957781791687,0.21566997468471527,0.24890901148319244,0.14645592868328094,0.18434876203536987,0.24722202122211456,0.2942299544811249,0.2526772618293762,0.31072330474853516,0.18612273037433624,0.21669802069664001,0.20752331614494324,0.2051927149295807,0.39186930656433105,0.2765653133392334,0.6057333946228027,0.39008116722106934,0.45403942465782166,0.3127107322216034,0.39567893743515015,0.3193834125995636,0.20731912553310394,0.05130269378423691,2230.133877858312,1488.095141754637,2782.430181804874,705.0953395565465,0.05331323596014493,0.0641729828256823,135.99917763157896
someone_like_you,184,194,10,sway,frown,2,-117.79546356201172,41.18657302856445,170.7851104736328,30.86580467224121,-22.37799072265625,19.302526473999023,25.580751419067383,16.040285110473633,-15.480380058288574,17.85506820678711,20.91506004333496,14.01614761352539,-24.947599411010742,13.859338760375977,-4.199728488922119,9.604180335998535,-6.910328388214111,9.559569358825684,-11.453768730163574,9.61782455444336,-2.5625033378601074,9.385931015014648,-5.627675533294678,8.996434211730957,-7.597117900848389,7.411373138427734,0.007355106063187122,6.0914998054504395,0.00818684883415699,5.0260210037231445,0.01766302064061165,2.7780072689056396,-0.007943470031023026,2.5137810707092285,-0.008662699721753597,2.790642738342285,-0.023257793858647346,1.8824702501296997,-0.028221528977155685,1.5326370000839233,0.004379762802273035,1.270725131034851,-0.018002217635512352,1.2722845077514648,0.005541548598557711,1.499108076095581,-0.006183555815368891,1.2938657999038696,-0.0034412075765430927,1.4357469081878662,-0.020134031772613525,1.1480952501296997,0.01806754246354103,3.0044703483581543,-0.02017461508512497,2.302751064300537,0.024479134008288383,1.2421518564224243,-0.013818295672535896,1.2308070659637451,0.015884317457675934,1.307541012763977,-0.013990035280585289,0.9392304420471191,0.0053970590233802795,0.7311933636665344,0.00441032974049449,0.7248316407203674,-0.0005324999219737947,0.667220950126648,-0.005138895008713007,0.7174831628799438,-0.00606130575761199,0.7279356718063354,-0.0032764626666903496,0.7287616729736328,0.0069806226529181,0.6757447719573975,0.3673989176750183,0.32019203901290894,0.5283907055854797,0.3881295621395111,0.49056440591812134,0.3751477003097534,0.2829306721687317,0.22093011438846588,0.38231784105300903,0.3130515515804291,0.2584392726421356,0.21878308057785034,0.1655222475528717,0.20847785472869873,0.17286784946918488,0.20738983154296875,0.2224859893321991,0.21527992188930511,0.3612544536590576,0.36559173464775085,0.27711915969848633,0.2859163284301758,0.2850036919116974,0.2441631406545639,0.2604331374168396,0.08369216322898865,2248.9827070319584,1121.281082381901,2911.5791790034405,752.5890606716238,0.04552797817575406,0.03989660142601436,68.90625
someone_like_you,194,204,10,look down,thoughtful face,3,-181.25123596191406,92.54283905029297,159.9410858154297,32.5816535949707,-5.20092248916626,26.194406509399414,21.53278923034668,30.429643630981445,-9.883956909179688,15.942533493041992,22.80642318725586,11.912070274353027,-23.028179168701172,20.169952392578125,3.7959630489349365,9.326794624328613,-1.9402517080307007,12.696860313415527,-9.840194702148438,9.59565258026123,-6.280165672302246,10.38791275024414,-7.132514476776123,10.069765090942383,-10.489727020263672,7.296661853790283,-0.28218844532966614,6.332276344299316,-0.01934274472296238,4.568431377410889,0.03644402325153351,1.6993839740753174,-0.03754592686891556,2.735785722732544,0.0006539351306855679,2.106214761734009,4.311448719818145e-05,1.4769446849822998,0.030559318140149117,1.4030662775039673,-0.010065456852316856,1.151271104812622,0.01094471849501133,1.1061415672302246,0.02118813805282116,1.0724354982376099,-0.010505098849534988,0.8776742219924927,0.0013919451739639044,0.8676295280456543,0.005875775590538979,0.9100373983383179,0.009299902245402336,2.7642436027526855,-0.0023238835856318474,1.9175561666488647,-0.0007581058307550848,0.7966402769088745,-0.008604574017226696,1.1288179159164429,0.0035931996535509825,0.9345361590385437,-0.019045187160372734,0.8049980401992798,0.009052146226167679,0.6879236102104187,9.177428000839427e-05,0.6637169718742371,0.006437678821384907,0.5839518308639526,0.007014401722699404,0.5781395435333252,-0.0001973204198293388,0.5373989939689636,-0.0015275547048076987,0.4815340042114258,0.002961973659694195,0.5095285177230835,0.3188362419605255,0.275003582239151,0.3725678622722626,0.3573969602584839,0.3505469560623169,0.2989822030067444,0.30216482281684875,0.2037958800792694,0.3905434310436249,0.3615743815898895,0.22170060873031616,0.21099063754081726,0.12951892614364624,0.13846567273139954,0.1119847297668457,0.1175255998969078,0.2535865008831024,0.2211802750825882,0.45090019702911377,0.37540480494499207,0.3937227725982666,0.3033837378025055,0.40337562561035156,0.34906885027885437,0.18180657923221588,0.10760141164064407,2240.3997096826224,1162.198624968456,3001.141455945485,874.0705976566322,0.040726168249709975,0.03917594447767886,68.90625
someone_like_you,204,207,3,none,"browraise, surprise",3,-167.42282104492188,55.759071350097656,144.2438507080078,43.13444900512695,-28.35076141357422,31.607629776000977,6.728970050811768,18.172014236450195,-14.297375679016113,18.565710067749023,21.25175666809082,11.65916633605957,-11.526704788208008,10.175006866455078,-6.728843688964844,9.970182418823242,-0.7732602953910828,11.467304229736328,-0.07569625973701477,8.30044174194336,-4.026752948760986,7.35465669631958,3.5131027698516846,10.246051788330078,-11.493882179260254,8.16810131072998,0.9994519948959351,7.338918209075928,0.041507940739393234,5.9860334396362305,-0.3401414752006531,3.601620674133301,0.09147845208644867,2.6029298305511475,0.017660969868302345,2.2637059688568115,-0.07310277223587036,1.848317265510559,-0.12236283719539642,1.6241209506988525,-0.012196382507681847,1.7575544118881226,0.0008138413541018963,1.9412952661514282,-0.02206559292972088,1.4189897775650024,0.024912063032388687,1.2513715028762817,0.04998454079031944,1.697330355644226,-0.0765429213643074,1.4191420078277588,0.20386794209480286,3.443636417388916,0.011552703566849232,2.5293288230895996,-0.03396931290626526,1.563481330871582,-0.01042677741497755,1.1235378980636597,0.009247642010450363,1.0737618207931519,-0.02694614604115486,0.9377190470695496,-0.0038342447951436043,0.8062102794647217,0.0021603696513921022,0.9453507661819458,0.006076599005609751,0.8943750858306885,0.004892654716968536,0.8178027868270874,0.002202126896008849,0.7306581735610962,-0.03461052477359772,0.8805819153785706,0.003284183796495199,0.8739128112792969,0.15222230553627014,0.2026904821395874,0.15343604981899261,0.23296169936656952,0.13440802693367004,0.18146449327468872,0.27079862356185913,0.2725376784801483,0.24679332971572876,0.2485414743423462,0.14909914135932922,0.20681604743003845,0.18867133557796478,0.30180713534355164,0.2830488383769989,0.2704012989997864,0.6343557834625244,0.34933924674987793,0.5735077261924744,0.38084763288497925,0.2135632485151291,0.2210024744272232,0.161065474152565,0.25205153226852417,0.19685396552085876,0.09791445732116699,2658.426300872872,1817.5302452662083,2773.559803963728,1017.0674906440157,0.07735958614864864,0.0755973614790177,206.71875
someone_like_you,207,217,10,look up,thoughtful,3,-175.41470336914062,42.147972106933594,148.39639282226562,29.420480728149414,-24.39719581604004,19.066043853759766,33.822914123535156,20.961307525634766,-21.569263458251953,16.728544235229492,17.397113800048828,10.46041202545166,-17.19277000427246,8.67868423461914,2.1047909259796143,14.144994735717773,-4.909451484680176,8.184440612792969,-12.469864845275879,10.638163566589355,-1.0950897932052612,10.098994255065918,-0.2673967182636261,8.62027359008789,-12.818037986755371,7.504459857940674,-0.05909048393368721,7.168795585632324,0.06428256630897522,4.202427387237549,0.0081859165802598,2.4268970489501953,0.028227001428604126,2.5720245838165283,-0.0013865107903257012,2.408599615097046,0.026317231357097626,1.469319224357605,0.024949342012405396,1.2783623933792114,0.02189338020980358,1.2888263463974,-0.002638525329530239,1.148917317390442,-0.03031236305832863,1.1407839059829712,-0.022935446351766586,1.142715573310852,-0.008339529857039452,1.1064453125,0.02597624808549881,1.0091116428375244,0.03383636847138405,3.1418075561523438,0.0005642772885039449,1.9303797483444214,0.0006798259564675391,1.075054407119751,-0.022592023015022278,1.146937608718872,0.007304863538593054,1.0407179594039917,-0.010099446401000023,0.7945789098739624,7.74132931837812e-05,0.6965603232383728,-0.0024521774612367153,0.7367240786552429,0.0028691692277789116,0.6746107935905457,-0.0008415080374106765,0.6961333155632019,0.0039046176243573427,0.6335265636444092,-0.01624186895787716,0.6215130686759949,0.0019896666053682566,0.5835387110710144,0.08530688285827637,0.12764796614646912,0.1481059342622757,0.2471226155757904,0.09808938950300217,0.1577296406030655,0.1361301690340042,0.22903190553188324,0.19765347242355347,0.27899298071861267,0.28030911087989807,0.2337181270122528,0.5355538129806519,0.44974878430366516,0.3004414439201355,0.22914528846740723,0.3205329477787018,0.38212549686431885,0.29249855875968933,0.36454132199287415,0.13984434306621552,0.22251605987548828,0.07533340156078339,0.14630922675132751,0.19791185855865479,0.06942392885684967,2338.743600509013,770.1021912990047,2995.2016380355076,538.0265603329299,0.04275859646896752,0.030614147273104787,132.51201923076923
someone_like_you,217,223,6,none,close eyes,3,-136.78518676757812,53.25977325439453,137.9274444580078,30.03015899658203,-20.20467758178711,18.417816162109375,13.87122631072998,18.404035568237305,-16.90216827392578,14.941658973693848,28.8184814453125,10.965195655822754,-25.021121978759766,10.626055717468262,2.5794050693511963,9.031803131103516,-8.649042129516602,8.699699401855469,-5.009322166442871,11.106197357177734,-15.643265724182129,9.134021759033203,1.9320063591003418,9.538057327270508,-19.53128433227539,8.375703811645508,0.05727098137140274,9.266083717346191,-0.038697659969329834,5.421741962432861,-0.059124868363142014,2.58416485786438,-0.0010633597848936915,2.803894519805908,0.027490954846143723,2.411699056625366,0.050741057842969894,1.5638474225997925,-0.06364074349403381,1.6154061555862427,-0.05818517506122589,1.3066329956054688,-0.008186412043869495,1.2883000373840332,0.024450834840536118,1.3048447370529175,-0.03140709549188614,1.0987480878829956,-0.00913342833518982,1.3103692531585693,0.0007272347575053573,1.1806071996688843,-0.008282236754894257,4.11639404296875,0.04837741702795029,2.789787769317627,0.010872271843254566,1.3248529434204102,-0.023824522271752357,1.3433672189712524,0.02324185147881508,1.2765535116195679,-0.003379868809133768,0.8615439534187317,0.011790251359343529,0.8009509444236755,-0.010182119905948639,0.7175276875495911,-0.00686035118997097,0.6772082448005676,0.0009924890473484993,0.7376132607460022,0.004954964388161898,0.640505850315094,-0.00513639347627759,0.6760686635971069,0.0039220345206558704,0.6900637149810791,0.3288079500198364,0.27613112330436707,0.5992385745048523,0.4078027307987213,0.2947219908237457,0.27583348751068115,0.19597025215625763,0.2653510272502899,0.200543612241745,0.32258176803588867,0.1284359097480774,0.18015605211257935,0.07003673166036606,0.11755679547786713,0.13719065487384796,0.1894686073064804,0.2916277050971985,0.26776301860809326,0.3198954164981842,0.33440765738487244,0.26727795600891113,0.30785563588142395,0.2213134914636612,0.28134092688560486,0.18239296972751617,0.06423934549093246,3072.145905038323,1092.8040800931742,3635.0364478108477,811.100413837472,0.06697292069632495,0.03560967738497055,132.51201923076923
someone_like_you,223,231,8,none,"browraise, smile",3,-153.30746459960938,41.52336502075195,141.53042602539062,38.766780853271484,-15.386382102966309,23.038965225219727,26.8797550201416,15.375807762145996,-22.478883743286133,14.193808555603027,32.102149963378906,9.760029792785645,-27.35071563720703,12.092667579650879,-7.598321437835693,10.286030769348145,-8.560965538024902,10.46029281616211,-2.8653202056884766,9.910713195800781,0.3434104919433594,10.387984275817871,6.565939426422119,8.256117820739746,-13.077513694763184,8.199919700622559,0.0179115179926157,7.885561943054199,0.012943488545715809,6.7486572265625,0.03889608383178711,3.1892080307006836,0.011767638847231865,2.860616683959961,-0.0018129763193428516,2.4677846431732178,0.009728215634822845,1.5290324687957764,0.015730127692222595,1.6277238130569458,0.002114048460498452,1.2633618116378784,0.014983550645411015,1.265451431274414,0.01750655472278595,1.355729103088379,0.02212906815111637,1.1273548603057861,0.014589649625122547,1.120607852935791,-0.0030419889371842146,1.236983060836792,-0.022095104679465294,3.851961612701416,0.018663493916392326,3.1929306983947754,0.0202788058668375,1.380480170249939,-0.0158949363976717,1.4498659372329712,-0.0014106770977377892,1.2804604768753052,-0.009828389622271061,0.9128786325454712,-0.001070705009624362,0.8244079947471619,-0.012026883661746979,0.7860647439956665,0.003026667283847928,0.7507480978965759,0.006846774835139513,0.755475640296936,0.014521832577884197,0.6305308938026428,0.004874890204519033,0.6294542551040649,0.007143089547753334,0.67158442735672,0.1953216940164566,0.2628459930419922,0.2085156887769699,0.2602720558643341,0.1845792829990387,0.23696079850196838,0.20224909484386444,0.2263893187046051,0.3401491940021515,0.37223076820373535,0.33590227365493774,0.3276364207267761,0.391973614692688,0.3854833245277405,0.25946786999702454,0.27681541442871094,0.25845563411712646,0.27517014741897583,0.3572757840156555,0.38679662346839905,0.22572243213653564,0.2528710663318634,0.20951905846595764,0.28431975841522217,0.1802494376897812,0.0716078132390976,3050.986427834047,1770.3126688088948,3360.631877905512,693.2775718916265,0.07477142776268116,0.08232605417779018,101.33272058823529
someone_like_you,231,238,7,none,big smile,3,-133.84817504882812,53.12945556640625,168.29959106445312,28.921886444091797,-31.870830535888672,22.121898651123047,27.471426010131836,19.271574020385742,-17.084596633911133,15.629908561706543,21.120819091796875,10.36177921295166,-7.745782852172852,11.52285385131836,-4.949853420257568,10.403532028198242,-0.26790475845336914,8.47536563873291,-2.119950771331787,9.013115882873535,-7.1706037521362305,9.180315017700195,3.384066343307495,9.495406150817871,-8.024958610534668,6.815105438232422,0.0615658275783062,4.535891056060791,-0.053697388619184494,4.055013179779053,-0.0028556203469634056,2.182816982269287,0.03269611671566963,1.9277102947235107,-0.027341099455952644,1.6889889240264893,0.00748240202665329,1.2936135530471802,0.030467288568615913,1.4418598413467407,0.044563911855220795,1.3924130201339722,-0.009544546715915203,1.149420976638794,-0.016535190865397453,0.9878418445587158,-0.01800951175391674,1.2093491554260254,-0.0014797956682741642,1.054561972618103,-0.013825775124132633,0.9848836064338684,-0.0011885024141520262,2.2633368968963623,-0.009146778844296932,1.8747652769088745,0.02113233134150505,1.0116064548492432,-0.0038194202352315187,1.0703309774398804,0.004305082838982344,0.8929440379142761,-0.00968507956713438,0.6945452094078064,0.0017686071805655956,0.673397958278656,-0.009522931650280952,0.7285319566726685,0.005506662651896477,0.6619871258735657,-0.0007156368810683489,0.5622460246086121,0.002777164103463292,0.6859579086303711,-0.006440951954573393,0.5621756911277771,0.0031933432910591364,0.5093073844909668,0.16053080558776855,0.1744261085987091,0.2584560513496399,0.2784743010997772,0.24469143152236938,0.3118323087692261,0.276541531085968,0.2821734845638275,0.2882544696331024,0.2907918393611908,0.27388283610343933,0.24219374358654022,0.4357703626155853,0.42632246017456055,0.3138561248779297,0.22986003756523132,0.4084492027759552,0.3652137219905853,0.3832988142967224,0.3572850525379181,0.17729611694812775,0.19321592152118683,0.12661033868789673,0.1634567826986313,0.22420662641525269,0.09077458828687668,2202.3872191441933,878.9346635868536,2754.5180611000665,682.2521612505707,0.051361033374792704,0.03394443012888124,129.19921875
someone_like_you,238,267,29,none,"browraise, smile, frown",3,-127.08629608154297,47.20479202270508,154.46334838867188,33.0669059753418,-25.140777587890625,25.329383850097656,26.195838928222656,17.019479751586914,-21.702783584594727,16.034648895263672,23.51760482788086,13.24112319946289,-13.561511993408203,11.651579856872559,-4.365621089935303,12.594270706176758,-4.0469889640808105,12.233649253845215,-1.907557725906372,11.933393478393555,-3.050601005554199,9.163191795349121,1.4335956573486328,8.77214527130127,-9.32421588897705,8.579689025878906,-0.03990602865815163,6.548245906829834,0.006001546513289213,5.752063751220703,0.0062192706391215324,3.0770397186279297,-0.0030517287086695433,2.517538547515869,0.004611889831721783,2.650142192840576,0.004865111783146858,1.8675806522369385,-0.006398580502718687,1.5445717573165894,-0.012136360630393028,1.432355523109436,0.006437662057578564,1.417234182357788,1.0231574378849473e-06,1.3569386005401611,0.00022303074365481734,1.1212211847305298,-0.003238431643694639,1.1948189735412598,0.0011547465110197663,1.1488919258117676,0.000729450723156333,3.22538685798645,0.001844555838033557,2.7305874824523926,0.006733727175742388,1.3640581369400024,-0.003099582390859723,1.2442172765731812,-0.0015770221361890435,1.304327130317688,-0.005241135135293007,0.9640979170799255,0.0015738473739475012,0.8080340027809143,-0.00239629577845335,0.7634446620941162,-0.00470172893255949,0.7581751346588135,-0.003083649091422558,0.7230962514877319,-0.0008540760609321296,0.642927348613739,-0.0012125567300245166,0.6640752553939819,0.0035691005177795887,0.6540467143058777,0.22173036634922028,0.2635904848575592,0.29313626885414124,0.33476558327674866,0.19913995265960693,0.26198962330818176,0.17878217995166779,0.22848428785800934,0.2888054847717285,0.3400542140007019,0.2549970746040344,0.2662472128868103,0.3089763820171356,0.37550684809684753,0.2189701944589615,0.23854808509349823,0.3127414584159851,0.309909462928772,0.40133488178253174,0.3843879699707031,0.2581622898578644,0.27887699007987976,0.22112096846103668,0.28087759017944336,0.22993727028369904,0.07826392352581024,2636.22563973207,1389.4623614816846,3053.246019557138,794.7800551529648,0.06262392726681346,0.0585493104749181,143.5546875
someone_like_you,267,285,18,none,smile,3,-453.8481750488281,99.48591613769531,151.77670288085938,74.91963195800781,53.475006103515625,28.09972381591797,3.820913076400757,20.308910369873047,-4.8462815284729,11.249481201171875,9.895173072814941,12.341978073120117,3.6719932556152344,9.346785545349121,0.8815134167671204,7.529596328735352,2.575747489929199,5.210860252380371,-0.05383576080203056,6.027503967285156,-2.3555023670196533,5.634788513183594,-2.8885273933410645,5.832566738128662,-1.1871973276138306,5.705938339233398,-0.26501452922821045,1.9480868577957153,-0.09917889535427094,1.1022011041641235,-0.013746272772550583,1.0161826610565186,-0.020966939628124237,0.8075371980667114,0.015772411599755287,0.7092593312263489,-0.02661903388798237,0.5610381960868835,0.009327037259936333,0.6533516049385071,0.007966547273099422,0.5433034300804138,-0.0069528380408883095,0.4681520164012909,0.009206273593008518,0.45829451084136963,0.0037989632692188025,0.4837969243526459,-0.0015520742163062096,0.5088439583778381,0.00786694698035717,0.4944160282611847,0.0001375945721520111,0.8955232501029968,-0.005235647317022085,0.5427730679512024,0.001985822804272175,0.5543537139892578,-0.0014543025754392147,0.4791991710662842,0.004374884068965912,0.38683900237083435,-0.005218103062361479,0.35062792897224426,0.0036743576638400555,0.33107826113700867,-0.00025960110360756516,0.31055301427841187,0.0005240909522399306,0.3066280782222748,6.452880916185677e-05,0.31303220987319946,0.0020522335544228554,0.2980886995792389,-0.00040301185799762607,0.30600041151046753,0.001666813506744802,0.28686952590942383,0.39959627389907837,0.16909494996070862,0.6650145053863525,0.26159393787384033,0.5972378849983215,0.25407958030700684,0.570504903793335,0.2934374511241913,0.5806918740272522,0.35792243480682373,0.4961092472076416,0.30445393919944763,0.4390891492366791,0.2551409900188446,0.3464849591255188,0.186732217669487,0.4034114480018616,0.27665841579437256,0.41594648361206055,0.2750281095504761,0.31668415665626526,0.20535247027873993,0.3221612572669983,0.240518718957901,0.023251477628946304,0.025072481483221054,2724.43406852828,4415.280444407319,2794.3450951271066,2020.6158808467876,0.08308840566569956,0.17938126499349544,143.5546875
take_me_home_country_roads,0,3,3,none,smile,3,-314.0469055175781,65.19967651367188,171.31785583496094,26.33362579345703,-58.07398986816406,21.802072525024414,35.88443374633789,15.085319519042969,32.75245666503906,20.015356063842773,8.917800903320312,9.240031242370605,10.348023414611816,9.011975288391113,9.714625358581543,7.445448875427246,0.0353611521422863,7.825920104980469,-7.312355041503906,6.279215335845947,-3.7349274158477783,5.868956565856934,-7.985523223876953,8.019708633422852,-11.709012985229492,5.872657775878906,1.849475622177124,10.230936050415039,0.8761149048805237,4.945919513702393,-0.36511364579200745,2.789079189300537,0.09941500425338745,2.051309823989868,0.039247430860996246,2.2629737854003906,-0.05738264322280884,1.3420170545578003,-0.005169920157641172,1.0398741960525513,-0.023702360689640045,0.8597280383110046,-0.04144761338829994,0.9156535863876343,-0.05289807543158531,0.8330883383750916,-0.032306257635354996,0.9054728150367737,-0.03305402025580406,0.8523769974708557,-0.04584024101495743,0.9594865441322327,-0.07290935516357422,3.4339468479156494,-0.1336277574300766,1.6166553497314453,-0.03555043041706085,1.2313681840896606,-0.05274214968085289,1.0867140293121338,-0.03299892321228981,1.1956872940063477,-0.03462440147995949,0.7124444246292114,-0.035010866820812225,0.6838420629501343,-0.022602498531341553,0.5230486989021301,-0.01391586847603321,0.5066218972206116,-0.00017643159662839025,0.4634896218776703,-0.0008347614202648401,0.5263386368751526,0.001915613655000925,0.4509768784046173,0.004735230468213558,0.5513359904289246,0.2817968428134918,0.2228432148694992,0.27855169773101807,0.20710104703903198,0.24832342565059662,0.14375275373458862,0.4156420826911926,0.20290683209896088,0.6688911318778992,0.3118782639503479,0.48809942603111267,0.2532428205013275,0.2500546872615814,0.18356718122959137,0.29936742782592773,0.19012509286403656,0.5304152369499207,0.2518429756164551,0.7305545210838318,0.33424508571624756,0.5367839336395264,0.2295203059911728,0.3476825952529907,0.15645356476306915,0.03547359257936478,0.018950534984469414,2096.2468743848654,838.2590114878979,2649.4120982562504,653.3907583290692,0.0527664243484556,0.014247934863032845,83.35433467741936
take_me_home_country_roads,3,30,27,sway,smile,2,-219.7003936767578,51.002784729003906,178.48049926757812,21.016651153564453,-55.50978469848633,18.390024185180664,51.989646911621094,15.365047454833984,6.9964919090271,18.385631561279297,4.025876998901367,12.87901782989502,-7.242031097412109,11.687569618225098,1.4756568670272827,9.162012100219727,-2.5569751262664795,8.545170783996582,-12.71578598022461,7.930044651031494,-2.232743501663208,7.584549903869629,-3.8889732360839844,7.870364189147949,-5.940714359283447,7.427306175231934,0.04788705334067345,4.755580902099609,0.0021031019277870655,2.974417209625244,0.0008375195902772248,1.762483835220337,0.005498667247593403,1.8757973909378052,-0.003042818047106266,2.213653326034546,0.00012591945414897054,1.5457497835159302,-0.0024968297220766544,1.3169138431549072,0.004725281149148941,1.0758769512176514,0.001143797067925334,1.0560046434402466,-0.0017010511364787817,1.0461620092391968,-0.00012023492308799177,0.9858921766281128,0.0009001311846077442,1.0304869413375854,0.008479873649775982,0.9858298897743225,0.01696455478668213,2.2772066593170166,-0.00018585825455375016,1.491378664970398,0.008164191618561745,0.8818228840827942,-0.01193501427769661,1.063109278678894,-0.0037081202026456594,1.1022210121154785,-0.008497554808855057,0.7984787821769714,-0.0029210068751126528,0.7259714603424072,0.0019035772420465946,0.622645914554596,-0.002894028788432479,0.612886369228363,-0.0012750609312206507,0.6466684341430664,-0.0026185608003288507,0.6000006794929504,0.0023669556248933077,0.5991001725196838,0.0013107426930218935,0.597862958908081,0.29276424646377563,0.24764245748519897,0.31828573346138,0.3113924562931061,0.22307677567005157,0.20685096085071564,0.2814898192882538,0.2384977638721466,0.5196318626403809,0.32991868257522583,0.4629616439342499,0.2817305624485016,0.3656272888183594,0.3205171525478363,0.2970035672187805,0.24037812650203705,0.3725659251213074,0.27518269419670105,0.471492737531662,0.365512490272522,0.39496809244155884,0.27827730774879456,0.3879411220550537,0.3084244132041931,0.09346258640289307,0.038365546613931656,1990.5476039411599,553.9029486302176,2359.1281862716846,343.310094163588,0.04785869988714531,0.021019073869021764,82.03125
take_me_home_country_roads,30,54,24,sway,smile,3,-160.44305419921875,35.56541061401367,180.55770874023438,25.147682189941406,-53.51119613647461,15.68825912475586,51.745521545410156,12.670804023742676,-8.360307693481445,16.12259864807129,1.9451215267181396,16.629724502563477,-12.097203254699707,12.363476753234863,3.4188380241394043,10.051069259643555,0.06146829202771187,7.281683444976807,-9.14169979095459,7.420485973358154,-1.1199952363967896,6.765399932861328,-5.264797210693359,6.863380432128906,-3.6263771057128906,7.230952739715576,-0.025801338255405426,5.892905235290527,-0.006586418021470308,4.440651893615723,0.013484585098922253,1.9543088674545288,0.015486820600926876,1.4191668033599854,-0.0053437212482094765,1.9858564138412476,0.0024277043994516134,2.148245096206665,0.0030673430301249027,1.4848917722702026,-0.004753338638693094,1.3445841073989868,-0.005938030779361725,1.1114786863327026,0.0031454896088689566,1.152714729309082,-0.003045775229111314,1.062964677810669,-0.0061263334937393665,0.9798345565795898,-0.004201339092105627,1.062360167503357,0.00987978558987379,2.8157427310943604,-0.012543264776468277,2.1881468296051025,0.013450496830046177,1.0124130249023438,-0.0050070807337760925,0.7895369529724121,0.005112777929753065,1.0345489978790283,-0.00540119269862771,1.0201178789138794,-0.001371996128000319,0.7583668231964111,-0.005448311101645231,0.7336597442626953,-0.0010421454207971692,0.6572310328483582,0.002050412353128195,0.6576616168022156,0.0005743035580962896,0.6380467414855957,0.0003535225405357778,0.5797732472419739,-0.0021559905726462603,0.6153469085693359,0.31801140308380127,0.23158417642116547,0.40793418884277344,0.34096449613571167,0.24384848773479462,0.2175581157207489,0.3065026104450226,0.22988563776016235,0.4802597165107727,0.32840871810913086,0.37182846665382385,0.23618753254413605,0.3385123610496521,0.3003031313419342,0.25399795174598694,0.20660719275474548,0.39964038133621216,0.2829006314277649,0.48257043957710266,0.35567888617515564,0.37242719531059265,0.25150027871131897,0.39432376623153687,0.3178560733795166,0.14020900428295135,0.034570612013339996,2081.2541223729263,634.2060415235883,2431.21969088456,526.0201318160206,0.051305184281310444,0.018003765973467405,83.35433467741936
take_me_home_country_roads,54,67,13,nod,neutral,3,-181.22747802734375,39.336753845214844,178.95921325683594,25.3953914642334,-54.76122283935547,18.595914840698242,51.75286102294922,11.006819725036621,0.4995689392089844,14.291470527648926,6.892362594604492,12.926392555236816,-8.442776679992676,12.713656425476074,1.374122142791748,10.137845039367676,-1.8504399061203003,7.994179725646973,-11.005632400512695,9.042008399963379,-1.7507522106170654,6.936641216278076,-3.762986421585083,8.749302864074707,-6.036613464355469,6.614801406860352,-0.05072750523686409,6.52944803237915,0.0057032727636396885,4.678565502166748,-0.0017110620392486453,2.053492307662964,0.00025401031598448753,1.5272846221923828,-0.007398460526019335,2.519554615020752,0.004545427393168211,1.9004956483840942,-0.002241805661469698,1.8160995244979858,-0.00802365131676197,1.3617984056472778,0.0024103361647576094,1.0628119707107544,0.002117803320288658,1.0964035987854004,0.010313037782907486,0.9992010593414307,-1.4592919796996284e-05,1.0444499254226685,-0.008459742181003094,0.9294219613075256,0.012112378142774105,3.0322372913360596,-0.021946294233202934,2.370870351791382,0.012235775589942932,1.1612372398376465,-0.007031979504972696,0.8995102643966675,-0.0021517088171094656,1.268148422241211,-0.007482593413442373,0.9978636503219604,-0.006669844966381788,0.8663293123245239,0.0023276545107364655,0.6738771796226501,-0.0034045977517962456,0.6376781463623047,0.003930531907826662,0.6531085968017578,0.0008827672572806478,0.6020370721817017,0.0022616838105022907,0.6119812726974487,-0.00011880056990776211,0.5743277072906494,0.2746019661426544,0.23827658593654633,0.3141903877258301,0.277231365442276,0.24514803290367126,0.21010823547840118,0.33231765031814575,0.2554226517677307,0.573788583278656,0.32494500279426575,0.4657040238380432,0.2777787446975708,0.3507959842681885,0.3109900653362274,0.3095839023590088,0.27063384652137756,0.39403805136680603,0.25127437710762024,0.5293236374855042,0.34824052453041077,0.45385509729385376,0.2711499035358429,0.3663753569126129,0.27122122049331665,0.1159735918045044,0.03152923285961151,2104.6115158173293,696.9603049230338,2419.205848935838,512.5583107023019,0.051652744838169645,0.023508143191903176,82.03125
take_me_home_country_roads,67,102,35,sway,neutral,3,-148.54183959960938,35.61540985107422,179.76397705078125,25.471220016479492,-58.35353469848633,15.360636711120605,49.58366394042969,12.48679256439209,-10.59123420715332,15.055593490600586,3.716200351715088,15.982623100280762,-12.1470365524292,12.334288597106934,5.324077129364014,9.006089210510254,0.22619588673114777,7.791731357574463,-7.9861226081848145,7.9425530433654785,-0.006840371061116457,7.270902633666992,-4.3558831214904785,8.074052810668945,-5.463627338409424,7.426486968994141,0.017739413306117058,6.03954553604126,-0.007297789212316275,4.485828876495361,0.00029688593349419534,2.0678610801696777,0.0009555829456076026,1.5570179224014282,-0.003299542935565114,2.0962493419647217,0.009802620857954025,2.041313648223877,0.0008503388962708414,1.5688475370407104,0.006917575839906931,1.2399406433105469,0.0022357383277267218,1.1584222316741943,-0.0011724791256710887,1.1860694885253906,-0.0007898074691183865,1.0447161197662354,-0.0062955752946436405,0.9779143333435059,0.0024082246236503124,1.0240626335144043,0.003888362320140004,2.8914453983306885,-0.0029057699721306562,2.2815754413604736,0.0029522583354264498,1.0504804849624634,-0.0027388951275497675,0.8840539455413818,0.000900456216186285,1.1048468351364136,-0.001469542388804257,1.034722089767456,-0.0008191809174604714,0.7965558767318726,0.0009460484725423157,0.6970170736312866,-0.0006073006661608815,0.6856681704521179,-0.0007302815793082118,0.6698923110961914,-0.0019477844471111894,0.6421671509742737,-0.0003324802964925766,0.6097533106803894,0.001467808848246932,0.6101592183113098,0.336006760597229,0.22140304744243622,0.4276752769947052,0.33715587854385376,0.22542276978492737,0.17314088344573975,0.27140113711357117,0.19892767071723938,0.4618968069553375,0.3164338767528534,0.3604332208633423,0.24926376342773438,0.3305344581604004,0.29056885838508606,0.279363751411438,0.2269279509782791,0.44439253211021423,0.2971537411212921,0.5144597887992859,0.34635549783706665,0.3729158043861389,0.22732125222682953,0.42802074551582336,0.3280071020126343,0.14545682072639465,0.03683773800730705,2182.907214111597,650.529328423859,2454.901447659992,530.02439587894,0.05684614039179105,0.020063462298858924,82.03125
take_me_home_country_roads,102,148,46,sway,neutral,2,-137.9541015625,32.009521484375,175.09112548828125,25.28486442565918,-58.93337631225586,15.084702491760254,52.48116683959961,11.208050727844238,-6.878129482269287,14.486519813537598,9.349686622619629,15.243616104125977,-12.654358863830566,11.577221870422363,4.327981472015381,9.139159202575684,-0.7931896448135376,7.970576286315918,-9.160100936889648,8.201457023620605,0.6829728484153748,7.698726177215576,-2.803668260574341,7.430851459503174,-5.0836615562438965,6.603579044342041,0.005581201519817114,5.714462757110596,0.0021162761840969324,4.409181594848633,-0.009289676323533058,2.1791956424713135,0.0016167198773473501,1.5131943225860596,-0.004522185306996107,1.9164773225784302,-0.0022543619852513075,1.865127682685852,0.0008307997486554086,1.5006380081176758,-0.0003913310938514769,1.3749092817306519,-0.0005323971854522824,1.1462526321411133,-0.0008444279665127397,1.2255140542984009,0.0010338429128751159,1.1587361097335815,0.006894334219396114,0.9875390529632568,0.0016651448095217347,0.9745932221412659,-0.004179416224360466,2.634294271469116,-0.0005406705313362181,2.1205523014068604,0.0017005683621391654,1.0609313249588013,-0.001871930668130517,0.8891314268112183,0.003264072583988309,1.0242451429367065,-0.0018938662251457572,0.9204362034797668,0.002162136370316148,0.7712622284889221,-0.0022323704324662685,0.7156367897987366,0.00044521893141791224,0.6831014752388,4.907259426545352e-05,0.7022236585617065,-5.62951790925581e-05,0.6865968704223633,0.001083618844859302,0.6074774861335754,0.0006600752240046859,0.6053257584571838,0.3549566864967346,0.25340262055397034,0.3715655207633972,0.3062079846858978,0.29472091794013977,0.2492174655199051,0.3119794726371765,0.23816895484924316,0.4434216022491455,0.3068389892578125,0.35281601548194885,0.24121131002902985,0.324895441532135,0.27461788058280945,0.2923380434513092,0.22630135715007782,0.45260360836982727,0.29792240262031555,0.5120858550071716,0.34390994906425476,0.3863762617111206,0.2548213303089142,0.4447138011455536,0.32294079661369324,0.15814657509326935,0.03361500799655914,2240.384122231795,621.5127762294657,2520.6255452705627,531.5467024770529,0.05740711444139541,0.018700136606432452,82.03125
take_me_home_country_roads,148,186,38,sway,close eyes,1,-151.15110778808594,63.60093688964844,182.09536743164062,23.121694564819336,-48.20825958251953,28.726308822631836,47.210533142089844,12.664156913757324,-9.134511947631836,14.335273742675781,-0.3815152049064636,14.183270454406738,-6.7033586502075195,10.389482498168945,5.398191928863525,8.834112167358398,0.37584245204925537,7.2692155838012695,-7.943730354309082,7.768126964569092,-0.3095085024833679,7.61058235168457,-4.477266311645508,6.697803020477295,-4.991424083709717,7.367776870727539,-0.06987489014863968,5.52394962310791,-0.01268872432410717,3.8456778526306152,0.03805987536907196,1.9669753313064575,-0.006271725986152887,1.5446984767913818,0.0020233846735209227,1.7872463464736938,-0.0002018195082200691,1.8244105577468872,-0.0023931520991027355,1.4298402070999146,0.002775846514850855,1.2723637819290161,-6.170016422402114e-05,1.249410629272461,0.004263362847268581,1.2017991542816162,-0.004597440827637911,1.2535828351974487,-0.0030230858828872442,0.9623566269874573,-0.0017794755985960364,0.9899160265922546,0.0008042447152547538,2.4710373878479004,-0.0015117612201720476,1.8446853160858154,0.0016155930934473872,0.9966011643409729,0.0002451723557896912,0.9054334759712219,-0.0008001469541341066,0.9345746040344238,-0.0009246357367374003,0.9193412661552429,-0.0009459020220674574,0.734656810760498,0.0014124863082543015,0.7224492430686951,0.0003166445530951023,0.7608357071876526,0.0026748229283839464,0.7193728685379028,0.002172875450924039,0.7655298709869385,0.0030841517727822065,0.6054771542549133,0.001279726973734796,0.6056799292564392,0.34265297651290894,0.22528071701526642,0.4026949107646942,0.3276398777961731,0.23266057670116425,0.18883204460144043,0.27522003650665283,0.1942707747220993,0.4523216485977173,0.32678499817848206,0.3272424042224884,0.23897361755371094,0.31418168544769287,0.2978329360485077,0.28938984870910645,0.2264963984489441,0.49249717593193054,0.27998074889183044,0.5531668663024902,0.34938880801200867,0.4065949618816376,0.2257818728685379,0.44935205578804016,0.3318622410297394,0.1602504700422287,0.04923854023218155,1987.0369394781994,559.5291299971384,2415.8320433811364,495.28567664589684,0.04743337660354307,0.016581764612654405,82.03125
thinking_out_loud,0,104,104,sway,neutral,2,-185.57183837890625,105.18063354492188,131.02963256835938,36.6398811340332,1.7604018449783325,33.318115234375,40.40742874145508,20.157251358032227,9.123114585876465,22.60597038269043,25.517473220825195,14.07663631439209,-1.2120188474655151,13.503034591674805,5.187033176422119,10.931636810302734,-3.1217668056488037,10.752461433410645,2.3760993480682373,10.505148887634277,-2.375553607940674,10.160604476928711,3.9785666465759277,11.97901439666748,-2.367269277572632,9.110572814941406,0.017512882128357887,10.233375549316406,0.01811353862285614,5.427035808563232,0.004008348099887371,3.695768356323242,0.00640203757211566,2.6750574111938477,0.006159140262752771,2.41029691696167,0.00286093819886446,1.8251900672912598,0.00117688556201756,1.6537506580352783,-0.0012742180842906237,1.465667963027954,0.00066279066959396,1.4191482067108154,0.0005263528437353671,1.2750483751296997,0.0007730231736786664,1.309748649597168,-0.0005732668796554208,1.351061463356018,-0.00017911457689478993,1.1147727966308594,0.0035129941534250975,4.8692731857299805,-0.0007292983937077224,2.6745681762695312,0.00017789371486287564,1.7207919359207153,-0.0017959426622837782,1.2619067430496216,-0.0008408914436586201,1.206392526626587,-0.00032989305327646434,0.9748134613037109,0.00044481843360699713,0.8812475800514221,0.0010770394001156092,0.8080757260322571,-0.00032590326736681163,0.7827321887016296,0.00027482572477310896,0.7366288900375366,-0.0005520504200831056,0.7621920704841614,0.0002597772399894893,0.7398589849472046,-0.0001783978659659624,0.6468982100486755,0.3209265172481537,0.28430357575416565,0.35164427757263184,0.28446120023727417,0.42372405529022217,0.33587586879730225,0.41161295771598816,0.3023921549320221,0.4562920928001404,0.3276224136352539,0.4542867839336395,0.3132016360759735,0.48808982968330383,0.33171504735946655,0.46051886677742004,0.3294554352760315,0.4711555540561676,0.31985968351364136,0.5496195554733276,0.36986619234085083,0.4556649625301361,0.30032357573509216,0.38076862692832947,0.2913796603679657,0.19504782557487488,0.11780085414648056,2356.5653101296625,1629.4464742690554,3138.7660218359265,942.4482704473269,0.044280699252762894,0.05752545322593629,156.60511363636363
thinking_out_loud,104,113,9,none,smile,3,-178.90750122070312,78.58446502685547,154.0853729248047,32.04218673706055,-1.438172698020935,34.274208068847656,41.58721923828125,22.62403106689453,17.64992332458496,18.268367767333984,26.636642456054688,12.142552375793457,4.331742286682129,9.522270202636719,3.945826530456543,9.703898429870605,-4.153563976287842,9.71011734008789,2.04008412361145,8.447418212890625,-0.4828930199146271,9.239187240600586,2.397491693496704,9.806057929992676,-0.9969574213027954,7.038649082183838,0.10852093249559402,11.085807800292969,-0.05075035244226456,5.377169132232666,0.016936587169766426,4.649030685424805,-0.015693707391619682,3.017725944519043,-0.009992733597755432,2.683596611022949,0.007877621799707413,1.904001235961914,-0.01198526844382286,1.5205278396606445,0.0071907853707671165,1.571189045906067,-0.000492486753500998,1.5204222202301025,0.027183841913938522,1.495583176612854,-0.005784620996564627,1.5830954313278198,0.002229097066447139,1.4905917644500732,-0.014242607168853283,1.0766693353652954,0.09666461497545242,5.3827362060546875,-0.04612411558628082,2.9773006439208984,0.006152396555989981,2.108685255050659,-0.02666592411696911,1.3668828010559082,-0.024662980809807777,1.4716259241104126,0.0008435157360509038,0.9447064399719238,0.0020479601807892323,0.8265193700790405,0.015333864837884903,0.9308627247810364,-0.010308841243386269,0.8488308787345886,0.00786596443504095,0.952052116394043,0.0012650716817006469,0.88785320520401,0.006009842734783888,0.7992324829101562,-0.0021033005323261023,0.6055462956428528,0.37134912610054016,0.26369941234588623,0.44405126571655273,0.30831649899482727,0.4396226704120636,0.32073351740837097,0.4396287202835083,0.2888839840888977,0.49423331022262573,0.2985084652900696,0.4981396198272705,0.2794645130634308,0.546079158782959,0.3043951392173767,0.49529147148132324,0.24645303189754486,0.535994291305542,0.24624662101268768,0.6538181900978088,0.3241436183452606,0.5448419451713562,0.29226988554000854,0.4153894782066345,0.2814859449863434,0.20191547274589539,0.09772836416959763,1884.971516889566,1138.3306530759078,2824.719601808114,975.492084800734,0.02979019007731959,0.02265848037968276,79.50721153846153
thinking_out_loud,113,132,19,nod,smile,2,-178.33241271972656,81.73343658447266,146.08950805664062,41.86119079589844,5.800869464874268,30.986265182495117,43.99396896362305,21.934680938720703,8.95876693725586,20.42275047302246,23.915557861328125,12.739494323730469,0.29569509625434875,12.685794830322266,8.293396949768066,10.937830924987793,0.2882426083087921,10.35054874420166,4.442098140716553,9.747658729553223,0.9470497369766235,10.016329765319824,3.1230571269989014,9.650772094726562,-1.1797230243682861,7.069900989532471,0.12257496267557144,11.080981254577637,0.06678988039493561,6.0918097496032715,-0.031664710491895676,3.8307666778564453,-0.014394709840416908,2.927459955215454,-0.01873055100440979,2.5179636478424072,-0.014265998266637325,1.8435407876968384,0.0011436629574745893,1.7186472415924072,0.0066602169536054134,1.5375367403030396,0.0059381821192801,1.5930752754211426,-0.013504519127309322,1.5002955198287964,-0.012109968811273575,1.4729679822921753,0.0037443065084517,1.2944111824035645,0.0023353337310254574,1.0769771337509155,0.03618445619940758,5.047028541564941,-0.021790629252791405,2.9871373176574707,0.009476603008806705,1.7174417972564697,-0.0006621715729124844,1.346749186515808,0.007511740084737539,1.269347906112671,-0.003083684714511037,0.9886033535003662,-0.0024213071446865797,0.8969307541847229,0.007110402919352055,0.8674737811088562,0.00044449963024817407,0.9000681638717651,0.005172604229301214,0.8021653890609741,-0.004640495404601097,0.8006647825241089,0.0029098736122250557,0.7178905606269836,0.0040107611566782,0.6261837482452393,0.3841038942337036,0.26940420269966125,0.41513022780418396,0.2900254428386688,0.43715161085128784,0.3289322853088379,0.43067044019699097,0.2954999506473541,0.47243592143058777,0.2910563051700592,0.4849713444709778,0.27007409930229187,0.5345622301101685,0.29197221994400024,0.5177745223045349,0.2857801914215088,0.5562304854393005,0.3060515820980072,0.6095406413078308,0.34236690402030945,0.49984437227249146,0.2847782075405121,0.43923187255859375,0.2890698313713074,0.2031623274087906,0.10247071087360382,2185.6891056268637,1652.7051189510828,2985.665361505015,995.8096802808909,0.04003816766569945,0.056998545096564456,156.60511363636363
thinking_out_loud,132,207,75,sway,smile,2,-136.4725341796875,77.74471282958984,145.95706176757812,32.85216522216797,-4.627991199493408,28.93330192565918,40.76041030883789,17.65918731689453,-0.249670147895813,18.53049087524414,24.92067527770996,12.473578453063965,-3.791362762451172,12.092111587524414,7.617302417755127,10.111615180969238,-0.012254763394594193,9.986638069152832,6.249436378479004,8.587627410888672,-5.181223392486572,10.020566940307617,4.352988243103027,11.90077018737793,-1.1073881387710571,8.193634033203125,-0.011906206607818604,9.738890647888184,0.0019533128943294287,4.882526397705078,-0.008191000670194626,3.3512840270996094,0.004909501876682043,2.4497900009155273,0.005566335748881102,2.1770286560058594,0.0006652040756307542,1.6628340482711792,-0.0007433969294652343,1.4657745361328125,-0.005306779872626066,1.3882955312728882,-0.0032338742166757584,1.4438005685806274,-0.00010021316120401025,1.2942521572113037,0.0017718670424073935,1.3150041103363037,-0.0037288235034793615,1.3713736534118652,-0.00026861365768127143,1.1281187534332275,0.003912760876119137,4.521698474884033,-0.0018110556993633509,2.4703800678253174,-0.00042592911631800234,1.558111548423767,-0.0009953983826562762,1.1433377265930176,0.00033740760409273207,1.0782533884048462,0.0005148759810253978,0.8946416974067688,0.0017395938048139215,0.7969141006469727,-0.00017547255265526474,0.7518905997276306,0.0015819186810404062,0.7989096641540527,-0.00024213868891820312,0.7483280897140503,0.00046504242345690727,0.7435123324394226,-0.0011327640386298299,0.7250613570213318,0.00011537067621247843,0.6234597563743591,0.2977597117424011,0.26484936475753784,0.3444729745388031,0.26759272813796997,0.4068281650543213,0.31641659140586853,0.3639476001262665,0.2700120806694031,0.4266647696495056,0.3213590085506439,0.42392849922180176,0.28356656432151794,0.5378683805465698,0.3403896391391754,0.4807144105434418,0.31259268522262573,0.45552146434783936,0.3017178177833557,0.5493957996368408,0.35480421781539917,0.43136292695999146,0.28349238634109497,0.3605198860168457,0.2929151952266693,0.23429584503173828,0.10388976335525513,2393.114201057848,1358.3808455895812,3197.7229352132103,885.8580699896598,0.04475694780379257,0.041982931224528106,156.60511363636363
thinking_out_loud,207,216,9,none,smile,3,-191.60719299316406,66.9677505493164,170.204345703125,28.310392379760742,-7.882607460021973,28.42240333557129,36.14435577392578,16.409330368041992,23.239988327026367,15.924596786499023,13.366706848144531,13.448038101196289,0.9605664014816284,8.91166877746582,0.9969350099563599,11.519540786743164,-4.72845983505249,7.5508317947387695,3.3541927337646484,11.450663566589355,6.621359348297119,9.583450317382812,0.04188517853617668,9.074769020080566,-2.8005785942077637,5.19835901260376,0.08847663551568985,10.94403076171875,-0.05716594681143761,4.642868518829346,0.01771053858101368,3.615006685256958,0.007631005719304085,2.8099825382232666,-0.06868370622396469,2.0770721435546875,0.03557336702942848,1.8405095338821411,-0.028367673978209496,1.294753909111023,0.021205786615610123,1.3987194299697876,0.03522154316306114,1.3226772546768188,-0.01753935217857361,1.4016145467758179,-0.011294380761682987,1.306320309638977,0.0498126819729805,1.1352956295013428,-0.013106641359627247,0.8592947125434875,-0.0051863244734704494,5.065642356872559,0.014795652590692043,2.4625813961029053,-0.003528090426698327,1.7127934694290161,-0.022359730675816536,1.1648964881896973,0.006039836909621954,0.9666839241981506,0.0009496805141679943,0.9454600811004639,-0.0065822661854326725,0.6650383472442627,0.004401891026645899,0.7246540188789368,-0.005445187911391258,0.7154229283332825,-0.006696243304759264,0.7606945037841797,-0.0035939733497798443,0.7288157343864441,-0.0053838263265788555,0.6876388192176819,-0.0033024318981915712,0.47243532538414,0.32588037848472595,0.2529546618461609,0.4060620963573456,0.2130640149116516,0.6387841105461121,0.34257373213768005,0.5508769750595093,0.2784983515739441,0.4580698609352112,0.2883356511592865,0.41451919078826904,0.2512179911136627,0.4622271955013275,0.3186276853084564,0.3659438192844391,0.2348637878894806,0.40951475501060486,0.24916061758995056,0.577233076095581,0.3253321945667267,0.4450126588344574,0.26942363381385803,0.34572702646255493,0.3012719452381134,0.18273892998695374,0.08568218350410461,1586.7753718991196,959.7324208089727,2376.4599073892005,923.730015514912,0.02911817413015464,0.020289704162547936,156.60511363636363
thinking_out_loud,216,273,57,sway,smile,2,-128.89073181152344,75.82405090332031,156.4695281982422,26.636337280273438,-12.264325141906738,25.312641143798828,38.02452850341797,14.715837478637695,2.6027913093566895,21.682729721069336,17.957260131835938,12.513656616210938,-4.385547637939453,10.227261543273926,6.621231555938721,9.908717155456543,-3.2562334537506104,8.848894119262695,3.866633892059326,8.518569946289062,-3.376666307449341,9.803667068481445,3.1466217041015625,10.754874229431152,0.4737701117992401,8.34212875366211,-0.023386066779494286,8.295445442199707,0.0008898558444343507,4.119970798492432,0.014573573134839535,2.9351327419281006,2.5614410333218984e-05,2.1155123710632324,0.00400798162445426,2.089613437652588,-0.00480423029512167,1.544921875,0.0026293674018234015,1.3767341375350952,0.0029132745694369078,1.3338226079940796,0.0011875692289322615,1.2451850175857544,0.0002791859151329845,1.3158271312713623,-7.119945803424343e-05,1.273712396621704,-0.002163429046049714,1.3309017419815063,0.0041015311144292355,1.0885111093521118,0.00804517325013876,3.7463200092315674,-0.00035207741893827915,2.0795016288757324,-0.001033955835737288,1.4523658752441406,-0.0019508649129420519,1.0435391664505005,-0.0016479995101690292,1.0478769540786743,0.00042026600567623973,0.8127234578132629,-5.227825022302568e-05,0.7433924674987793,0.000104911407106556,0.7419660687446594,0.00023932753538247198,0.7100352644920349,0.00011040144454455003,0.7342401146888733,0.00044563424307852983,0.7112849950790405,-0.0003623281081672758,0.6848328709602356,-0.0007016763556748629,0.6266124248504639,0.2662581503391266,0.2343835085630417,0.3429732322692871,0.2558495104312897,0.4425643980503082,0.32372111082077026,0.35399481654167175,0.2503858208656311,0.3935559093952179,0.3180532455444336,0.4178321957588196,0.2783079445362091,0.543441891670227,0.3446398973464966,0.44950494170188904,0.3069998025894165,0.4533672630786896,0.2854073643684387,0.5669936537742615,0.3652217984199524,0.3873448669910431,0.2579124867916107,0.32282721996307373,0.2795843780040741,0.23434849083423615,0.10322443395853043,2170.4761649930997,1107.462333696402,2998.7168176955884,823.6144750887153,0.040984398867107946,0.033716827466043826,79.50721153846153
thinking_out_loud,273,281,8,none,neutral,0,-513.6563110351562,102.92355346679688,60.08771514892578,68.7681884765625,24.998783111572266,26.74571990966797,19.32357406616211,17.9348087310791,13.08947467803955,12.864638328552246,13.925968170166016,14.06226634979248,8.270318031311035,8.692510604858398,5.513662338256836,6.530895233154297,5.31002950668335,6.607046127319336,4.53516960144043,6.263527870178223,3.0179364681243896,6.311161994934082,3.837451219558716,6.144861698150635,2.641780138015747,4.988155841827393,-0.5728147029876709,1.859472393989563,-0.23480193316936493,0.7821977734565735,-0.0381026566028595,0.8765057325363159,-0.047732699662446976,0.4644995927810669,-0.01331990584731102,0.49259549379348755,-0.0017582824220880866,0.5900775194168091,-0.0025967301335185766,0.3860766589641571,-0.01779080741107464,0.4563891589641571,-0.012408648617565632,0.36700546741485596,5.0161281251348555e-05,0.35073351860046387,0.009518873877823353,0.43236133456230164,-0.004861497785896063,0.38465696573257446,-0.0022510485723614693,0.3673922121524811,0.0557718425989151,1.0083034038543701,-0.031210882589221,0.4628283381462097,-0.0018424891168251634,0.39202752709388733,-0.015864649787545204,0.33149102330207825,0.004706948529928923,0.2841663956642151,-0.007314072456210852,0.30871304869651794,0.0022741355933248997,0.27284640073776245,-0.008362924680113792,0.28441086411476135,-0.00038195637171156704,0.25003495812416077,0.008522642776370049,0.24673911929130554,0.010822661221027374,0.2776637077331543,-0.0030634708236902952,0.2721162438392639,-0.0020510635804384947,0.2172001451253891,0.3842044174671173,0.23789487779140472,0.6398062705993652,0.15997841954231262,0.9642931222915649,0.10546398162841797,0.7542402744293213,0.15740013122558594,0.3957386314868927,0.36377471685409546,0.3264468312263489,0.35275229811668396,0.2610624134540558,0.28657814860343933,0.1866956651210785,0.21812300384044647,0.181148499250412,0.18334344029426575,0.2264493852853775,0.22158129513263702,0.2296788990497589,0.21439164876937866,0.28086647391319275,0.2482747733592987,0.033197734504938126,0.057171501219272614,7800.976866101996,6818.112104762094,4858.823053417864,2111.495739778724,0.3315422610960145,0.36992751797373613,139.6748310810811
toxic,0,6,6,none,smile,3,-280.7052001953125,221.66334533691406,77.13617706298828,50.293216705322266,-69.04795837402344,48.717525482177734,7.688358306884766,8.165487289428711,-14.045829772949219,14.00732135772705,-8.019205093383789,11.517499923706055,-15.610441207885742,15.117684364318848,-3.5489494800567627,10.542353630065918,-12.32695198059082,10.812776565551758,-6.307583332061768,10.462904930114746,-13.674674034118652,12.260111808776855,-10.839200019836426,12.874199867248535,-11.773473739624023,10.364267349243164,0.9024195671081543,21.645885467529297,0.3002222180366516,5.962676525115967,-0.21792063117027283,7.080377578735352,0.009845135733485222,1.228672742843628,-0.056134700775146484,1.9329966306686401,-0.044851865619421005,2.153512954711914,-0.07286473363637924,2.057624340057373,-0.047720782458782196,1.5330495834350586,-0.03707541897892952,1.3570635318756104,-0.04803989827632904,1.641929030418396,-0.029607295989990234,1.3281141519546509,-0.05201498419046402,1.9389654397964478,-0.020077286288142204,1.2592796087265015,-0.021362846717238426,8.305099487304688,0.007384550292044878,2.753168821334839,-0.0019069949630647898,3.245954751968384,0.004734795540571213,0.9982232451438904,0.009218055754899979,1.0219223499298096,0.005190704017877579,1.1136431694030762,0.005116346757858992,0.9743543267250061,-0.003933172207325697,0.828717827796936,9.822107676882297e-05,0.6843867897987366,0.003725433722138405,0.8329360485076904,0.012421400286257267,0.7165496349334717,0.012473445385694504,0.8861308693885803,0.007926274091005325,0.6722332835197449,0.4551032781600952,0.38494259119033813,0.39324837923049927,0.3021666705608368,0.4204375743865967,0.3378397226333618,0.49907320737838745,0.38127216696739197,0.38876500725746155,0.32559505105018616,0.2459070086479187,0.23801258206367493,0.3146875202655792,0.30220094323158264,0.38818931579589844,0.3314041495323181,0.25550898909568787,0.229988694190979,0.2691590487957001,0.23497076332569122,0.3893105089664459,0.3547342121601105,0.3097372353076935,0.26788395643234253,0.06554483622312546,0.04702626168727875,3672.6893706788624,2770.105165680606,2971.70204655496,1780.3271527373981,0.1275802405705996,0.12305142702628089,143.5546875
toxic,6,13,7,none,frown,3,-166.6603240966797,101.67041015625,95.94458770751953,37.97679138183594,-68.8675308227539,34.178226470947266,16.156352996826172,9.872395515441895,-13.139017105102539,13.054561614990234,-4.396581172943115,11.42444896697998,-12.798168182373047,11.423624038696289,1.2004588842391968,10.248512268066406,-11.912419319152832,8.846186637878418,-4.539120197296143,10.554475784301758,-18.18608856201172,11.031271934509277,-8.834237098693848,13.485920906066895,-13.496485710144043,10.693931579589844,-0.14338897168636322,16.866289138793945,-0.15903343260288239,5.541446208953857,-0.08513224124908447,6.495896816253662,0.0011630967492237687,1.6695631742477417,-0.041238393634557724,2.0919041633605957,2.7378202503314242e-05,2.141223192214966,0.05038055032491684,1.8773059844970703,0.017834031954407692,1.6027103662490845,-0.015780098736286163,1.260491967201233,-0.02433139458298683,1.698644757270813,0.0031509161926805973,1.4306858777999878,0.07622877508401871,2.033372402191162,0.06460582464933395,1.1933865547180176,-0.13196618854999542,8.562142372131348,0.043126754462718964,2.660778045654297,-0.09473544359207153,3.3754520416259766,-0.027095070108771324,1.0483462810516357,-0.0014141820138320327,1.237604022026062,-0.026822952553629875,1.2012985944747925,-0.02254960499703884,1.0337324142456055,-0.02450677938759327,0.9108185172080994,-0.0054159811697900295,0.7292175889015198,-0.013836763799190521,0.8834162950515747,-0.007292683236300945,0.8347558975219727,-0.026730412617325783,1.013357162475586,-0.004488001577556133,0.6963476538658142,0.47792962193489075,0.36991769075393677,0.40553292632102966,0.2767767608165741,0.49743324518203735,0.3360907733440399,0.5588647127151489,0.34860140085220337,0.3959899842739105,0.30267801880836487,0.2741934359073639,0.24819359183311462,0.3996022343635559,0.33108073472976685,0.4959554970264435,0.3534173369407654,0.30229252576828003,0.24834273755550385,0.303536981344223,0.25079867243766785,0.3823823034763336,0.33220458030700684,0.31572458148002625,0.2632735073566437,0.09119123220443726,0.04231623560190201,3979.990266780369,1110.4040395950926,3609.1440715918634,993.8138620074599,0.11791384872512438,0.034977925620236015,143.5546875
toxic,13,17,4,none,big smile,3,-152.18589782714844,117.34138488769531,68.37950897216797,43.542015075683594,-32.95588684082031,32.35917282104492,22.22255516052246,17.49799156188965,-14.272920608520508,20.407264709472656,10.794265747070312,19.485214233398438,-12.996581077575684,20.87141227722168,7.943815231323242,13.48740005493164,-12.454075813293457,13.363238334655762,-4.216789245605469,14.334757804870605,-4.9737677574157715,16.28662109375,-7.797496318817139,15.080967903137207,-5.873682022094727,11.014280319213867,0.3723118007183075,17.32493782043457,0.17988216876983643,6.840087413787842,0.26308420300483704,4.39760684967041,0.11326604336500168,3.1943390369415283,0.024257836863398552,2.4810237884521484,0.05866633355617523,2.298649549484253,-0.01341844629496336,3.333911895751953,0.1523016095161438,1.7521731853485107,-0.03810704126954079,2.0227391719818115,0.12801416218280792,1.8441452980041504,0.1257014125585556,1.8403187990188599,-0.007045889738947153,1.9185012578964233,-0.044933073222637177,1.5011528730392456,-0.005804880056530237,8.487932205200195,0.0290290005505085,3.844273567199707,-0.0030143226031214,2.308394193649292,0.0014949922915548086,1.8148624897003174,0.016606247052550316,1.3513253927230835,0.004707189742475748,1.1647284030914307,-0.011953962966799736,1.6993745565414429,0.0025076561141759157,1.0641331672668457,0.00303472438827157,1.1681010723114014,-0.005116240121424198,1.0774222612380981,0.01991390250623226,0.9131720066070557,-0.003677723463624716,1.1159757375717163,0.006052231416106224,0.8958953022956848,0.48246097564697266,0.3722671568393707,0.43340176343917847,0.27961474657058716,0.5529572367668152,0.3413158655166626,0.48074156045913696,0.3070899546146393,0.36241403222084045,0.28913751244544983,0.3306151032447815,0.3105050325393677,0.39840900897979736,0.31930068135261536,0.42864248156547546,0.3231864273548126,0.3654286861419678,0.31494206190109253,0.3933037221431732,0.31373029947280884,0.3633876144886017,0.29506444931030273,0.36846405267715454,0.3091045022010803,0.14313165843486786,0.11471907794475555,4876.291644984466,1638.7577003468882,4438.260304234108,796.773170973799,0.13353147644927535,0.08356570032340693,97.50884433962264
toxic,17,36,19,sway,neutral,2,-102.97392272949219,91.2870101928711,116.2961196899414,35.002193450927734,-13.889569282531738,27.637876510620117,39.10164260864258,19.224689483642578,-2.50234055519104,18.95925521850586,23.182998657226562,13.732060432434082,-7.871628284454346,18.62677764892578,17.397859573364258,13.52562141418457,-4.7748942375183105,12.243810653686523,7.199820041656494,9.787629127502441,3.3063812255859375,11.882978439331055,2.417280435562134,9.729181289672852,0.0762394517660141,9.406198501586914,-0.03304518386721611,17.36264419555664,0.0018601904157549143,6.0009284019470215,-0.003806797554716468,4.129534721374512,0.003476459765806794,3.205198287963867,0.035213615745306015,2.69413423538208,0.01286522950977087,2.3175108432769775,-0.021088210865855217,3.014785051345825,-0.00200429605320096,1.9186526536941528,-0.002174555789679289,1.831960916519165,-0.0033609603997319937,1.6507682800292969,-0.007218991871923208,1.8977737426757812,-0.0009742677211761475,1.6968908309936523,-0.0019868561066687107,1.518606185913086,0.011980004608631134,8.249297142028809,-0.0012139359023422003,3.647649049758911,-0.00761334877461195,1.903195858001709,0.0054929181933403015,1.7144438028335571,-0.0035503748804330826,1.4280803203582764,-0.005543975625187159,1.1454697847366333,0.0027336266357451677,1.4827733039855957,-0.002839822554960847,0.9765642881393433,-2.2003836420481093e-05,0.971390426158905,-0.0026412783190608025,0.9341511726379395,0.001121928682550788,1.0005590915679932,-0.001242243335582316,0.9590348601341248,-0.0003071935207117349,0.8211458325386047,0.5874007940292358,0.31779325008392334,0.5755838751792908,0.25620919466018677,0.6646080613136292,0.262539267539978,0.608776330947876,0.25862371921539307,0.5410616993904114,0.2760595679283142,0.4915541112422943,0.2772953510284424,0.5177722573280334,0.26893964409828186,0.536194384098053,0.2885056734085083,0.4884711802005768,0.28843119740486145,0.5210833549499512,0.283338338136673,0.5236614346504211,0.2789091169834137,0.5517350435256958,0.3017714023590088,0.24451465904712677,0.11229581385850906,3488.980881314096,1425.112026302072,3951.558377586797,783.3340553854481,0.06839069420051924,0.05318757548257456,143.5546875
toxic,36,40,4,none,surprise,3,-78.04783630371094,74.01336669921875,123.63245391845703,33.98588180541992,-26.62738609313965,24.668712615966797,32.338661193847656,15.448822975158691,-0.23947718739509583,17.071184158325195,22.512725830078125,13.486785888671875,-8.989933013916016,16.83087158203125,16.393030166625977,12.8300142288208,-9.179073333740234,11.927078247070312,9.568865776062012,10.118391036987305,0.9183991551399231,9.268284797668457,5.712678909301758,8.841343879699707,-0.839396595954895,9.097649574279785,-0.2840636670589447,12.515899658203125,-0.21789565682411194,4.975228786468506,-0.33492523431777954,3.820556402206421,-0.07584232091903687,2.506267547607422,-0.0805419459939003,2.3173038959503174,-0.119057796895504,2.269866943359375,0.0528378039598465,2.4611928462982178,-0.018406512215733528,2.1157352924346924,0.018518198281526566,1.673203468322754,-0.15396274626255035,1.4645590782165527,-0.17297481000423431,1.4278984069824219,-0.05800599232316017,1.5921885967254639,0.03456452116370201,1.334682822227478,-0.06331395357847214,6.07996940612793,0.044685401022434235,2.813000440597534,0.0029872036539018154,1.6571038961410522,0.004698833450675011,1.27438485622406,0.00847986713051796,1.0634315013885498,0.008558882400393486,1.1046346426010132,-0.004371918737888336,1.1948438882827759,0.01340464036911726,1.069730281829834,-0.01898675225675106,0.8859342932701111,-2.5790670406422578e-05,0.802665650844574,-0.00571264885365963,0.7813154458999634,-0.008648200891911983,0.8606487512588501,0.016192805022001266,0.7528529763221741,0.5585124492645264,0.3307091295719147,0.5172641277313232,0.2709168493747711,0.5583056807518005,0.2584170997142792,0.5410177111625671,0.27934420108795166,0.49785053730010986,0.25469252467155457,0.47483497858047485,0.252750426530838,0.5724567174911499,0.2690367102622986,0.6662803888320923,0.2774016559123993,0.5578346848487854,0.27929437160491943,0.5924242734909058,0.3070308268070221,0.5874085426330566,0.2842945158481598,0.5488690733909607,0.2587624192237854,0.2454594224691391,0.10584187507629395,3535.10283118561,1243.3427452918431,3927.5243404164735,946.9592307598347,0.0761421535326087,0.04391885181231461,143.5546875
toxic,40,54,14,sway,"smile, frown",2,-99.01386260986328,78.53231811523438,115.3410415649414,39.72267150878906,-15.212501525878906,27.49577522277832,36.020103454589844,17.641977310180664,-5.165224075317383,17.964271545410156,23.99246597290039,14.6135835647583,-8.820619583129883,18.610509872436523,14.701359748840332,11.040505409240723,-5.9179205894470215,12.159157752990723,7.004166126251221,9.388250350952148,1.572621464729309,10.655742645263672,2.8255181312561035,9.918649673461914,-4.6489338874816895,10.414588928222656,-0.1833631694316864,14.069052696228027,0.018918829038739204,5.782865047454834,0.02243787795305252,3.656989097595215,0.02404898777604103,2.896958112716675,0.045823290944099426,2.26477313041687,0.006164130289107561,2.3742334842681885,0.019228054210543633,2.6438393592834473,0.023436257615685463,1.6688586473464966,0.016917170956730843,1.4941036701202393,0.009711718186736107,1.5742132663726807,-0.014981486834585667,1.5993902683258057,-0.012158626690506935,1.5083701610565186,0.01642918400466442,1.4822884798049927,-0.0416797436773777,6.644193649291992,0.014771058224141598,3.3948161602020264,-0.0075296927243471146,1.763306736946106,-0.016076339408755302,1.5079623460769653,-0.00688188849017024,1.1471866369247437,-0.004693630151450634,1.1615864038467407,-0.009487124159932137,1.2815998792648315,0.0012940919259563088,0.8639329075813293,-0.0012116596335545182,0.7621252536773682,-0.00084583496209234,0.8075751066207886,-0.004456592723727226,0.8313568830490112,0.0022023990750312805,0.7968029379844666,-0.0015358272939920425,0.7942922115325928,0.40597689151763916,0.33212941884994507,0.3916535973548889,0.3071098327636719,0.43607452511787415,0.3034067749977112,0.4709134101867676,0.3324282765388489,0.44670411944389343,0.316307008266449,0.4530567228794098,0.33785945177078247,0.439351350069046,0.3007206618785858,0.520346462726593,0.33551210165023804,0.47264596819877625,0.29281023144721985,0.5087520480155945,0.32349520921707153,0.49793416261672974,0.30953720211982727,0.4129542410373688,0.2880275249481201,0.2503194510936737,0.10461853444576263,3532.1414083892428,1490.0477031692933,3956.209135041824,871.3670538531578,0.06955214163557213,0.05595571448841873,143.5546875
toxic,54,59,5,shake,big smile,3,-176.65182495117188,92.13318634033203,148.5872039794922,41.85458755493164,-54.746158599853516,29.058183670043945,-2.8639469146728516,45.44860076904297,16.112197875976562,21.763498306274414,12.151862144470215,15.521843910217285,-6.442616939544678,11.499194145202637,9.513251304626465,9.736711502075195,-0.04813053831458092,8.707640647888184,3.2017593383789062,8.407109260559082,-2.786541700363159,7.333611488342285,-2.44447660446167,5.104104518890381,-4.0390167236328125,5.745997905731201,0.2423241138458252,7.556995391845703,-0.11164666712284088,3.3183140754699707,0.01967160589993,2.4745283126831055,0.013431504368782043,2.203777551651001,-0.04033539816737175,1.8035190105438232,0.03645370900630951,1.3153934478759766,-0.10441692173480988,1.2967498302459717,-0.02644576132297516,0.9812769889831543,-0.021539026871323586,1.070731520652771,0.03664705157279968,1.0249080657958984,0.09822458028793335,0.8933902978897095,0.028332553803920746,0.8019937872886658,-0.0174784567207098,0.9122999310493469,-0.01557101495563984,3.60844087600708,0.02420891262590885,1.8386738300323486,-0.02732897736132145,1.3284331560134888,0.007281204219907522,0.9998986721038818,0.015742739662528038,0.872424840927124,0.003572154324501753,0.61566162109375,0.003394694533199072,0.5368065237998962,-0.0025565524119883776,0.5413133502006531,0.02238023839890957,0.5090811252593994,-0.016604695469141006,0.5655397176742554,-0.01733631081879139,0.5384069681167603,0.0010406080400571227,0.47627484798431396,0.02138630859553814,0.5068132877349854,0.6971468329429626,0.2799866795539856,0.639229953289032,0.2628389298915863,0.685409665107727,0.28687578439712524,0.6217364072799683,0.2419201284646988,0.6253545880317688,0.2874012589454651,0.6309816837310791,0.27462661266326904,0.6161556839942932,0.2620719373226166,0.5149533152580261,0.22770017385482788,0.5467952489852905,0.2394656091928482,0.5836727023124695,0.24403370916843414,0.6472993493080139,0.2347697764635086,0.6452580094337463,0.23561587929725647,0.1316179633140564,0.11360547691583633,2725.191570172001,1270.3972267801278,2676.797699379263,1098.781419430638,0.052292542778422275,0.05303896537290813,139.6748310810811
toxic,59,72,13,nod,smile,3,-52.939083099365234,57.83382797241211,114.77176666259766,32.39496612548828,-25.94966697692871,23.347291946411133,33.74124526977539,14.210129737854004,-13.483438491821289,14.766179084777832,27.18025779724121,10.16350269317627,-11.694077491760254,12.885849952697754,18.900543212890625,9.953126907348633,-4.665397644042969,8.940665245056152,7.497586727142334,9.08623218536377,2.7096927165985107,8.838602066040039,2.75456166267395,8.096023559570312,-3.227187156677246,8.254549026489258,0.021738985553383827,11.709778785705566,0.036166924983263016,5.690784931182861,-0.05330745503306389,3.6050822734832764,-0.012213005684316158,2.47204852104187,-0.010233202949166298,2.1436586380004883,-0.007422024849802256,1.7480168342590332,0.0385100431740284,2.335899591445923,-0.01975797861814499,1.5533477067947388,0.007638467941433191,1.4429982900619507,-0.014818773604929447,1.543508529663086,-0.025546593591570854,1.3720347881317139,0.002902100794017315,1.503977656364441,0.02325156144797802,1.31539785861969,-0.06582470238208771,5.635042667388916,0.034179843962192535,2.9960734844207764,-0.012296210043132305,1.762929081916809,-0.01398436538875103,1.275816798210144,0.006096072494983673,1.0541943311691284,-0.013997615315020084,0.9508295655250549,-0.0007172269397415221,1.1556915044784546,-0.005259574856609106,0.9037083983421326,0.010498236864805222,0.7950149178504944,-0.009543645195662975,0.8183308243751526,-0.006970508489757776,0.7763885855674744,-0.006512428168207407,0.8085485100746155,0.003696511033922434,0.7379955053329468,0.5642951130867004,0.30971041321754456,0.5613180994987488,0.2839930057525635,0.5301705598831177,0.2841627597808838,0.5636572241783142,0.3077980577945709,0.5095610618591309,0.2872038185596466,0.5029819011688232,0.30083927512168884,0.4973091781139374,0.28317803144454956,0.5182823538780212,0.27913933992385864,0.4491100609302521,0.2614894211292267,0.47403499484062195,0.2628912329673767,0.5692540407180786,0.2907288372516632,0.5207116007804871,0.2561173141002655,0.2533057630062103,0.09082791954278946,3869.9052883418894,1407.957119516867,4022.62753760243,638.4047832013684,0.09018118722098215,0.0690417969839363,143.5546875
toxic,72,78,6,none,oh face,3,-80.17483520507812,70.62409973144531,135.0807342529297,34.98569869995117,-35.250282287597656,26.77837562561035,33.66371536254883,16.579341888427734,-2.38539719581604,19.69939422607422,26.090055465698242,9.30976676940918,-2.156290292739868,14.34932804107666,14.150866508483887,11.08202838897705,-1.8304260969161987,8.742513656616211,4.868206977844238,8.368480682373047,4.233794689178467,10.561861038208008,4.1707868576049805,9.726381301879883,0.13989830017089844,7.9423956871032715,0.17150664329528809,14.8378267288208,-0.04674581438302994,6.822295665740967,0.12169794738292694,4.027064323425293,0.02436014823615551,3.286485433578491,0.0004226013261359185,2.8116142749786377,0.011643404141068459,1.6584241390228271,-0.07695932686328888,2.099050760269165,0.022643469274044037,1.7163397073745728,0.004665411543101072,1.3777087926864624,0.05344009026885033,1.392749547958374,0.04381429776549339,1.5110194683074951,0.011535578407347202,1.6949341297149658,-0.015589839778840542,1.2321743965148926,0.030943823978304863,6.993562698364258,-0.026990950107574463,3.4929423332214355,0.029075762256979942,1.9260629415512085,0.000977012561634183,1.5885134935379028,-0.015081382356584072,1.435200810432434,-0.010889389552175999,0.952052116394043,-0.013602197170257568,1.1712483167648315,-0.01716204732656479,0.9806389212608337,-0.005284267012029886,0.9168344140052795,-0.00219391449354589,0.7429915070533752,-0.0054568937048316,0.8585379123687744,-0.00014468918379861861,0.8829141855239868,0.016969867050647736,0.761239767074585,0.5091110467910767,0.2689118981361389,0.5985327959060669,0.26665550470352173,0.6325438022613525,0.2935481369495392,0.6260820031166077,0.28399428725242615,0.603931188583374,0.2997207045555115,0.5974822044372559,0.26713499426841736,0.5806363224983215,0.2672632038593292,0.47663161158561707,0.23539480566978455,0.4127168357372284,0.23750659823417664,0.46792253851890564,0.2637273669242859,0.460742712020874,0.2592884600162506,0.44592639803886414,0.2573527693748474,0.24756425619125366,0.10401944816112518,3117.6202775493734,1274.5879964955327,3450.832218109678,798.6247964190019,0.07309957537475822,0.048293170565632045,143.5546875
toxic,78,98,20,nod,smile,3,-108.27225494384766,100.1256332397461,119.74590301513672,52.70384216308594,-28.191539764404297,30.35298728942871,32.210723876953125,16.248388290405273,-0.8795759081840515,18.10303497314453,21.58399772644043,14.366656303405762,-1.9873443841934204,15.973465919494629,14.081892013549805,12.68241024017334,-4.01912784576416,13.003509521484375,5.730623245239258,10.117915153503418,-0.9499788284301758,13.330893516540527,0.9106040000915527,12.11975383758545,-1.0526225566864014,10.724076271057129,-0.129311203956604,16.086387634277344,-0.08132606744766235,6.6787309646606445,-0.034646015614271164,3.949160575866699,-0.0023287951480597258,2.7375802993774414,-0.0019398255972191691,2.815136432647705,0.0036801444366574287,2.125769853591919,0.012706422246992588,2.3282127380371094,0.009563487954437733,1.9056726694107056,-0.007398718036711216,1.8572531938552856,-0.0266380924731493,1.5787034034729004,-0.01938489079475403,1.4560670852661133,0.0030850169714540243,1.4738843441009521,0.016661332920193672,1.3023841381072998,0.007832852192223072,7.503649711608887,-0.0031536309979856014,3.5940260887145996,0.010022874921560287,1.8776606321334839,-0.004345841705799103,1.4422664642333984,0.003050509374588728,1.4589635133743286,0.0008679011953063309,1.1319941282272339,0.0010056288447231054,1.1565052270889282,-0.004120386205613613,0.9753099083900452,0.00020454626064747572,0.9879807233810425,0.001457467908039689,0.9353669881820679,0.007047254126518965,0.8514134883880615,0.007310157176107168,0.8471062779426575,-0.004625911358743906,0.7764652371406555,0.5683217644691467,0.32668524980545044,0.5495516061782837,0.2811780273914337,0.5636244416236877,0.26670873165130615,0.6152907609939575,0.28587806224823,0.5534805059432983,0.2821492850780487,0.49533015489578247,0.2955511510372162,0.470051109790802,0.2640368342399597,0.5604442358016968,0.29329654574394226,0.48091253638267517,0.2673240602016449,0.48180145025253296,0.29365700483322144,0.5330804586410522,0.283761203289032,0.5072064399719238,0.2782182991504669,0.2301931381225586,0.11115802079439163,3305.166922996494,1475.3568826310388,3644.553058664421,902.4653760550339,0.07195474599172955,0.05657286467797253,143.5546875
toxic,98,112,14,shake,neutral,3,-99.2656478881836,78.33141326904297,111.46648406982422,45.64774703979492,-16.243942260742188,28.428661346435547,34.39982223510742,20.341012954711914,-4.8060431480407715,17.886625289916992,24.468557357788086,13.025404930114746,-9.291259765625,18.622217178344727,14.541122436523438,11.316563606262207,-5.170529365539551,12.930068969726562,4.693248271942139,10.27629280090332,1.5175319910049438,12.26434326171875,3.0552234649658203,10.380195617675781,-4.07584810256958,11.077746391296387,-0.024585185572504997,13.764434814453125,0.15345798432826996,6.087384223937988,0.018629487603902817,3.7211384773254395,-0.06561768800020218,3.081292152404785,0.021734748035669327,2.347378969192505,-0.012064793147146702,2.135952949523926,-0.018924646079540253,2.697643280029297,-0.014723927713930607,1.643619418144226,0.012178794480860233,1.5418190956115723,0.0154314786195755,1.5696049928665161,0.024769600480794907,1.6717077493667603,-0.015957597643136978,1.5064045190811157,-0.017350224778056145,1.5213350057601929,0.022197920829057693,6.563952445983887,0.01628914661705494,3.3384740352630615,-0.01174596045166254,1.7690529823303223,-0.003640316892415285,1.5231605768203735,0.007084452547132969,1.16150963306427,0.0017718268791213632,1.0731151103973389,0.00345865567214787,1.29643976688385,0.004592821002006531,0.8714766502380371,0.007603484205901623,0.8004489541053772,0.00865894090384245,0.8222234845161438,0.006132117006927729,0.8754411935806274,0.003253958187997341,0.7830211520195007,-0.0006762873381376266,0.8109662532806396,0.4119771718978882,0.3465368449687958,0.39642333984375,0.3121306002140045,0.42281612753868103,0.30698952078819275,0.4548519551753998,0.33603695034980774,0.44129347801208496,0.3219510316848755,0.44086867570877075,0.33196550607681274,0.45076948404312134,0.30947279930114746,0.5165262818336487,0.3311348259449005,0.45428910851478577,0.2926117777824402,0.4851100444793701,0.3220389783382416,0.4764891266822815,0.31049707531929016,0.3990369737148285,0.29029345512390137,0.25167256593704224,0.10253339260816574,3584.315846414364,1524.3994841481792,3952.4539706598252,839.5745926128671,0.07190042625414594,0.06455362072937887,143.5546875
toxic,112,116,4,none,oh face,3,-175.65835571289062,97.61992645263672,144.63986206054688,44.83770751953125,-56.070865631103516,29.399673461914062,-12.132245063781738,42.281463623046875,15.174863815307617,22.420486450195312,13.572701454162598,17.85043716430664,-11.641871452331543,6.612033843994141,8.439682960510254,9.311695098876953,-1.7512799501419067,9.168866157531738,1.3519316911697388,8.029902458190918,-3.0566208362579346,6.219099998474121,-2.255511999130249,4.505242347717285,-3.637894868850708,4.840699672698975,0.559327244758606,5.3301682472229,-0.24380233883857727,3.1536636352539062,0.22999320924282074,2.347012758255005,0.23644649982452393,1.9681957960128784,-0.10811632871627808,1.3436360359191895,0.0738019272685051,1.4900586605072021,0.010880139656364918,1.1644235849380493,0.07718376070261002,0.7683065533638,-0.058163467794656754,1.0808484554290771,0.028185440227389336,0.8700032234191895,0.002567439107224345,0.9861308932304382,0.003216954879462719,0.6829028725624084,0.003729181597009301,0.8704270124435425,0.04553615301847458,2.8285744190216064,-0.013172145932912827,1.7194900512695312,0.02347536012530327,1.2284384965896606,-0.021253619343042374,0.9629427790641785,0.0012353593483567238,0.7637290358543396,-0.009180467575788498,0.6444171667098999,-0.000906584202311933,0.6011626720428467,0.009641008451581001,0.4863753020763397,0.011741798371076584,0.5568123459815979,-0.00496287364512682,0.5024552941322327,-0.014538198709487915,0.5750934481620789,0.01082212571054697,0.41033151745796204,0.007474013138562441,0.4351051449775696,0.7178298234939575,0.26334062218666077,0.6561417579650879,0.2478737086057663,0.7113701701164246,0.28642895817756653,0.6120267510414124,0.2448032796382904,0.6065067648887634,0.29724058508872986,0.6196897625923157,0.2890489995479584,0.6022731065750122,0.2739926874637604,0.48141542077064514,0.2146109938621521,0.5168697834014893,0.22911730408668518,0.5569499135017395,0.24112550914287567,0.6535947322845459,0.24544890224933624,0.6815021634101868,0.2299589216709137,0.11898978054523468,0.11631818115711212,2955.2748603023797,1526.1206361545885,2730.7002450390914,1238.8729199451986,0.06057801177536232,0.06703921964986992,139.6748310810811
toxic,116,128,12,shake,big smile,3,-47.094573974609375,53.22266387939453,110.64697265625,28.062570571899414,-21.22081756591797,20.032001495361328,30.108869552612305,14.122066497802734,-12.990674018859863,15.03007984161377,25.571352005004883,9.920830726623535,-10.954720497131348,13.255608558654785,19.039459228515625,9.554288864135742,-5.786457061767578,8.999911308288574,7.6552324295043945,8.45272159576416,2.8745779991149902,8.586812019348145,3.874450922012329,7.85027551651001,-4.714920997619629,7.952479362487793,0.06715601682662964,10.99973201751709,-0.006036640144884586,4.972869873046875,-0.018408019095659256,3.224395513534546,-0.006071336101740599,2.5355160236358643,-0.022870495915412903,2.261688709259033,-0.0015502437017858028,1.6848526000976562,0.0055701048113405704,2.3410842418670654,-0.0009679130162112415,1.4982199668884277,0.0061727650463581085,1.4583051204681396,-0.006716807372868061,1.4281030893325806,-0.01777227222919464,1.3539668321609497,0.005715965759009123,1.348897099494934,-0.005463014356791973,1.338942050933838,-0.0034865308552980423,5.275776386260986,0.001663759583607316,2.67637300491333,0.005703924689441919,1.5792557001113892,-0.01037632767111063,1.302388310432434,-0.007385432254523039,1.0911484956741333,0.004278815817087889,0.903398334980011,-0.0017996876267716289,1.122806429862976,0.007995609194040298,0.8896048069000244,0.0031011048704385757,0.7745616436004639,-0.0005840911762788892,0.77699875831604,0.003660426242277026,0.7884877920150757,-0.01170545257627964,0.7510831356048584,0.003531636670231819,0.7460352182388306,0.5556969046592712,0.31390470266342163,0.5442972779273987,0.28553691506385803,0.520581841468811,0.290339857339859,0.5494115352630615,0.3183804452419281,0.4754730761051178,0.288386732339859,0.4553298056125641,0.28853049874305725,0.46466001868247986,0.2836574912071228,0.5035014152526855,0.2798103094100952,0.4279884099960327,0.25912824273109436,0.46186771988868713,0.2625710964202881,0.5683574676513672,0.289274126291275,0.5131558179855347,0.2499336302280426,0.2559260129928589,0.0896364077925682,3995.899516210211,1303.075022927965,4224.83868163892,474.4722298607128,0.09104273074830754,0.06790987728046496,143.5546875
toxic,128,141,13,nod,frown,3,-74.48148345947266,71.63882446289062,139.5616912841797,33.21234893798828,-38.699127197265625,23.930809020996094,33.01660919189453,14.80540657043457,0.9005879163742065,18.462919235229492,23.398439407348633,10.578614234924316,-0.40345677733421326,14.052340507507324,11.998213768005371,10.743950843811035,-1.8380776643753052,8.28271198272705,4.848574161529541,9.003334045410156,2.1390597820281982,9.187191009521484,4.203352451324463,8.921142578125,0.5969693660736084,7.559757232666016,-0.01235286146402359,14.225691795349121,0.055644575506448746,6.590190410614014,-0.038440052419900894,3.811415195465088,0.0012588092358782887,2.900242805480957,0.025036418810486794,2.8245198726654053,-0.023619048297405243,1.7415159940719604,-0.0019348366186022758,1.8919951915740967,-0.013479772955179214,1.6033931970596313,-0.014499473385512829,1.2880580425262451,0.005301348399370909,1.4731512069702148,0.010480297729372978,1.2934874296188354,0.006197355687618256,1.5566372871398926,-0.001103767310269177,1.109001874923706,-0.025333445519208908,6.703530311584473,0.023228280246257782,3.356433629989624,-0.013193468563258648,1.8907585144042969,-0.005706509109586477,1.415616750717163,0.0010080895153805614,1.4290785789489746,-0.0024086686316877604,0.9823248386383057,-0.0034852756652981043,1.0552458763122559,0.004868841730058193,0.8847758173942566,0.0006577770691365004,0.8082666397094727,0.0056014759466052055,0.788396954536438,0.008921239525079727,0.7863578796386719,-0.0017726325895637274,0.8487572073936462,-0.0010979630751535296,0.6777259707450867,0.5437639355659485,0.2905214726924896,0.5691418051719666,0.26281502842903137,0.5832989811897278,0.28178414702415466,0.6126441359519958,0.2788786292076111,0.5926098823547363,0.2836577892303467,0.5776010751724243,0.26740553975105286,0.5527438521385193,0.25095081329345703,0.5738493800163269,0.2585647404193878,0.46307700872421265,0.23848040401935577,0.47925421595573425,0.2656826674938202,0.49980783462524414,0.25655487179756165,0.46750378608703613,0.2430317997932434,0.2511102855205536,0.09815570712089539,2966.56846629246,1186.327616900946,3337.8025083453417,795.5242917500361,0.06985037667410714,0.045033449695296573,95.703125
toxic,141,160,19,none,surprise,3,-116.1875228881836,67.20527648925781,65.93983459472656,33.2653923034668,-47.375572204589844,26.768972396850586,1.0900945663452148,16.87713050842285,-30.90003204345703,14.573538780212402,0.7619800567626953,12.10313892364502,-20.54124641418457,14.105975151062012,-2.060382604598999,9.347016334533691,-19.546415328979492,9.149147987365723,-5.559297561645508,10.147228240966797,-11.645879745483398,7.593611240386963,3.193478584289551,9.136008262634277,-11.624092102050781,7.3721232414245605,-0.15264789760112762,12.366621971130371,-0.15369735658168793,4.187931537628174,0.041546780616045,4.243911266326904,-0.008153663016855717,2.8146910667419434,-0.020589400082826614,2.080467462539673,0.008027711883187294,1.9313021898269653,-0.032041288912296295,1.8981248140335083,0.010030826553702354,1.5029845237731934,-0.02348014898598194,1.3524789810180664,-0.011086031794548035,1.409626841545105,-0.009048175066709518,1.1386057138442993,-0.006991964764893055,1.166937232017517,0.007145856507122517,1.0367908477783203,0.009029768407344818,5.734602928161621,0.008306847885251045,2.1819632053375244,0.0005898365052416921,2.1080713272094727,-0.000520580040756613,1.4749399423599243,-0.008430841378867626,1.0827195644378662,-0.0016761551378294826,1.0536742210388184,-0.0003433403908275068,1.0251559019088745,-0.005111746955662966,0.9292840957641602,-0.0014107123715803027,0.7747273445129395,0.002676652744412422,0.7697514295578003,0.001825127867050469,0.7178103923797607,0.006525043398141861,0.674290120601654,-0.00738507928326726,0.654079020023346,0.4601459801197052,0.3548485338687897,0.37979856133461,0.3024413287639618,0.36158591508865356,0.3001781105995178,0.37813013792037964,0.3352416157722473,0.3012424409389496,0.28052273392677307,0.31681108474731445,0.29944267868995667,0.439961314201355,0.31478890776634216,0.6357048153877258,0.324404239654541,0.4128780663013458,0.2667369842529297,0.29946374893188477,0.2662711441516876,0.3541918098926544,0.2928447425365448,0.34328901767730713,0.2684132754802704,0.10996128618717194,0.05690503492951393,5187.891755021683,1199.7253397408497,4679.529412275604,614.4428227747574,0.11773662998243739,0.06902684008083475,71.77734375
toxic,161,173,12,shake,smile,3,-37.22797393798828,53.71049499511719,105.30613708496094,32.150821685791016,-25.10814094543457,21.84269905090332,31.875747680664062,16.64363670349121,-13.994913101196289,15.613173484802246,23.327369689941406,11.49822998046875,-11.575455665588379,15.20048999786377,16.340028762817383,9.790273666381836,-6.022601127624512,9.274417877197266,7.82144832611084,8.168343544006348,1.4305914640426636,8.274374008178711,3.997392416000366,7.656157970428467,-5.5065836906433105,7.884659290313721,0.045099034905433655,10.080282211303711,0.039098672568798065,4.9795637130737305,0.03592877462506294,3.282442331314087,0.07148487120866776,2.238804817199707,0.061982907354831696,2.19218373298645,0.04452282190322876,1.754563808441162,0.045658644288778305,2.1608080863952637,-0.0020977603271603584,1.39281165599823,0.0014163549058139324,1.3701590299606323,-0.011970625258982182,1.3236387968063354,0.02104288712143898,1.343326449394226,0.00743039371445775,1.2786797285079956,0.006415035109966993,1.3481647968292236,0.018204698339104652,4.847748756408691,0.03937319666147232,2.626666784286499,0.019382156431674957,1.6210472583770752,0.005297277122735977,1.2106152772903442,0.0026524777058511972,1.0246446132659912,0.00040333092329092324,0.9148541688919067,0.006085926201194525,1.0254024267196655,0.004746344406157732,0.8300944566726685,0.00554098654538393,0.7159016728401184,-0.0032795185688883066,0.7522775530815125,-0.002527066972106695,0.771369457244873,-0.0012324649142101407,0.7290231585502625,0.006882071495056152,0.7387956976890564,0.5543678998947144,0.3124803900718689,0.5445476174354553,0.29136332869529724,0.511841356754303,0.29283958673477173,0.5481162667274475,0.32507121562957764,0.4811178147792816,0.2944430410861969,0.4684593379497528,0.2952859401702881,0.4549376368522644,0.28671902418136597,0.48198428750038147,0.28094160556793213,0.4301927089691162,0.26531681418418884,0.4666418731212616,0.2632454037666321,0.6000378727912903,0.29630962014198303,0.5200381278991699,0.24858246743679047,0.26859426498413086,0.0900905430316925,4137.136377697529,1272.2765992256843,4223.861841795352,483.0265154220456,0.09749852665618955,0.06925977109279713,143.5546875
toxic,173,185,12,shake,close eyes,3,-37.64815902709961,52.77485656738281,110.55757141113281,25.394168853759766,-22.420351028442383,19.875158309936523,30.572376251220703,13.248597145080566,-13.241377830505371,13.693896293640137,25.33727264404297,9.519089698791504,-9.932781219482422,11.66500186920166,16.50758171081543,9.126851081848145,-4.635222911834717,8.246975898742676,8.287914276123047,8.102568626403809,1.339849829673767,7.798381805419922,4.53187894821167,7.374009609222412,-3.876234531402588,7.360470294952393,0.05930835381150246,10.35145092010498,0.014249969273805618,4.703737258911133,-0.030605388805270195,3.200585126876831,-0.01840507797896862,2.477099895477295,-0.014131594449281693,2.0934600830078125,-0.0035625703167170286,1.647292137145996,-0.012078107334673405,2.1154096126556396,-0.004137423820793629,1.4815229177474976,0.02115878276526928,1.3156685829162598,0.007101389113813639,1.3086475133895874,-0.002448323182761669,1.251159906387329,0.008789030835032463,1.2623564004898071,0.0018469104543328285,1.2497363090515137,-0.008447890169918537,4.8998260498046875,0.012825672514736652,2.6484837532043457,0.00277721812017262,1.5616517066955566,0.01143863145262003,1.2978792190551758,0.0032358074095100164,1.0204730033874512,-0.008998029865324497,0.8824895024299622,-0.0010448489338159561,1.0425355434417725,-0.014128762297332287,0.8987817764282227,0.003735279431566596,0.7178874611854553,-0.0050119967199862,0.7516689300537109,-0.0019534120801836252,0.7433579564094543,-0.008773496374487877,0.6972178220748901,-0.0009834113297984004,0.7176728844642639,0.5705353617668152,0.3133889436721802,0.5288600325584412,0.27569952607154846,0.5338316559791565,0.30066603422164917,0.5490478277206421,0.3054455816745758,0.47690480947494507,0.2652994990348816,0.4677991569042206,0.2822836637496948,0.47495731711387634,0.2780373990535736,0.49011844396591187,0.2828817367553711,0.4283199608325958,0.25705209374427795,0.5004579424858093,0.26356881856918335,0.5900455117225647,0.2924109399318695,0.5108551383018494,0.24640826880931854,0.25919002294540405,0.0865059420466423,4016.3605509491067,1195.8910884404063,4239.116697401999,436.0374446779472,0.09189415346953578,0.06594348665788327,143.5546875
toxic,185,190,5,none,oh face,3,-55.82766342163086,62.023155212402344,109.47168731689453,27.1766300201416,-26.961902618408203,21.504226684570312,31.102306365966797,14.398478507995605,-6.57455587387085,13.15951156616211,28.528709411621094,10.138614654541016,-8.584155082702637,12.372408866882324,18.262836456298828,9.933820724487305,-4.279783725738525,8.055977821350098,9.64790153503418,8.4070405960083,4.7976155281066895,7.872066974639893,4.062803745269775,9.0762357711792,-1.0309804677963257,7.1953325271606445,-0.18861767649650574,12.286309242248535,-0.019208408892154694,4.553518295288086,0.044853415340185165,2.94622540473938,-0.027913378551602364,2.11570405960083,-0.028663329780101776,1.8125087022781372,-0.025685373693704605,1.7680619955062866,-0.06416007876396179,2.32527494430542,-0.016449930146336555,1.5443443059921265,-0.04362593591213226,1.1823424100875854,-0.020392324775457382,1.4367443323135376,0.043189339339733124,1.3328886032104492,-0.03865225613117218,1.6194688081741333,0.019780393689870834,1.1937549114227295,-0.03939058631658554,5.610083103179932,0.011181188747286797,2.559645175933838,0.022674040868878365,1.38385808467865,0.010736879892647266,1.2775392532348633,0.01870984584093094,0.8710393309593201,-0.010274473577737808,1.0020442008972168,0.012548134662210941,1.1103521585464478,0.0006741725374013186,0.8989540338516235,0.022551391273736954,0.7037880420684814,0.010117066092789173,0.7987240552902222,0.0020720770116895437,0.7678244113922119,0.020625971257686615,0.8589510917663574,-0.01018804032355547,0.7569204568862915,0.6053186655044556,0.28590333461761475,0.6551420092582703,0.25798192620277405,0.7117322087287903,0.2465556412935257,0.6673764586448669,0.24236099421977997,0.564914345741272,0.27079105377197266,0.48790937662124634,0.27574530243873596,0.4898163676261902,0.2371213585138321,0.5398319959640503,0.2571908235549927,0.5046495795249939,0.2715318500995636,0.5855139493942261,0.2543755769729614,0.5420674681663513,0.23365625739097595,0.5024937391281128,0.2727968990802765,0.24444477260112762,0.09685702621936798,3935.5390878864055,1179.1466768001915,4176.276919317205,526.6031123203577,0.09247435107308585,0.06449010664873189,71.77734375
toxic,190,200,10,nod,neutral,3,-109.24288177490234,135.05221557617188,90.80029296875,46.45307159423828,-29.279346466064453,25.81452178955078,20.443986892700195,14.858765602111816,-9.570422172546387,17.232500076293945,19.085529327392578,17.998149871826172,-8.732367515563965,10.288079261779785,16.7340145111084,11.906237602233887,-6.077051162719727,9.11967945098877,3.761709213256836,11.596894264221191,-1.2984199523925781,12.401420593261719,0.9756516218185425,12.838791847229004,-4.567152500152588,12.932883262634277,-0.43185439705848694,10.384771347045898,-0.11401792615652084,3.8278567790985107,0.010778577998280525,2.6646039485931396,-0.019765570759773254,2.0442636013031006,0.017018930986523628,1.9186944961547852,-0.005000753793865442,1.5733766555786133,0.026052121073007584,1.823771357536316,-0.009527080692350864,1.432668924331665,0.012268761172890663,1.230638027191162,-0.013592956587672234,1.4131428003311157,-0.011081193573772907,1.2731925249099731,0.006155392620712519,1.272731900215149,0.011623047292232513,1.282362461090088,-0.028620852157473564,4.749973297119141,0.0077352202497422695,2.1774911880493164,0.005607652943581343,1.2894741296768188,-0.0019262362038716674,1.1512608528137207,0.008741538971662521,0.957038402557373,-0.0013396131107583642,0.8911449909210205,-0.0005340696661733091,0.908703625202179,0.005804705899208784,0.809169352054596,0.0044795493595302105,0.6737446784973145,0.0029058782383799553,0.7744203209877014,0.0067997160367667675,0.7240847945213318,-0.008512352593243122,0.7707973718643188,0.005672217346727848,0.734103798866272,0.5384278893470764,0.3549087643623352,0.5280099511146545,0.298200398683548,0.5517975091934204,0.290761798620224,0.5997582674026489,0.3227330148220062,0.49419519305229187,0.3075720965862274,0.39457082748413086,0.28467223048210144,0.38738298416137695,0.28561022877693176,0.4588998556137085,0.3022206425666809,0.38159874081611633,0.27530637383461,0.4412856101989746,0.29851803183555603,0.49399667978286743,0.322983056306839,0.4288121163845062,0.2974720597267151,0.20870114862918854,0.11595727503299713,4916.31408134603,3253.8306627436123,4379.760695067029,759.5431519299248,0.14872242513776102,0.1956752779996367,71.77734375
uptown_funk,0,16,16,nod,neutral,3,-354.173828125,186.23902893066406,123.73076629638672,54.18360900878906,-35.012550354003906,46.57627868652344,17.381650924682617,32.39772033691406,-8.169347763061523,22.09326934814453,15.797128677368164,21.85552215576172,-9.131919860839844,15.109971046447754,4.022170543670654,11.509095191955566,-8.108907699584961,11.57085132598877,0.851404070854187,9.490999221801758,-11.610795974731445,9.65251350402832,-1.5212531089782715,8.447999954223633,-11.984346389770508,9.685811996459961,0.3823179602622986,23.4395694732666,0.10388021916151047,6.035618305206299,-0.025491982698440552,6.7616753578186035,-0.0004066706169396639,3.48712158203125,-0.01355266384780407,2.721560478210449,0.00557213369756937,3.239673376083374,-0.004830425139516592,2.157050848007202,0.02207729034125805,1.777843713760376,0.0010969795985147357,1.7640923261642456,0.0030176511500030756,1.4832282066345215,-0.009550041519105434,1.5807619094848633,0.0033222849015146494,1.3916610479354858,-0.011369312182068825,1.555879831314087,0.01428099162876606,10.139101028442383,-0.011155991815030575,2.5485713481903076,0.012161698192358017,3.439347982406616,2.575047801656183e-05,1.5390478372573853,0.0029851251747459173,1.430854320526123,0.001693741767667234,1.7014051675796509,0.0009007890475913882,1.0948399305343628,0.00039509517955593765,0.938683032989502,0.0012509503867477179,0.8590686917304993,-0.003725886344909668,0.7994424104690552,0.0007025302620604634,0.8402478694915771,-0.0031479992903769016,0.840248167514801,0.001973181962966919,0.8214425444602966,0.562116801738739,0.29176849126815796,0.5698999166488647,0.2943226099014282,0.5409047603607178,0.2949817478656769,0.5155227184295654,0.2718753218650818,0.49109476804733276,0.23903906345367432,0.5944689512252808,0.2596277594566345,0.5857656598091125,0.2838422656059265,0.5518508553504944,0.26653993129730225,0.5949033498764038,0.2855917513370514,0.5503047704696655,0.26827800273895264,0.45968344807624817,0.25432029366493225,0.4885406494140625,0.2650632858276367,0.03623119741678238,0.02930186316370964,4042.733130153611,2946.541510203819,3957.946298761326,1425.4864845735378,0.12038653918221186,0.14620861510354213,114.79591836734694
uptown_funk,16,20,4,nod,"smile, close eyes",4,-149.25086975097656,81.90996551513672,101.4504623413086,44.6844482421875,-53.89310836791992,22.360820770263672,36.45427322387695,25.68335723876953,-15.413445472717285,14.685789108276367,8.755353927612305,16.828311920166016,1.3247493505477905,12.449204444885254,10.683831214904785,15.075983047485352,-3.695596933364868,13.320837020874023,5.300845623016357,11.653650283813477,3.6938538551330566,10.739252090454102,5.86151123046875,10.414312362670898,5.786098957061768,10.713058471679688,-0.1844811588525772,12.99344253540039,0.06313098967075348,5.781942367553711,0.08864971250295639,4.3560566902160645,0.007675982546061277,3.608534812927246,-0.07460784912109375,2.431525468826294,-0.12247791886329651,3.0525224208831787,-0.03181969001889229,1.7981886863708496,-0.04410592466592789,2.5228676795959473,-0.018779074773192406,1.904885172843933,-0.06864164024591446,1.997544527053833,-0.011389387771487236,1.7238454818725586,-0.03200630843639374,1.6575884819030762,0.03764396905899048,1.6245540380477905,-0.06413063406944275,5.809647083282471,-0.0022689737379550934,2.5878870487213135,0.07823632657527924,1.7783918380737305,0.005649779923260212,1.5902807712554932,0.0138412956148386,1.3115390539169312,0.02468761056661606,1.5051963329315186,0.003988616168498993,0.9248090386390686,-0.005853095091879368,1.1980705261230469,0.012731047347187996,1.0259532928466797,0.0015227781841531396,0.928735077381134,-0.022845780476927757,0.8971704244613647,-0.014733335003256798,0.8356490135192871,-0.026421785354614258,0.8598246574401855,0.4887278079986572,0.31288957595825195,0.5532991290092468,0.3263445496559143,0.5781165361404419,0.31300613284111023,0.5864344835281372,0.324661523103714,0.5161396861076355,0.3025786578655243,0.5243411064147949,0.3477832078933716,0.49374932050704956,0.3262263238430023,0.44328272342681885,0.30376213788986206,0.4185001254081726,0.2985331416130066,0.42914077639579773,0.2785971760749817,0.45985981822013855,0.2890474200248718,0.42865240573883057,0.29171058535575867,0.13304248452186584,0.11044621467590332,3980.971696732064,1403.8704604775212,3568.072153417281,695.7197483099893,0.10000025972406915,0.0661444824002415,114.79591836734694
uptown_funk,20,24,4,sway,big smile,4,-183.7950439453125,94.25546264648438,98.96064758300781,36.020469665527344,-37.36579132080078,25.397523880004883,34.09868621826172,22.93671226501465,-13.489605903625488,16.981666564941406,13.532543182373047,14.831755638122559,3.7219908237457275,11.746365547180176,11.214557647705078,13.259499549865723,-7.9847211837768555,12.293723106384277,0.5001246929168701,14.576179504394531,1.0452603101730347,9.22152328491211,3.0391664505004883,9.676650047302246,4.229489326477051,9.567022323608398,0.12694230675697327,16.7650146484375,-0.15905816853046417,5.738292694091797,-0.14214497804641724,4.765409469604492,0.11610817164182663,3.7761003971099854,0.01725287362933159,3.2386224269866943,0.10253176093101501,2.777087926864624,0.03984922915697098,2.0283620357513428,0.0077793472446501255,2.319326162338257,0.08515296876430511,2.2915685176849365,0.0531906932592392,2.5810470581054688,0.0355081707239151,1.5196659564971924,0.005615467671304941,1.6969236135482788,0.023732541128993034,1.7826027870178223,0.06980044394731522,7.774838447570801,-0.05337075516581535,2.6730031967163086,-0.00515389209613204,1.9958548545837402,0.04493815824389458,1.8767130374908447,-0.026620661839842796,1.6241110563278198,0.018643973395228386,1.396317481994629,-0.03535468131303787,1.142186164855957,-0.008545228280127048,1.0858547687530518,0.012289864011108875,1.0768535137176514,0.0032951831817626953,1.2482885122299194,-0.005525918211787939,0.8576491475105286,-0.019375765696167946,0.967471718788147,-0.00456577492877841,0.907681405544281,0.4624076187610626,0.3251161277294159,0.47292134165763855,0.3142194449901581,0.5244818329811096,0.3168339133262634,0.569799542427063,0.35311636328697205,0.4678751826286316,0.33280277252197266,0.41382405161857605,0.33083873987197876,0.4157564342021942,0.3302772641181946,0.41492918133735657,0.32245853543281555,0.3565327525138855,0.2860899269580841,0.40676265954971313,0.31432291865348816,0.44613954424858093,0.2953914701938629,0.42632606625556946,0.31488165259361267,0.11481821537017822,0.1137797087430954,3986.9683319131955,1508.2886691361916,3825.8665403032032,666.0873847623058,0.08930092669547872,0.07051036629547942,114.79591836734694
uptown_funk,24,34,10,nod,neutral,4,-178.5207061767578,95.18185424804688,96.24297332763672,42.06771469116211,-35.90248489379883,25.268522262573242,36.95812225341797,23.590023040771484,-17.001129150390625,20.299739837646484,15.037185668945312,16.380653381347656,2.8362998962402344,11.642045021057129,8.666826248168945,15.2039794921875,-5.964280605316162,12.866556167602539,3.2219300270080566,14.247749328613281,3.7901382446289062,10.019691467285156,4.633681297302246,10.73990249633789,5.327001571655273,9.840391159057617,0.04665875807404518,16.10537338256836,0.04741748794913292,6.811857223510742,-0.0005179437575861812,3.9908251762390137,0.007430575788021088,3.6293232440948486,0.0468582920730114,2.977674722671509,-0.003170550335198641,2.5409514904022217,-0.01838749088346958,1.9602930545806885,-0.007917564362287521,2.5176451206207275,-0.003707430325448513,2.032921075820923,0.016193287447094917,2.3508048057556152,0.02500848099589348,1.7465074062347412,0.019791319966316223,1.8678309917449951,0.004596691112965345,1.5846071243286133,-0.04206308349967003,7.00176477432251,-0.010144123807549477,3.0033321380615234,0.013447096571326256,1.9722036123275757,0.024760808795690536,1.7082433700561523,0.018670368939638138,1.5852049589157104,0.011810757219791412,1.2342584133148193,-0.009217492304742336,1.0540052652359009,-0.015735987573862076,1.2726303339004517,0.012856503017246723,1.200416088104248,4.029528281535022e-05,1.1381243467330933,-0.001977296778932214,0.9702507853507996,-0.012273244559764862,1.049154281616211,-0.00024095425033010542,0.8760926723480225,0.5575864315032959,0.30706697702407837,0.577785313129425,0.3264748454093933,0.48939183354377747,0.32374098896980286,0.4813750386238098,0.34413042664527893,0.476856529712677,0.33319637179374695,0.47720932960510254,0.34698107838630676,0.468340128660202,0.33685198426246643,0.5201032757759094,0.324905663728714,0.44817355275154114,0.28858473896980286,0.3866545855998993,0.2914189398288727,0.4260055422782898,0.3097849190235138,0.44879424571990967,0.31178784370422363,0.12211010605096817,0.11112812906503677,4116.308473685757,1601.007908650334,3807.207675598876,719.1560445873988,0.09707843316897655,0.07726263877330551,114.79591836734694
uptown_funk,34,47,13,shake, neutral,3,-140.8168182373047,76.38631439208984,127.91275024414062,33.319549560546875,-28.592153549194336,25.059267044067383,37.26103591918945,18.608131408691406,-11.680621147155762,15.789505004882812,22.14813995361328,13.795293807983398,3.067660331726074,10.091349601745605,10.210395812988281,13.41675853729248,2.119053602218628,10.42609977722168,8.667818069458008,9.513285636901855,5.0589141845703125,10.6873197555542,3.8770062923431396,9.551430702209473,3.0072638988494873,7.8695831298828125,-0.012877322733402252,14.572038650512695,-0.026439281180500984,5.147300720214844,-0.02205461449921131,3.378777027130127,-0.026514654979109764,3.1353938579559326,-0.028136594220995903,2.6826441287994385,-0.02937706746160984,2.044727325439453,-0.00606404896825552,1.7287386655807495,0.005208491813391447,2.1807312965393066,0.0023461030796170235,1.6100542545318604,-0.008588243275880814,1.6764973402023315,-0.01865534856915474,1.7732782363891602,0.0006833135266788304,1.6455384492874146,-0.00026322368648834527,1.4404670000076294,0.03238190338015556,6.540554046630859,-0.0039990865625441074,2.3042209148406982,0.01761065609753132,1.7224632501602173,-0.011445972137153149,1.6657748222351074,-0.022183271124958992,1.5181571245193481,-0.008245490491390228,1.07953941822052,-0.011838252656161785,0.949734628200531,0.004439967218786478,1.0729721784591675,-0.0025917633902281523,0.8847846388816833,0.004475855268537998,1.0054291486740112,-0.01286962628364563,0.931459903717041,0.0014611565275117755,0.892130434513092,-0.0012492981040850282,0.8652146458625793,0.6829551458358765,0.27844762802124023,0.5913701057434082,0.26256805658340454,0.5180556178092957,0.29102370142936707,0.47948724031448364,0.2865750789642334,0.5121228694915771,0.28346967697143555,0.6047046184539795,0.2865658402442932,0.5428071022033691,0.27858370542526245,0.5146965980529785,0.2875169813632965,0.4861067533493042,0.26385053992271423,0.5228338241577148,0.2800135910511017,0.5276995301246643,0.2978307008743286,0.5502079129219055,0.28121426701545715,0.15332776308059692,0.10205913335084915,3344.054681024887,1367.77989576127,3634.452300717136,702.9265732638005,0.0749653917145201,0.05545582108395607,114.79591836734694
uptown_funk,47,49,2,sway,smile,3,-136.35325622558594,82.51990509033203,129.1418914794922,28.312023162841797,-30.206499099731445,27.19697380065918,31.953468322753906,20.979938507080078,-9.525907516479492,11.784770011901855,17.466428756713867,14.525117874145508,1.146059513092041,7.181097507476807,4.573464870452881,13.926146507263184,-2.7593085765838623,7.355897426605225,8.586551666259766,8.393478393554688,1.5396788120269775,9.416842460632324,5.7869157791137695,7.97072696685791,2.6238362789154053,7.576690673828125,-0.6550918221473694,14.70444107055664,-0.002158976625651121,4.225013732910156,0.291922926902771,3.0049216747283936,0.06015578657388687,3.8814141750335693,0.1714809089899063,1.8793895244598389,0.07456379383802414,2.064832925796509,0.09639625996351242,1.2627347707748413,0.05230867117643356,2.290876865386963,0.005269770976155996,1.3375130891799927,0.11134765297174454,1.5901358127593994,0.03127226606011391,1.5961922407150269,0.07108382880687714,1.5172852277755737,0.0182651299983263,1.2403008937835693,-0.09928111732006073,6.325514316558838,0.013549692928791046,1.7586297988891602,0.06646643579006195,1.4622738361358643,-0.0633363351225853,1.8396008014678955,0.0639176070690155,1.0869113206863403,0.013583888299763203,0.9997782111167908,-0.002630639588460326,0.7627604603767395,-0.032006993889808655,1.0876219272613525,0.01291885320097208,0.7123394012451172,0.036010876297950745,1.0018380880355835,-0.036216821521520615,1.0498228073120117,-0.024181345477700233,0.8473775386810303,-0.023253558203577995,0.8033043742179871,0.574421226978302,0.27367815375328064,0.5430857539176941,0.2847695052623749,0.6282808184623718,0.2857922315597534,0.592787504196167,0.2714553773403168,0.5154033303260803,0.2920413017272949,0.5035672187805176,0.28217071294784546,0.5385454297065735,0.27154237031936646,0.5494655966758728,0.27796676754951477,0.4853728711605072,0.23870545625686646,0.5954615473747253,0.27044978737831116,0.5527036786079407,0.2794511020183563,0.5579867959022522,0.2879313826560974,0.14217029511928558,0.10683158785104752,3355.2659235053907,1106.2040741139813,3715.370512234235,700.6886118716047,0.07396941489361702,0.04591278886174836,114.79591836734694
uptown_funk,49,91,42,sway,"smile, close eyes",3,-126.91861724853516,80.493408203125,119.73885345458984,28.14596939086914,-37.6705322265625,18.98025894165039,36.356719970703125,20.888797760009766,-10.574111938476562,15.113753318786621,17.967540740966797,13.121164321899414,0.8631196618080139,10.97160530090332,9.297470092773438,12.559863090515137,-1.4267348051071167,10.429662704467773,5.199647903442383,11.125177383422852,0.46386098861694336,10.027097702026367,4.580660343170166,8.734586715698242,3.0512356758117676,9.302240371704102,0.030221007764339447,10.982169151306152,0.0071790688671171665,4.82716178894043,0.008453933522105217,3.0679872035980225,0.00808449275791645,3.4157662391662598,0.0020643766038119793,2.426241874694824,0.008808399550616741,2.0881247520446777,0.0038068946450948715,1.7368751764297485,-0.0008585025789216161,1.8936800956726074,-0.009369397535920143,1.6971360445022583,0.0015763182891532779,1.5674535036087036,0.00488095311447978,1.4115787744522095,0.002310378011316061,1.4387279748916626,-0.0019769843202084303,1.4299486875534058,0.009500770829617977,5.61883020401001,0.007332624401897192,2.447984218597412,-0.00010890449630096555,1.5371860265731812,-0.004056692589074373,1.508134126663208,0.0006469052750617266,1.293092966079712,-0.0033738671336323023,1.0922349691390991,0.00012298893125262111,0.9469010233879089,0.0014554545050486922,0.9362632632255554,-0.0007331803790293634,0.909345805644989,0.0007830974645912647,0.9131328463554382,0.0024158929008990526,0.8016149401664734,9.751682955538854e-05,0.8203427195549011,-0.0011294909054413438,0.8271611928939819,0.5587108731269836,0.3180363178253174,0.48520344495773315,0.29435619711875916,0.5413029789924622,0.32783958315849304,0.48027822375297546,0.2899279296398163,0.5465782880783081,0.2990609109401703,0.652216911315918,0.3348630368709564,0.4920279085636139,0.2949988543987274,0.4431578814983368,0.3021003305912018,0.439079612493515,0.2846149504184723,0.4881003201007843,0.3126888871192932,0.40516170859336853,0.29336410760879517,0.4716196358203888,0.2938562035560608,0.16499176621437073,0.10419117659330368,3477.5423331904776,1110.0907285255525,3747.743873200059,559.0228247721684,0.07194026948958862,0.044865282440352226,114.79591836734694
uptown_funk,91,94,3,none,angry face,3,-182.4761505126953,126.84783172607422,115.78247833251953,40.69921875,-35.90028762817383,24.56722640991211,28.19603729248047,20.08526039123535,-8.893651962280273,18.76556396484375,13.859569549560547,11.054173469543457,3.7922701835632324,13.229696273803711,6.710326671600342,16.037399291992188,-1.4812581539154053,13.640769004821777,1.780024766921997,13.359697341918945,-0.1475943773984909,8.2498779296875,3.8664896488189697,8.345809936523438,4.162820339202881,9.090433120727539,-0.5821080207824707,12.998758316040039,-0.27997979521751404,4.739076614379883,-0.006755707319825888,3.31957745552063,-0.10823856294155121,2.822834014892578,0.016000937670469284,2.7805421352386475,0.03038119338452816,1.4512667655944824,-0.05722936615347862,1.6655703783035278,-0.020125068724155426,1.643936276435852,0.060960553586483,1.469189167022705,-0.018622539937496185,1.5393226146697998,-0.08962498605251312,1.4982833862304688,-0.04631168395280838,1.0920641422271729,0.03724276274442673,1.1528538465499878,0.027653241530060768,5.240575790405273,-0.0693787932395935,2.097226142883301,0.06133308261632919,1.430717945098877,-0.01076637115329504,1.5017859935760498,-0.032191697508096695,1.2705895900726318,0.012521636672317982,0.9009541869163513,0.007909974083304405,0.8398746252059937,-0.01786065474152565,0.8786623477935791,0.013441650196909904,0.7031009197235107,-0.006825802382081747,0.9621214866638184,-0.008811614476144314,0.8968791961669922,-0.011280068196356297,0.6959888339042664,-0.027913736179471016,0.7538045048713684,0.5243743658065796,0.31752532720565796,0.506925106048584,0.2728845179080963,0.5665866732597351,0.2949811518192291,0.5369705557823181,0.2916838526725769,0.48440486192703247,0.2871725559234619,0.5398832559585571,0.34765979647636414,0.5362806916236877,0.33058416843414307,0.5076484680175781,0.32785478234291077,0.4498763978481293,0.2908274531364441,0.49516546726226807,0.2948588728904724,0.48434755206108093,0.29256370663642883,0.47892895340919495,0.31051912903785706,0.140869140625,0.11500570178031921,3768.505013923249,2283.7700594500343,3836.4101310609376,1062.3948885610644,0.08957190547429078,0.11532152419679273,114.79591836734694
uptown_funk,94,107,13,none,"smile, close eyes",3,-186.40078735351562,100.73175048828125,90.35224151611328,41.09440612792969,-44.336795806884766,26.45559310913086,35.49789810180664,24.560237884521484,-15.396842002868652,19.392051696777344,11.848370552062988,18.027671813964844,2.250209093093872,14.182345390319824,8.224331855773926,14.934276580810547,-1.1101763248443604,13.370318412780762,6.341865062713623,13.308393478393555,2.6715073585510254,11.044747352600098,4.601303577423096,11.417749404907227,4.959754467010498,10.859842300415039,0.19529393315315247,16.45431137084961,-0.009287226013839245,6.939786434173584,-0.05782251060009003,4.67950963973999,0.04368596151471138,4.245492935180664,-0.0198909193277359,3.2815232276916504,0.0034333018120378256,2.6658949851989746,-0.00632732966914773,2.0503783226013184,-0.005592379253357649,2.4001524448394775,-0.027217289432883263,2.1673436164855957,-0.01967988722026348,2.279599905014038,-0.017513904720544815,1.6978815793991089,-0.007849723100662231,1.8865119218826294,-0.002042836509644985,1.7686963081359863,0.0697866901755333,7.470264434814453,-0.014399654231965542,3.2960402965545654,-0.010990450158715248,2.3483240604400635,0.0025305277667939663,2.0099291801452637,-0.016910836100578308,1.771915316581726,0.009275926277041435,1.3401061296463013,-0.014425178989768028,1.188004970550537,-0.002608837094157934,1.2744907140731812,-0.008264118805527687,1.1540099382400513,0.0013430427061393857,1.121675729751587,-0.0032009093556553125,0.9820273518562317,-0.0021744428668171167,1.0166362524032593,0.0009406929020769894,0.9677208065986633,0.5045977234840393,0.3196568489074707,0.4875341057777405,0.3281276524066925,0.48079025745391846,0.3379141092300415,0.4923182725906372,0.3249392509460449,0.5450868010520935,0.31592217087745667,0.559639036655426,0.32673999667167664,0.514739453792572,0.31629762053489685,0.51171875,0.3298983573913574,0.4381043314933777,0.2994317412376404,0.4136294424533844,0.30009081959724426,0.4331238567829132,0.32376423478126526,0.43273454904556274,0.30261752009391785,0.11015170812606812,0.10958970338106155,4260.859125702816,1432.077068341762,3791.6425687377696,785.0531037746262,0.10610003076292043,0.07109650462500001,114.79591836734694
uptown_funk,107,116,9,shake,neutral,3,-135.17474365234375,72.40013885498047,122.19170379638672,30.251131057739258,-32.20690155029297,23.718786239624023,42.11723709106445,17.68255043029785,-11.44732666015625,16.836833953857422,23.095542907714844,14.112454414367676,3.1258325576782227,9.284897804260254,10.580924034118652,14.347685813903809,1.8966591358184814,10.338397026062012,8.82253360748291,10.915623664855957,3.7588133811950684,9.892498970031738,4.777261257171631,8.835480690002441,3.2462501525878906,8.130376815795898,-0.10661514848470688,14.134607315063477,0.03589867427945137,4.914811134338379,0.06234385073184967,3.376180648803711,0.02716183103621006,3.004351854324341,0.018875516951084137,2.6394753456115723,0.01605411246418953,2.03581166267395,0.0460316427052021,1.666841745376587,0.022028619423508644,2.217611312866211,0.04359890893101692,1.5450772047042847,0.02441943623125553,1.8711789846420288,0.017185643315315247,1.6675684452056885,-0.003630183869972825,1.5692858695983887,-0.0036218990571796894,1.3959448337554932,-0.04925854131579399,6.756225109100342,-0.010897265747189522,2.1980509757995605,0.035466913133859634,1.8454087972640991,-0.02329174242913723,1.587127447128296,-0.0026479875668883324,1.6032663583755493,0.007578114978969097,1.0364272594451904,0.004781325347721577,0.9267076253890991,0.012199562974274158,1.1534146070480347,0.012537777423858643,0.8618639707565308,0.009051254950463772,1.047537088394165,0.00013189081801101565,0.9563433527946472,0.013089795596897602,0.937308669090271,0.010472324676811695,0.8590706586837769,0.6783090829849243,0.27167221903800964,0.6006482839584351,0.2592158019542694,0.5894249081611633,0.28064265847206116,0.5431400537490845,0.26866990327835083,0.5484099388122559,0.2805405855178833,0.5621286034584045,0.29108676314353943,0.5652873516082764,0.2885216474533081,0.5694414973258972,0.2843934893608093,0.5260663032531738,0.2616155445575714,0.5648360848426819,0.27844366431236267,0.5694201588630676,0.28285613656044006,0.6099436283111572,0.26025864481925964,0.15267492830753326,0.10078717768192291,3520.1817253199606,1226.637807003352,3746.6512786931607,640.8933731196233,0.07565755979709715,0.051082231182812146,114.79591836734694
uptown_funk,116,124,8,none,smile,3,-127.4089126586914,71.70275115966797,123.99467468261719,29.422574996948242,-34.49972152709961,24.427736282348633,39.73207473754883,17.40409278869629,-11.522360801696777,13.856170654296875,23.291793823242188,13.474767684936523,1.830762267112732,10.45266056060791,12.053912162780762,13.256820678710938,1.7548688650131226,9.05447006225586,9.409041404724121,9.405328750610352,4.078304767608643,11.139511108398438,5.303505897521973,8.515511512756348,3.65934681892395,8.797419548034668,0.45637476444244385,13.421154975891113,-0.004456587601453066,4.650741100311279,-0.037881989032030106,3.241765022277832,0.033382512629032135,2.8285648822784424,-0.03695586323738098,2.404757499694824,-0.03220702335238457,2.0310308933258057,-0.011209162883460522,1.8388746976852417,0.015530601143836975,2.2040209770202637,-0.017247237265110016,1.4248217344284058,0.02047211304306984,1.5666005611419678,-0.03295813873410225,1.8426176309585571,0.0114179328083992,1.499485969543457,-0.023842263966798782,1.534841775894165,-0.10579611361026764,6.130817890167236,0.08573422580957413,2.2574682235717773,0.01848393864929676,1.5064386129379272,-0.02509959787130356,1.4386156797409058,0.017927411943674088,1.3505723476409912,-0.030314255505800247,1.1416321992874146,0.008807036094367504,1.048922061920166,-0.023978034034371376,1.075913906097412,-0.003462874097749591,0.846057116985321,-0.011577250435948372,0.9285655617713928,0.003152748802676797,1.0170060396194458,-0.01823882944881916,0.9261084794998169,0.00707204919308424,0.8960630893707275,0.6515259742736816,0.2784578502178192,0.5180226564407349,0.26879775524139404,0.5109213590621948,0.2928693890571594,0.505971372127533,0.2818242609500885,0.585882306098938,0.2701623737812042,0.6516150832176208,0.2842879891395569,0.5386117100715637,0.27453362941741943,0.508418083190918,0.28621456027030945,0.5054407119750977,0.2633364200592041,0.5555868744850159,0.2776820659637451,0.5157491564750671,0.27381160855293274,0.5808172225952148,0.2728084921836853,0.15684054791927338,0.10022328048944473,3497.4786655600733,1181.8438052570561,3735.5565063050017,628.8867122886545,0.07717054344207723,0.05098996000912406,114.79591836734694
uptown_funk,124,167,43,shake,neutral,5,-126.3677749633789,80.83538055419922,120.24845886230469,27.708005905151367,-37.150856018066406,19.11720085144043,36.963626861572266,20.78937530517578,-10.336638450622559,15.06521987915039,17.538055419921875,14.155502319335938,1.0582396984100342,11.06881332397461,9.87242317199707,11.989240646362305,-1.1830899715423584,10.6483154296875,5.3216376304626465,10.806026458740234,0.26049429178237915,9.622206687927246,4.7547712326049805,8.562414169311523,3.2035412788391113,9.221748352050781,-0.026922373101115227,10.955109596252441,0.013798513449728489,4.7443623542785645,-0.004535708576440811,3.0409152507781982,-0.011723387986421585,3.377211570739746,0.004329944495111704,2.4221367835998535,0.000210563579457812,2.0216667652130127,0.0023391374852508307,1.6955233812332153,-0.0033269969280809164,1.8603330850601196,0.006738008465617895,1.7044612169265747,-0.000936279830057174,1.5462455749511719,0.0010570589220151305,1.4042072296142578,0.0006312507903203368,1.403127908706665,0.0034950016997754574,1.4172066450119019,0.0034531117416918278,5.597022533416748,-0.002660835860297084,2.41841983795166,0.0032597235403954983,1.5441060066223145,-0.0033188676461577415,1.4867898225784302,0.002168470760807395,1.28178071975708,2.2287878891802393e-05,1.047768473625183,0.0004242172581143677,0.937281608581543,0.0002358370111323893,0.9290179014205933,0.0016931681893765926,0.915995180606842,0.0005667468649335206,0.8989297747612,0.0002325764362467453,0.8129785060882568,-0.0011573663214221597,0.8047958612442017,-0.000830646778922528,0.8165432214736938,0.5543388724327087,0.3128040134906769,0.49067422747612,0.29232966899871826,0.5449030995368958,0.325824111700058,0.48110494017601013,0.288058876991272,0.5384676456451416,0.29444801807403564,0.6473562717437744,0.33465197682380676,0.4975653290748596,0.296653151512146,0.45017552375793457,0.302807480096817,0.44253817200660706,0.28325268626213074,0.4929483234882355,0.3090774416923523,0.4103824198246002,0.29168614745140076,0.46448633074760437,0.2892456650733948,0.1651456356048584,0.10347975045442581,3458.3083335559663,1095.7307602231745,3744.5236132542746,561.006352060505,0.07161397782583086,0.044120098975777046,114.79591836734694
uptown_funk,167,179,12,none,"frown, confused",3,-244.96810913085938,124.81736755371094,111.17770385742188,44.28799819946289,4.129490852355957,34.36505889892578,40.79893493652344,23.8353271484375,7.6777024269104,17.608312606811523,22.20426368713379,13.773274421691895,10.472497940063477,11.542661666870117,16.33066749572754,8.785639762878418,7.651695728302002,11.348876953125,9.825223922729492,8.181012153625488,4.524351596832275,8.95087718963623,5.157209873199463,9.605971336364746,3.936098575592041,8.491073608398438,-0.1242363303899765,17.96971321105957,-0.05761187523603439,6.7636213302612305,0.05961836501955986,4.700989246368408,0.07375827431678772,3.935885190963745,-0.0021982041653245687,2.3412981033325195,-0.0024991987738758326,2.3181967735290527,0.011298589408397675,1.6419587135314941,0.01175893098115921,1.5318505764007568,-0.01563669927418232,1.5905866622924805,0.006881178356707096,1.4217655658721924,0.009849105961620808,1.429352045059204,-0.01065409928560257,1.4552607536315918,-0.01058967411518097,1.3995250463485718,0.039773035794496536,7.850175857543945,-0.02695753611624241,3.006457805633545,-6.157720781629905e-05,2.225008249282837,0.012790793552994728,1.6314399242401123,-0.0003694018523674458,1.266796588897705,-0.006015886086970568,1.192245364189148,0.0008827492129057646,0.9213235974311829,-0.0033454811200499535,0.8332971930503845,-0.01046532392501831,0.8653013110160828,0.0033685509115457535,0.8868979215621948,0.003742330241948366,0.7337474226951599,-0.002564221853390336,0.8134598135948181,-0.0012145662913098931,0.7849889397621155,0.6478025317192078,0.255473256111145,0.6934241056442261,0.26251712441444397,0.7044945359230042,0.25047799944877625,0.7296391129493713,0.23043066263198853,0.7252539992332458,0.22069190442562103,0.7409952282905579,0.2352209836244583,0.7664698958396912,0.2609018087387085,0.6825354695320129,0.2463635951280594,0.6338120102882385,0.24437041580677032,0.6323438882827759,0.24068954586982727,0.635924220085144,0.25271591544151306,0.6255125403404236,0.24746449291706085,0.1253829151391983,0.1125878319144249,2864.9563522194685,1681.6292223296582,3806.713016632907,1059.0924505049209,0.04395788812722025,0.05011774620324598,114.79591836734694
uptown_funk,179,212,33,nod,big smile ,3,-151.3662872314453,90.62015533447266,123.30854034423828,37.350067138671875,-20.50046157836914,30.055389404296875,42.79307556152344,19.735923767089844,-5.2978081703186035,16.288724899291992,23.690351486206055,15.187945365905762,2.4362969398498535,11.559045791625977,12.311270713806152,11.310065269470215,3.176541566848755,10.603982925415039,8.677496910095215,9.657552719116211,3.0533792972564697,9.504016876220703,4.057506561279297,9.428030967712402,1.576102614402771,8.164916038513184,0.042406897991895676,14.506832122802734,0.00958463829010725,6.390779972076416,-0.020159495994448662,3.9374094009399414,-0.014798502437770367,3.406022071838379,-0.0031542356591671705,2.723135471343994,-0.001287334249354899,2.3556442260742188,-0.003126984229311347,1.8339020013809204,-0.0035878350026905537,1.9064972400665283,-0.002251302357763052,1.732016921043396,0.00046545223449356854,1.681980013847351,-0.00452212942764163,1.560397744178772,-0.004295872990041971,1.5363067388534546,-0.00237674149684608,1.387570858001709,0.0007386787328869104,6.612471580505371,-0.007136402186006308,2.8379745483398438,-0.0006046757334843278,2.00226092338562,0.0012292182072997093,1.6582551002502441,-0.0017808792181313038,1.4989477396011353,-0.001278210198506713,1.1883171796798706,-0.002880905522033572,0.9599001407623291,-0.0014122470747679472,1.048628330230713,-0.0021402346901595592,0.9991605281829834,0.0017870324663817883,0.9391159415245056,-0.0006222797092050314,0.9325041174888611,0.0005186215275898576,0.8637060523033142,0.0017928376328200102,0.8289868235588074,0.5933148860931396,0.27953171730041504,0.5906148552894592,0.278251051902771,0.625248372554779,0.28033751249313354,0.6033423542976379,0.2644430100917816,0.6153789162635803,0.2604192793369293,0.6602171063423157,0.2803616225719452,0.6298827528953552,0.28942611813545227,0.621959924697876,0.2753845155239105,0.5907163023948669,0.2611498236656189,0.5943244695663452,0.2580515146255493,0.5386998653411865,0.27357617020606995,0.5416924357414246,0.2632642090320587,0.1555103063583374,0.09973388910293579,3321.2570455484906,1465.1139585746437,3765.3809060394756,740.929361048879,0.06725040527028119,0.05406556155081939,114.79591836734694
uptown_funk,212,240,28,sway,"big smile, close eyes",3,-82.3001480102539,57.67161560058594,117.8204345703125,23.5576114654541,-42.0806999206543,15.144728660583496,39.28889846801758,16.583106994628906,-11.812021255493164,10.652990341186523,19.16629409790039,10.699549674987793,-1.3795135021209717,10.259174346923828,14.439399719238281,9.361092567443848,-2.115476608276367,9.193093299865723,8.93934154510498,9.372164726257324,-3.247323513031006,7.851522445678711,6.2123260498046875,7.222110271453857,1.9638712406158447,7.750555038452148,0.009573686867952347,8.757862091064453,0.004266273230314255,3.8216872215270996,-0.0015127736842259765,2.3110432624816895,-0.003476709360256791,2.5417935848236084,0.0040573677979409695,1.8089048862457275,0.0016733185620978475,1.6712762117385864,-0.0004823609197046608,1.5038286447525024,-0.0009672527085058391,1.551657795906067,-0.0008391037699766457,1.3920066356658936,0.00013159035006538033,1.4793446063995361,0.004548294469714165,1.2253704071044922,0.00607846025377512,1.2114741802215576,0.005885940510779619,1.243710994720459,-0.004557809326797724,4.532125949859619,0.003139003412798047,2.0135419368743896,0.003757643513381481,1.2147783041000366,0.0012493169633671641,1.3368333578109741,0.0016836546128615737,1.0974304676055908,0.0032680451404303312,0.9082154631614685,0.0014273825800046325,0.8216629028320312,-4.670371345127933e-05,0.8368425369262695,-0.0006439841235987842,0.8002393841743469,-5.132264050189406e-06,0.8490190505981445,-1.307407183048781e-05,0.7442613840103149,-0.0031072914134711027,0.7426538467407227,-0.001430109259672463,0.7667086124420166,0.5912922024726868,0.2919583022594452,0.5237691402435303,0.27899447083473206,0.5903399586677551,0.3122960031032562,0.4906240701675415,0.26581504940986633,0.578930139541626,0.2851325273513794,0.6657752394676208,0.2920548915863037,0.5278019309043884,0.2752801179885864,0.4891015887260437,0.2815224826335907,0.5005946159362793,0.2641488015651703,0.5568875670433044,0.29193294048309326,0.4448026418685913,0.2753712236881256,0.50978684425354,0.27542269229888916,0.1942085325717926,0.09837917983531952,3714.9683316170413,858.6096573500641,3933.8756467879816,440.6463451475588,0.07812537188214014,0.03374198736690405,114.79591836734694
uptown_funk,240,250,10,shake,neutral,4,-60.659488677978516,39.739280700683594,118.47428131103516,17.603179931640625,-43.1752815246582,11.419083595275879,47.001399993896484,12.169196128845215,-11.120650291442871,9.516063690185547,17.886064529418945,9.309138298034668,-2.4627628326416016,7.767085075378418,15.934313774108887,7.442302227020264,-0.4409438669681549,7.2424116134643555,8.899393081665039,6.709756851196289,-0.9456239342689514,6.398841857910156,5.569663047790527,7.33493185043335,2.4924395084381104,7.037659645080566,0.10822492837905884,7.91267728805542,0.034248001873493195,3.0454142093658447,-0.008319762535393238,1.7259787321090698,0.0035656937398016453,2.072204828262329,0.0011420707451179624,1.5677164793014526,0.003042288590222597,1.5700360536575317,0.016117244958877563,1.3318767547607422,0.0017231166129931808,1.3476923704147339,0.0010214436333626509,1.3710848093032837,-0.0013782718451693654,1.149525761604309,0.0007946165860630572,1.0266456604003906,-0.000818919506855309,1.1961359977722168,2.86102294921875e-06,1.2082126140594482,-0.05985170602798462,3.7150089740753174,0.008100171573460102,1.6770106554031372,-0.0023048727307468653,0.948757529258728,-0.00781689491122961,1.1049431562423706,0.007538462523370981,0.9412290453910828,-0.005156617145985365,0.862775981426239,0.003788616508245468,0.8054808378219604,-0.014077434316277504,0.8138083219528198,-0.003965470474213362,0.8512378334999084,-0.0070976694114506245,0.6747147440910339,0.002886666916310787,0.6867594122886658,-0.0027909197378903627,0.704136848449707,0.0013052456779405475,0.674793541431427,0.5773898959159851,0.27362391352653503,0.5363932847976685,0.2626626193523407,0.6106370687484741,0.2816077172756195,0.5438092947006226,0.22944286465644836,0.6828891038894653,0.26031431555747986,0.725058376789093,0.25583797693252563,0.5365965962409973,0.25980523228645325,0.4847143590450287,0.26278096437454224,0.4962221384048462,0.24699930846691132,0.536201536655426,0.2633574903011322,0.48908382654190063,0.2675707936286926,0.5474851131439209,0.2701115906238556,0.20798169076442719,0.09110178053379059,3797.0145388886167,722.6146377854501,3929.4829858533762,341.28799740305726,0.0848495385794243,0.03231545955545428,114.79591836734694
uptown_funk,250,269,19,nod,smile,4,-93.72895812988281,122.22901916503906,113.92704010009766,33.462032318115234,-42.955142974853516,15.580438613891602,40.00349807739258,21.201936721801758,-11.0016450881958,9.009086608886719,14.563894271850586,10.492587089538574,-1.0403178930282593,7.341922283172607,15.705694198608398,8.354164123535156,0.16399896144866943,7.079951286315918,6.201054573059082,6.922488689422607,-2.085017442703247,6.194782733917236,5.720678329467773,6.672723293304443,3.033022165298462,7.152859687805176,-0.2687378525733948,7.326539993286133,-0.06451594829559326,2.929126024246216,0.030316155403852463,1.7226520776748657,-0.03158200532197952,1.8744393587112427,0.0002535944222472608,1.3780087232589722,-0.0188298337161541,1.3460694551467896,-0.009635988622903824,1.210532307624817,-0.011439320631325245,1.1799941062927246,0.009457521140575409,1.2766331434249878,-0.00017084309365600348,1.1024560928344727,0.004063976928591728,1.0148271322250366,-0.002986459992825985,0.9596258997917175,-0.0001829467946663499,1.1236552000045776,-0.011961233802139759,3.3847248554229736,0.0020896277856081724,1.6283169984817505,0.0006359335966408253,0.9266358017921448,-0.0027904906310141087,1.096740961074829,-0.0001968945434782654,0.8650951981544495,0.00027169991517439485,0.7460032105445862,0.0029815181624144316,0.6960765719413757,0.0008046186994761229,0.6938514709472656,0.00047721658484078944,0.7650519013404846,-0.0002692802809178829,0.6364569067955017,0.002175338566303253,0.6531478762626648,-0.0013941433280706406,0.6425018310546875,-0.0008957380778156221,0.6721524596214294,0.5845678448677063,0.25966471433639526,0.5274820327758789,0.2535210847854614,0.5897789597511292,0.2719249129295349,0.5705671310424805,0.24055002629756927,0.6708490252494812,0.25570961833000183,0.714619517326355,0.25916245579719543,0.5284448266029358,0.25458550453186035,0.4526108503341675,0.2467564195394516,0.4767899215221405,0.23673145473003387,0.5510768294334412,0.26092302799224854,0.4713873863220215,0.23991836607456207,0.5144457817077637,0.2433013617992401,0.19143667817115784,0.10106929391622543,3847.2950166638116,1033.4580138462482,3977.068880001053,744.75118620888,0.08851563596029742,0.03864814252939773,114.79591836734694
what_a_wonderful_world,0,29,29,sway,"close eyes, frown",3,-293.1741027832031,105.2894515991211,138.10264587402344,42.47735595703125,-7.201287746429443,21.105403900146484,23.30251693725586,18.3339786529541,-11.293131828308105,16.122644424438477,21.629518508911133,14.591748237609863,-17.137163162231445,13.257696151733398,4.846270561218262,11.238402366638184,-7.810693740844727,10.698418617248535,4.294308662414551,9.717364311218262,-3.375319004058838,8.994940757751465,0.15811653435230255,9.291679382324219,-5.474385738372803,8.269049644470215,0.20506566762924194,5.849170684814453,0.03401903808116913,3.8509349822998047,-0.00397079112008214,2.1906890869140625,0.012087548151612282,2.044602632522583,-0.008480176329612732,1.8319056034088135,0.009649659506976604,1.5101262331008911,-0.008806532248854637,1.5224590301513672,0.007620775606483221,1.4671132564544678,-0.009673907421529293,1.3348008394241333,0.004052275791764259,1.2651976346969604,-0.0025206648278981447,1.0931129455566406,0.004503988660871983,1.195555567741394,-0.001064632902853191,1.0315815210342407,-0.008288203738629818,2.6059577465057373,0.010483354330062866,1.8770463466644287,0.0007133131730370224,1.0396095514297485,0.0006388520705513656,0.8988634347915649,0.002684063510969281,0.8965854048728943,-0.0005272371927276254,0.7731766104698181,0.0022667821031063795,0.8110508322715759,-0.0006199806812219322,0.7903404831886292,0.0012379973195493221,0.7340400218963623,-0.0006227463018149137,0.6687248945236206,0.0023140462581068277,0.629808783531189,-0.0002202998148277402,0.6666709780693054,0.00016251714259851724,0.6066877245903015,0.45401448011398315,0.3715539872646332,0.2955796420574188,0.2430328130722046,0.2667441666126251,0.28064924478530884,0.2250688225030899,0.226959228515625,0.3421783745288849,0.2964197099208832,0.3962847888469696,0.3425828516483307,0.28723472356796265,0.240141361951828,0.3499565124511719,0.32390347123146057,0.3771454691886902,0.2808663249015808,0.47312459349632263,0.3332381248474121,0.3577619194984436,0.2997167706489563,0.3166946768760681,0.23627693951129913,0.0400201790034771,0.01976046897470951,2632.6448048434295,1296.3926486043642,3434.2871542116404,1113.3387164678534,0.053008422362890315,0.04159279668892158,71.77734375
what_a_wonderful_world,29,62,33,sway,"smile, frown",3,-259.7301025390625,51.03810501098633,153.75018310546875,27.93729591369629,-11.686972618103027,18.394533157348633,23.983366012573242,17.649106979370117,-14.404994010925293,14.43223762512207,19.344446182250977,11.679733276367188,-17.717548370361328,12.144577980041504,6.210418224334717,10.155405044555664,-7.488069534301758,10.922822952270508,4.590282917022705,9.63498306274414,-2.7964231967926025,9.162271499633789,2.1765694618225098,8.975677490234375,-3.116525173187256,8.173624992370605,0.011201975867152214,6.116819381713867,-0.008515247143805027,4.019354343414307,-0.0005227550864219666,2.1322708129882812,0.02013343945145607,2.272843360900879,-0.01533800270408392,1.7229677438735962,-0.011274809017777443,1.6307018995285034,0.00966801680624485,1.470729112625122,0.00011880742385983467,1.4032104015350342,-0.0030726015102118254,1.3780264854431152,0.0020462535321712494,1.272571086883545,-0.00623687170445919,1.1614941358566284,-0.010255723260343075,1.1708635091781616,0.0025932644493877888,1.102705955505371,0.00702233100309968,2.6431798934936523,-0.00475675193592906,1.9082815647125244,0.004309430718421936,1.124505877494812,0.0021169111132621765,1.0175210237503052,-0.0005665062926709652,0.8640058636665344,-0.0007255646632984281,0.8808034062385559,-0.0010346455965191126,0.7790014743804932,-0.0017159382114186883,0.7834106087684631,0.0001460644562030211,0.7293838262557983,0.00016587568097747862,0.7355473637580872,0.0029290663078427315,0.6801647543907166,1.1436124623287469e-05,0.6719079613685608,-0.0015059130964800715,0.6564928293228149,0.4075227975845337,0.3540656268596649,0.2804924547672272,0.2257823497056961,0.27810537815093994,0.28046324849128723,0.2176356166601181,0.20249921083450317,0.34431689977645874,0.2854191064834595,0.3838803470134735,0.32719728350639343,0.32006147503852844,0.23389779031276703,0.4421265721321106,0.35083332657814026,0.3779965937137604,0.25539031624794006,0.47530126571655273,0.3276606500148773,0.36200132966041565,0.29696106910705566,0.3046306073665619,0.22223696112632751,0.046322066336870193,0.017711719498038292,2566.411203070234,1032.7255233156025,3433.351410876986,710.2437039779333,0.05280908563797045,0.03890259296970098,107.666015625
what_a_wonderful_world,62,101,39,shake,thoughtful,2,-243.92608642578125,55.7045783996582,160.86318969726562,34.29754638671875,-8.909658432006836,20.234088897705078,21.3983211517334,21.637542724609375,-16.02295684814453,16.031192779541016,22.270875930786133,16.03404998779297,-19.566205978393555,15.09033203125,5.22197961807251,12.601024627685547,-11.875564575195312,11.805785179138184,0.808223307132721,10.846899032592773,-7.794017314910889,10.14448070526123,-4.104113578796387,9.007244110107422,-7.569613933563232,9.669504165649414,-0.04063046723604202,6.530123710632324,0.020253753289580345,4.737135410308838,0.007264007348567247,2.1991634368896484,-0.027715982869267464,2.606766939163208,0.0212458074092865,1.9544737339019775,0.00920435506850481,1.8985613584518433,-0.009387556463479996,1.709456443786621,-0.002259868895635009,1.651288390159607,0.004825045354664326,1.4050856828689575,-0.0010346716735512018,1.2946621179580688,-0.0015374078648164868,1.2303528785705566,-0.001718758256174624,1.1992027759552002,-0.00011913293565157801,1.166721224784851,0.003120624925941229,2.8650009632110596,-0.00703429477289319,2.1740779876708984,0.004545615054666996,1.0423206090927124,-0.002508227014914155,1.0887587070465088,0.002062871353700757,0.9402041435241699,-0.0013891219859942794,0.9350530505180359,-0.00032976127113215625,0.8427530527114868,-0.001401431392878294,0.875106692314148,-0.0007854613359086215,0.759660542011261,0.0011160384165123105,0.7135887742042542,0.001813901006244123,0.6989691853523254,-5.51262783119455e-05,0.6819829940795898,0.0007210189360193908,0.6570839881896973,0.3879469335079193,0.3402143716812134,0.33165714144706726,0.24130505323410034,0.3989773094654083,0.35779303312301636,0.2906436324119568,0.22783637046813965,0.3995699882507324,0.3392604887485504,0.33608144521713257,0.28420183062553406,0.2534177005290985,0.22652985155582428,0.3070358335971832,0.2962959110736847,0.3376785218715668,0.23811306059360504,0.4413761794567108,0.339641273021698,0.33408984541893005,0.26361262798309326,0.29139792919158936,0.23195704817771912,0.06077617034316063,0.01877911388874054,2462.6570868074114,1120.6600337152765,3281.166497226932,752.9150743677361,0.05355558849516369,0.04032745959330685,109.95678191489361
what_a_wonderful_world,101,118,17,sway,smile,3,-272.01812744140625,48.74043273925781,160.543212890625,27.369821548461914,-11.9899263381958,19.29058837890625,22.368921279907227,16.824234008789062,-17.452234268188477,14.810934066772461,20.041990280151367,14.169107437133789,-21.47846031188965,11.977853775024414,3.3547980785369873,10.780760765075684,-8.675957679748535,9.926082611083984,3.5066096782684326,8.657760620117188,-2.829477548599243,8.352486610412598,3.4317755699157715,8.509673118591309,-3.6621127128601074,8.405204772949219,-0.07620760798454285,5.7188239097595215,0.05590106174349785,3.886181116104126,-0.010216846130788326,2.1123769283294678,-0.005580205470323563,2.2863645553588867,0.007536820601671934,1.6919163465499878,-0.013881734572350979,1.5447304248809814,-0.010384364984929562,1.506535291671753,-0.016682658344507217,1.4392826557159424,0.0011198811698704958,1.2637264728546143,-0.015264743939042091,1.2054332494735718,-0.004668811336159706,1.078747034072876,-0.009757987223565578,1.1025207042694092,0.005882862955331802,0.9768187999725342,0.002982157049700618,2.3344130516052246,-0.005710621830075979,1.813815951347351,0.0071297199465334415,1.0417122840881348,-0.0023010666482150555,1.0208038091659546,-0.00047623453428968787,0.855908989906311,-0.006759028881788254,0.8034517168998718,0.0052183400839567184,0.7493652701377869,-0.000919176556635648,0.7205543518066406,0.010287494398653507,0.6430420279502869,0.002255830215290189,0.644489049911499,0.0026193975936621428,0.6441181302070618,-0.004586036317050457,0.6411723494529724,0.0027063614688813686,0.5515188574790955,0.35151341557502747,0.28258201479911804,0.2997441291809082,0.24768400192260742,0.30883848667144775,0.2816281318664551,0.2755031883716583,0.24658113718032837,0.38513824343681335,0.2535330653190613,0.5153696537017822,0.34255534410476685,0.41878291964530945,0.25522664189338684,0.4278140664100647,0.3165016174316406,0.39922863245010376,0.3026486933231354,0.454414039850235,0.319067120552063,0.2898375391960144,0.23444218933582306,0.2516134977340698,0.19896981120109558,0.039649900048971176,0.013204081915318966,2478.4917504418745,966.629159758841,3337.3053307707246,688.000107255464,0.05174714697098976,0.03503815984641619,71.77734375
what_a_wonderful_world,118,139,21,none,smile,3,-375.0351257324219,123.11243438720703,150.90391540527344,51.4879035949707,-0.6393855214118958,25.968809127807617,16.636146545410156,13.307326316833496,-18.414762496948242,14.014544486999512,11.89225959777832,15.223544120788574,-18.531936645507812,13.965009689331055,0.052693143486976624,9.800985336303711,-2.8360559940338135,8.819862365722656,0.9225630760192871,8.566424369812012,2.0572612285614014,9.292553901672363,-1.0026105642318726,9.199795722961426,-5.376918792724609,8.68095874786377,-0.22088676691055298,2.3580448627471924,-0.08871843665838242,1.8289426565170288,-0.0028032332193106413,1.1882799863815308,-0.006683974992483854,1.012901782989502,0.001228451612405479,1.0762503147125244,-0.009459123015403748,1.0614080429077148,0.011703051626682281,0.9788880944252014,-0.00019931793212890625,1.0640608072280884,0.008035781793296337,0.8725913763046265,0.005684305913746357,0.8776247501373291,0.003672897582873702,0.8910841345787048,0.004615921061486006,0.9271776676177979,-0.001522902981378138,0.8560481071472168,0.0026694638654589653,0.9975164532661438,-0.002935782540589571,0.9075748324394226,-0.00015542696928605437,0.6138038635253906,-0.0028184433467686176,0.5716772079467773,0.002988383173942566,0.5770436525344849,-0.0029540813993662596,0.6317096948623657,0.0040671792812645435,0.5909681916236877,-0.0032002918887883425,0.6177067160606384,0.0013616872020065784,0.5427643060684204,-0.0025118738412857056,0.5324617624282837,0.0008860681555233896,0.5439052581787109,-0.00017087507876567543,0.5327767729759216,0.0016456865705549717,0.5173808932304382,0.28137701749801636,0.31754305958747864,0.15579159557819366,0.1782110184431076,0.10840284079313278,0.19344650208950043,0.10998260229825974,0.1753275841474533,0.21073158085346222,0.28330957889556885,0.2399454563856125,0.32234418392181396,0.15778204798698425,0.2263791263103485,0.17250727117061615,0.2698093354701996,0.23590731620788574,0.18141628801822662,0.6126555800437927,0.39633503556251526,0.3453369438648224,0.2758055329322815,0.19134868681430817,0.1969122439622879,0.02945758029818535,0.016842328011989594,2202.278748423313,1288.6243910303317,3076.7919213673417,1361.4003195663554,0.04320087928413488,0.022099261290851244,191.40625
